903 278 406 52 432 357 404 89 899 11 140 95 364 175 600 1261 12 103 98 24 49
241 497 582 751 251 1 420 139 144 380 578 43 491 157 60 736 360 51 404 104 243 40 289 466 346 863
262 1 144 395 903 117 255 1042 280 60 1117 1120 680 157 376 1200 1273 115 274 95 814 824 909 815 881 325 1292 1377 72 691 719 751 810 491 671 175 863 1341 1000 466 997 1184 245 578 1512 1392 652 1078 252 4 713 1343 1305 171 130 511 594 48 1607 0 1231 1637 1560 860 955
193 78 292 660 363 216 240 433 297 355 189 5 179 882 53 209 289 125 471 351 170 225 508 49 571 217 60 808 405 200 81 321 269 574 118 818 491 177 38 199 130 360 239 92 492 221 88 567 503 175 24 288 139 465 479 359 231 578 985 273 102 256 512 501 317 30 108
17 17 71 114 127 138 52 196 79 291 161 94 503 172 359 262 557 254 250 697 186 725 47 29 586 77 231 550 251 753 787 345 238 349 219 53 267 230 946 567 746 131 476 802 354 1016 221 166 540 216 982 296 100 473 561 587 3 538 669 111 105 908 743 24 315 618 179 479 1100 1188 628 211 142 140 284 873 599 453 460 406 424 64 80 361 657 390 244 120 456 400 8 288 289 108 469 1277 433 31 297 112 235 151 360 62 435 65 758 317 1049 154 506 12 900 693 22 253 86 209 212 583 480 189 363 137 347 339 32 309 396 66 125 465 201 694 438 730 906 468 571 272 239 26 181 423 748 49 1245 537 110 401 82 864 88 893 414 862 273 118 1028 185 778 34 1151 1445 240 76 25 91 84 920 938 57 498 783 403 136 191 464 646 676 633 365 357 502 866 474 356 767 1241 23 471 443 9 826 408 366 389 954 556 835 813 1009 432 973 979 895 260 488 293 256 431 375 901 1027 192 547 329 529 458 68 294 409 46 526 174 101 573 405 632 374 50 93 95 888 695 194 5 709 33 225 1112 135 705 655 740 14 1077 1583 1526 580 217 611 647 629 852 426 592 220 56 528 61 549 321 7 342 492 313 16 660 226 320 145 81 714 54 156 247 367 6 307 99 552 834 58 817 1003 622 323 436 182 794 623 200 193 319 874 936 368 275 362 496 764 417 923 96 232
852 274 289 1027 251 95 420 40 139 51 360 60 731 144 331 1225 117 568 175 339 668
824 280 95 269 117 1 331 115 863 719 289 652 60 681 48 261 751 570 116 175 223 960 43 4
372 469 520 783 801 532 154 808 476 462 652 211 172 750 748 60 75 361 256 1 349 602 504 36 162 311 728 559 29
13 13 247 423 320 657 17 240 456 573 390 923 118 102 315 260 61 177 7 1019 250 232 345 166 513 179 447 307 113 311 556 86 82 241 329 357 1016 469 668 203 317 361 10 342 54 356 264 438 135 359 561 695 261 616 503 409 273 652 33 492 189 347 877 525 656 88 644 852 161 94 363 216 571 112 599 201 43 622 707 191 694 716 52 174 96 660 404 47 1180 57 480 549 817 221 366 108 68 20 528 181 325 614 154 29 159 801 555 586 8 587 474 196 107 496 12 303 431 816 156 293 947 31 725 24 101 1 367 403 321 100 612 629 471
138 211 34 411 435 462 482 549 161 181 812 337 556 174 103 834 931 321 47 1019 136 57 1024 723 498 433 345 835 283 875 1118 205 1136 221 514 1162 1179 1134 86 726 347 110 88 1217 480 1008 208 135 580 244 91 758 281 540 150 628 601 31 740 412 551 813 209 231 46 527 874 200 196 1014 1049 256 573 431 9 1092 137 101 33 590 1037 220 734 895 866 401 418 622 721 707 799 374 254 363 385 105 99 375 607 329 877 821 472 52 1227 76 338 465 529 317 474 945 615 456 330 23 315 238 552 749 657 518 424 541 555 260 408 82 148 179 26 403 354 102 198 66 247 96 852 142 191 182 567 53 320 203 407 240 421 6 428 92 193 166 425 377 7 77 423 984 307 12 143 114 49 768 367 156 526 217 8 309 1016 253 357 693 746 473 24 22 272 1214 538 500 25 293 93 458 65 229 56 1090 396 669 216 100 70
573 652 483 45 1534 173 360 28 403 432 873 568 502 133 12 289 404 1034 49 222 406
4 4 98 51 60 157 252 652 985 144 175 261 265 95 289 668 184 719 187 325 731
856 357 332 347 326 189 240 60 244 32 367 676 564 136 5 359 195 235 62 166 52 474 452 906 537 239 186 408 479 635 403 695 229 373 125 288 83 275 858 613 1039 36 44 63 580 464 660 256 506 241 956 140 536 492 352 555 218 78 798 354 216 364 330 156 182 278 321 299 49 523 516 70 971 269 161 356 56 1020 423 173 314 113 57 982 888 102 697 329 1036 230 188 818 307 574 99 101 320 58 647 431 531 405 237 855 342 302 201 306 12 10 571 814 112 209 480 165 317 305 169 294 118 217 979 31 91 977 142 274 174 53 25 41 1028 816 100 361 1090 942 905 109 476 622 231 121 191 350 157 273 103 370 311 629 50 529 6 179 499 664 175 445 297 145 96 110 725 467
20 20 90 98 77 12 332 92 712 567 719 316 677 79 958 491 88 117 1014 797 228 862 801 89 32 181 790 85 9 62 445 21 25 130 121 22 547 531 1186 297 317 938 83 165 114 8 17 364 93 198 452 101 613 305 855 275 1163 555 270 356 368 693 246 201 140 259 706 583 582 158 139 538 49 511 13 392 516 302 416 647 1403 642 536 51 159 473 204 278 357 222 95 794 486 102 523 507 890 365 48 216 891 695 679 408 1281 652 229 86 758 367 514 268 1294 404 94 1036 306 1246 1138 100 959 347 415 1091 97 1433 177 751 136 1182 704 87 350 148 267 554 52 502 28 289 475 217 423 339 552 403 231 60 1034 585 247 471 34 153 781 355 209 1015 261 1076 873 239 458 864 872 630 325 53 931 161 487 1166 454 431 534 157 269 120 45 144 10 1369
64 68 418 96 465 443 501 89 623 432 534 1114 1201 471 595 669 16 189 1199 289 139 538 622 222 321 333 431 53 111 191 440 34 39 693 670 782 148 133 209 24 57 1284 244 1497 460 259 108 498 1076 540 227 200 500 9 366 1063 587 408 257 103 178 530 86 552 665 254 580 83 600 512 740 188 318 315 226 77 64 281 172 389 380 30
850 928 1 608 117 175 860 376 268 420 404 144 950 269 98 157 652 339 274 925 187 60 585 48 43 116 95 1421 484 1023 289 960 40 213 72 851 751 594 51 1002 104 280
192 353 608 305 177 261 703 737 269 209 361 404 863 73 115 1010 87 359 241 851 10 719 397 771 112 950 301 339 769 494 1152 571 436 275 319 95 333 518 48 1159 289 184 51 814 881 203 1352 214 116 669 255 148 1354 935 1315 585 223 32 1013 4 268 1126 280 40 538 139 380 665 497 254 506 1192 395 511 157 969 1189 982 1023 350 1407 60 1 98 431 59 337 648 1165 512 331 1166 175 229 125 1500 661 595 609 914 144 274 58 52 418 128 1120 715 243 360 1098 130 357 965 104 751 325 294 36 252 382 420 30 1621 652 215 1194 153 216 1281 453 446 818 860 1182 873 72 960 189 340 89 921 807 491
866 856 95 1144 747 610 360 473 9 89 498 1284 739 92 693 887 404 333 133 492 977 767 669 568 289 407 64 0 420 251 299 942 423 188 665 509 460 580 377 59 567 355 519 346
213 144 177 514 642 360 491 153 404 336 10 43 222 60 77 851 1077 534 95 86 173 656
886 380 251 751 175 360 695 371 254 873 273 133 331 665 346 4 240 261 807 356 643 49 552 719 59 189 888 108 148 512 496 83 1 89 289
239 486 141 261 98 11 652 88 6 99 16 307 52 332 950 133 49 993 204 530 253 153 480 735 157 169 1013 773 518 523 1159 834 621 331 1211 40 757 1318 629 733 567 900 306 1371 181 269 399 100 337 290 189 574 116 837 1155 536 898 994 860 858 503 948 242 425 235 1032 56 534 1482 274 484 407 1334 1113 479 55 966 719 1553 607 695 1023 8 330 260 29 669 175 354 840 118 0 911 198 225 80 795
582 132 287 410 254 92 51 407 247 289 216 89 1104 33 549 733 181 1442 632 108 226 363 329 9 592 170 665 138 49 337 189 264 485 161 528 652 8 240 599 196 377 586 347 795 366 242 179 431 342 649 508 86 53 156 512 432 380 942 445 633 166 276 239 1180 367 622 423 356 1178 291 77 794 591 362 521 36 600 538 47 34 1001 389 1056 64 561
502 269 144 157 43 535 289 274 731 751 297 252 691 1023 719 95 814 280 288 175 491 104 459 462 117
318 349 476 809 646 182 76 406 65 8 504 160 1092 31 228 469 351 577 596 490 87 157 1013 231 431 652 60 48 554 269 209 52 720 320 181 1039 298 458 211 889 382 1077 971 247 416 1116 268 1104 1182 434 408 25 75 267 523 445 196 22 860 446 26 6 189 467 527 801 79 101 190 356 840 676 153 389 427 297 10 124 229 536 895 614 141 415 116 893 1004 278 51 381 280 336 388 98 207 423 849 77 861 54 350 647 24 136 746 253 911 29 881 555 347 629 131 302 510 628 161 403 172 370 364 862 95 474 102 144 216 543 1018 12 719 168 23 156 552 800 112 556 502 864 43 783 413 18 465 140 769 354 104 872 177 594 953 742 120 175 758 274 832 201 656 321 443 226 452 114 353 695 685 97 1070 217 239 357 531 464 564 938 117 265 197 1 368 565
491 29 769 1446 253 651 476 7 864 426 0 764 683 468 814 386 350 242 660 17 92 874 317 157 114 49 231 409 833 926 503 433 474 796 547 363 1353 973 172 480 216 309 18 182 456 79 232 338 938 367 431 555 156 10 101 87 139 994 217 273 607 153 1019 526 438 175 375 432 305 413 1112 742 233 368 543 189 332 84 834 486 831 586 829 76 377 31 180 215 462 757 82 158 514 55 86 743 1044 799 425 168 54 1309 354 1070 698 136 257 916 1107 359 221 392 336 207 307 1110 321 612 147 310 328 60 198 629 62 618 26 1006 549 361 383 1069 256 141 613 12 23 1228 73 544 1023 773 417 308 510 471 1267 34 201 278 282 291 443 247 229 1113 331 423 316 142 150 102 355 152 36 369 57 303 1307 685 179 837 96 822 504 877 24 52 301 288 966 298 112 320 817 1176 528 8 236 531 297 878 193 50 717 718 852 47 778 296 77 347 548 447 628 209 693 163 801 277 408 146 559 972 14 226 493 1482 95 704 527 437 218 832 311 861 166 103 1049 479 272 113 293 208 83 444 70 919 777 65 1237 768 192 477 249 529 604 557 399 858 435 820 424 981 1109 619 978 351 161 22 458 1240 525 734 971 633 1544 382 145 401 556 652 758 6 357 403 373 356 887 614
832 52 213 860 120 86 117 1103 98 944 95 376 157 144 51 289 668 116 881 60 104 175 719 274 357 814
66 72 95 104 115 851 48 420 353 719 950 1 252 620 60 594 4 890 960 511 139 652 881 289
802 568 323 324 16 251 228 159 590 311 355 219 657 12 781 102 513 734 778 532 710 1128 746 154 367 1108 217 113 604 73 256 872 1006 329 249 166 413 465 607 13 1191 452 577 148 38 297 288 36 1023 456 623 88 1014 57 529 669 17 693 531 877 1056 105 436 273 1138 33 1206 92 368 252 158 385 817 101 9 796 262 757 103 209 1237 75 548 480 339 534 571 26 1104 1016 86 678 140 161 114 942 514 399 25 232 431 315 56 190 832 443 491 555 364 287 1100 471 194 337 608 735 732 93 1210 60 363 494 112 201 163 24 175 510 544 1267 197 173 750 11 713 290 357 84 23 179 295 150 142 76 276 144 482 445 861 216 726 118 572 181 1017 858 677 352 338 390 183 408 613 528 314 587 247 106 852 8 437 432 460 195 1573 4 274 900 1258 47 168 654 257 389 758 479 882 269 27 649 401 947 656 971 141 1257 588 1132 31 46 371 543 284 433 517 703 53 502 208 83 49 203 189 29 122 540 472 82 435 50 1049 54 157 829 1107 254 278 218 277 240 973 231 85 135 215 424 526 293 146 285 523 205 136 95 492 226 182 316 378 742 685 156 52 354 309 403 374 567 1149 530 1058 22 982 111 229 488 370 347 51 1123 321 221 361 444
865 465 53 78 94 342 118 156 1180 200 102 101 157 350 581 1464 91 446 112 347 229 208 818 182 31 305 140 360 538 166 357 355 52 695 367 288 960 371 690 256 307 629 408 311 660 354 239 431 433 502 144 1453 5 216 99 247 297 289 100 506 864 174 418 3 822 1401 517 36 471 754 209 141 12 24 356 191 254 10 652 702 317 274 22 767 260 351 98 571 235 57 273 217 72 95 161 175
299 719 85 268 1 804 851 280 751 104 491 139 380 115 890 339 261 48 4 1002 594 404 1023 353
34 17 86 305 136 934 600 175 371 189 141 332 153 407 233 148 24 1082 1310 534 427 452 1194 139 242 173 177 1067 357 707 49 1104 1182 360 491 140 97 719 289 751 267 58 278 467 23 695 83 770 181 87 157 355
765 277 549 589 239 285 557 76 529 1127 142 927 317 499 216 29 55 699 479 329 254 330 527 288 211 437 1546 473 139 1092 942 832 1055 199 182 49 133 247 337 433 460 586 338 333 82 147 311 152 528 1239 554 739 1074 814 92 157 492 146 910 235 24 595 431 210 66 883 215 432 256 347 297 1034 717 355 794 702 373 169 1149 6 403 88 361 1059 299 354 503 93 50 649 31 193 504 1110 992 166 359 52 161 102 158 63 574 607 240 367 580 856 217 60 778 734 198 1026 1354 534 209 468 1230 357 425 289 181 950 180 822 983 200 1353 252 236 262 366 229 94 375 201 38 1014 522 1237 497 101 221 116 113 356 459 413 14 226 53 295 208 613 769 423 261 189 1379 881 65
358 141 12 16 64 89 822 577 610 633 329 91 289 276 293 256 320 83 133 361 431 297 1054 33 751 654 801 138 506 49 599 435 492 365 29 333 581 273 351 1104 541 622 496 321 310 291 750 222 574 778 355 580 280 1357 108 1127 856 258 923 330 501 527 371 137 160 71 482 17 491 216 693 94 349 567 247 77 157 31 660 262 518 1063 9 488 185 449 156 690 384 447 367 143 8 211 695 638 364 931 238 399 182 311 423 166 307 471 34 154 600 512 36 568 337 179 526 403 758 657 357 438 1106 226
694 175 49 24 251 344 497 893 771 800 39 855 274 245 1190 181 905 157 1022 652 125 331 695 1225 1036 104 568 516 29 269 722 103 1219 858 512 1027 198 28 613 1175 595 631 139 350 770 1544 305 23 153 432 443 278 765 52 158 12 94 133 671 403 342 464 416 452 136 1264 83 1389 501 851 1039 1013 676 196 523 751 254 189 31 106 141 51 665 381 1055 691 572 89 561 668 906 600 365 165 148 176 357 1076 502 68 60 565 188 873 694 97 393 932 40 781 149 30 1031 1012 361 700 530 340 209 120 578 995 289 1259 280 25 960 461 689 59 1069 26 491 483 1608 292 179 140 977 95 190 144 355 921 98 204 298 233 423 675
227 166 619 60 331 157 40 135 191 52 629 48 529 948 68 311 12 960 814 277 200 98 101 189 359 351 860 654 50 179 623
934 140 113 319 57 1002 66 485 144 795 887 184 715 719 491 538 40 32 864 816 546 948 125 161 995 166 965 1042 108 243 99 26 357 1090 335 320 240 196 51 256 1460 325 157 29 754 488 241 436 268 309 630 101 130 264 480 156 238 6 511 115 98 1179 230 890 347 78 118 652 244 647 622 186 873 866 274 200 273 584 91 339
144 220 316 379 217 556 89 29 504 86 50 433 356 498 104 211 87 862 289 235 166 59 179 986 154 404 408 652 822 623 647 438 311 28 78 34 9 297 318 864 58 274 320 355 852 31 216 740 305 357 156 409 118 288 394 329 181 665 209 1243 141 56 10 726 321 162 238 84 491 804 112 117 93 130 175 57 340 613 247 672 364 26 444 1006 256 146 120 501 273 427 44 11 860 622 148 731 423 23 12 337 191 527 513 269 324 242 36 6 612 389 1 258 88 108 77 157 140 153 250 600 693 432 229 63 399 567 139 60 24 5 254 808 382 361 47 103 101 158 198 474 668 184 839 135 767 669 207 115 265 367 113 342 745 38 25 734 589 83 778 244 182 351 499 471 91 347 7 873 73 52 22 240 53 110 452 226 1049 657 95 577 96 775 125 261 49 257 488 1143 72 85 664 406 221
380 72 682 251 360 60 491 570 899 95 863 568 459 1002 815 289 1 331 139 731 274
504 102 68 635 207 98 236 337 293 288 1 175 491 442 492 693 214 371 290 47 24 229 942 104 57 200 247 668 594 180 11 366 955 488 115 226 20 155 734 390 856 347 323 573 557 121 240 10 191 276 118 136 629 133 472 618 315 198 1016 89 333 174 899 1114 423 391 746 203 586 185 182 556 471 1069 195 157 307 100 427 52 936 781 244 719 113 339 404 697 21 600 1116 657 351 622 354 114 669 528 82 1257 822 64 277 321 209 258 170 161 642 188 101 864 95 239 284 76 34 590 273 299 320 665 336 256 29 88 432 342 179 86 55 357 334 105 447 166 254 311 503 83 26 22 418 538 431 96 1054 156 135 93 130 367 408 33 405 361 281 1578 610 380 297 613 217 571 670 794 740 112 37 666 260 6 5 17 23 317 145 148 49 77 208 31 139 547 12 275 201 612 482 221 50 53 677 518 479
904 49 403 251 490 407 862 104 188 355 209 68 855 643 695 141 552 140 781 364 306 977 501 960 120 652 136 873 502 289 1027 676 77 413 595 600 28 487 400 406 180 512
471 56 510 200 103 801 160 357 647 695 445 554 317 121 170 99 319 324 405 849 435 82 1359 60 353 94 61 156 20 377 66 456 31 211 215 81 953 534 614 514 77 166 240 735 471 177 148 734 83 549 768 367 677 329 751 146 1158 682 203 191 250 652 53 285 431 64 8 12 267 201 875 583 209 24 809 260 1179 13 172 979 513 226 43 204 297 229 179 208 1049 600 112 221 528 239 102 365 587 185 309 468 371 633 181 65 372 247 479 68 356 22 38 794 873 49
839 95 360 620 1167 1116 339 484 899 1023 422 666 1257 391 511 335 502 269 104 930 40 115 627 960 1202 860 261 652 72 668
272 571 58 538 254 289 492 273 66 92 657 275 57 139 754 30 1107 491 1016 9 189 315 200 780 547 111
119 159 403 25 309 458 336 529 12 372 513 628 373 161 53 181 837 191 244 576 474 34 208 14 278 820 1004 101 557 156 56 201 126 663 24 864 182 212 31 231 363 23 61 307 26 492 438 52 102 556 207 3 978 1100 216 622 236 532 146 749 124 479 112 543 44 166 95 983 179 832 433 369 423 20 935 510 50 323 8 367 469 590 157 778 1016 86 1309 277 197 889 209 150 172 619 293 239 103 310 174 82 57 375 256 945 113 368 417 29 347 65 155 414 140 254 33 1251 143 229 321 83 313 180 464 144 607 834 561 1049 670 311 88 320 689 758 734 527 431 799 6 221 781 816 154 1113 232 253 504 76 22 698 217 114 247 408 366 340 652 547 296 196 77 518 777 178 267 357 612 456 817 142 274 443 329 153 165 900 32 528 194 151 1054 446 136 471 1077 291 175 764
264 471 596 745 26 790 695 424 438 854 857 720 502 778 774 894 738 1018 768 631 556 227 1034 1016 79 455 14 80 98 212 343 204 387 1157 139 247 15 1174 467 886 800 734 56 396 293 833 452 598 646 244 1210 555 177 372 1179 453 370 417 647 17 257 278 526 1118 211 75 1226 614 239 60 698 510 77 196 689 285 613 2 468 732 799 208 309 904 176 1143 675 459 1159 1365 209 594 376 544 363 1148 560 1109 43 674 310 435 434 33 83 30 1227 711 1049 365 348 228 283 532 1070 232 143 178 1106 528 656 797 57 433 937 552 124 633 226 229 1467 406 313 164 683 975 1021 935 456 494 703 97 318 408 11 1382 445 123 302 53 403 938 383 834 291 95 179 37 166 480 862 10 267 724 136 216 1112 87 190 103 746 1295 364 99 590 431 853 48 945 200 527 203 1054 86 308 644 193 205 416 25 68 479 709 464 748 423 549 813 371 514 100 1019 242 600 794 1104 1152 762 132 743 358 872 696 140 543 321 961 135 610 131 162 593 530 426 953 1540 24 336 576 389 22 412 534 924 1089 191 201 682 173 1214 51 442 297 1383 846 27
515 360 925 331 289 95 1023 731 1229 274 339 60 928 944 280 157 652 668 1103 719 793 144 117 51 420 585 1002 175 860 376 497
185 336 371 139 52 68 301 103 246 357 136 24 101 311 85 518 367 278 261 126 403 297 157 689 413 1023 60 971 87 364 104 433 198 31 56 732 656 862 216 700 112 140 195 719 12 644 774 86 10 153 11 492 768 516 249 175 510 77 161 274 109 614 22 25 321 347 57 370 340 209 351 102 674 267 6 229 100 373 415 355 350 382 823 150 269 881 647
858 1167 360 175 325 116 404 252 630 60 269 719 280 497 98 289 1 1023 184 157 881 261
560 665 1084 873 242 1069 597 133 648 59 1264 68 289 600 400 89 502 49 148 512 491
173 280 251 191 668 506 93 216 585 341 156 63 629 217 873 418 652 547 356 24 269 371 288 492 200 273 117 360 814 112 695 459 53 82 337 242 266 995 955 49 960 213 408 161 85 235 367 479 355 890 746 95 574 94 88 518 252 456 494 496 297 646 403 399 1023 623 357 221 499 139 229 311 735 113 862 201 118 338 569 321 239 720 60 420 657 51 307 157 330 166 1 501 751 209 401 497 52 102 352 274 256 104 175 189 101 43 347 22 31 351 734 329 359 247 250 595
282 700 241 594 1 118 238 137 91 723 251 108 873 156 751 139 38 288 867 570 568 98 585 699 936 863 269 980 914 221 243 380 982 466 640 384 730
350 735 694 1230 811 1120 100 240 574 952 92 887 780 538 290 200 767 139 567 189 1514 497 669 699 1127 389 67 1271 882 897 772 702 492 989 203 101 942 612 157 595 1453 96 1322 779
325 140 647 36 1007 12 1022 76 473 1031 534 9 49 1052 491 427 111 47 826 920 1123 623 389 305 500 574 5 549 360 690 628 256 695 1 247 646 840 172 455 355 316 347 314 378 1051 16 923 808 117 856 483 630 807 411 1271 551 113 1079 1045 901 166 108 209 253 221 58 512 801 51 751 356 302 191 550 1067 66 750 250 254 408 326 154 1192 290 860 518 276 121 364 678 282 367 652 586 315 139 719 100 772 822 321 380 461 423 587 1301 476 173 862 118 568 458 180 769 45 67 584 333 83 101 87 269 567 948 184 635 557 546 258 669 484 816 1292 474 4 28 365 280 26 169 217 842 511 11 274 431 471 357 1014 204 649 401 693 552 273 207 660 289 374 397 618 633 284 57 611 441 681 136 1137 146 85 346 294 969 303 519 432 189 174 595 208 103 6 134 181 91 110 288 1523 497 31 60 130 98 77 487 744 390 361 721 325 1084 940 884 297 700 182 200 1098 718 243 241 311 702 562 56 156 260 734 1145 1056 498 362 479 1461 526 729 59 950 52 1026 405 299 665 852 268 400 934 1473 873 242 506 94 407 502 10 794 529 475 73 1138 277 604 177 150 161 231 1406 329 404 1069 682 600 713 216 965 415 338 88 199 1126 1120 492 1054 449 888 53 556 157 770 588 443 1155 89 890 307 767 124 371 762 176 14 104 501 30 148 93 482 32 445 385 309 1163 532 359 914 469 99 96 229 657 1196 403 1316 824 829 421 543 211 707 135 676 82 195 133 790 188 40 81 456 125 973 480 337
688 593 201 67 693 428 357 367 767 26 186 347 145 110 261 537 36 488 104 89 1047 177 238 482 882 34 474 541 518 12 1020 896 725 176 406 254 221 951 925 225 22 326 600 1177 7 479 95 496 538 84 157 694 275 433 105 161 311 78 21 699 102 247 321 57 884 264 66 750 649 281 288 546 86 56 24 687 10 345 485 49 52 502 276 125 354 174 179 235 652 702 867 449 914 622 256 217 188 189 1046 920 471 112 359 118 240 408 342 592 584 100 294 114 182 62 91 195 135 965 101 403 220 899 291 99 550 58 9 260
728 317 629 226 53 200 103 725 571 256 275 102 185 1281 288 6 408 189 347 254 26 758 820 816 136 240 112 216 96 161 191 99 573 153 734 156 936 462 528 10 221 590 307 261 504 309 474 36 114 101 538 22 82 179 93 544 746 818 145 525 76 217 195 456 33 5 329 52 405 264 797 311 158 292 239 506 57 1020 336 635 32 657 146 814 180 113 488 147 599 277 253 236 492 321 366 12 181 182 337 201 367 900 452 706 150 23 444 218 368 350 719 357 157 272 471 403 47 269 529 140 491 166 231 273 165 24 443 342 198 754 49 88 503 252 29 437 320 31 87 79 431 413 305 63 159 209 247 458 118
653 890 43 117 115 184 289 630 570 214 243 4 491 51 130 85 404 960 860 1120 255 1 681 652 751
594 98 388 652 1106 0 899 1084 153 427 68 443 1114 357 116 1346 446 614 181 600 305 189 274 144 83 613 24 23 860 52 103 187 530 87 360 95 89 364 815 1036 289 175
247 432 242 103 502 24 77 117 552 400 140 371 148 289 95 144 120 63 387 209 49 83 355 668 862 595 491 695 12
727 427 95 209 140 1076 452 10 89 157 336 357 409 339 267 120 77 12 181 302 502 862 340 86 23 935 259 242 675 52 51 861 652 24 695 60 175 144 68 204 403 525 98 364 644 189 49 904
56 58 101 229 436 505 502 98 112 9 695 939 256 497 188 100 311 611 49 750 1090 471 418 660 618 136 873 103 635 252 350 63 11 125 758 355 538 241 862 702 60 483 23 496 321 83 156 693 216 57 512 29 690 12 652 34 22 819 745 488 367 6 623 180 552 189 238 118 482 59 195 221 209 613 305 390 661 561 694 351 965 153 93 571 181 175 31 754 454 876 116 24 299 808 437 275 687 170 537 102 315 147 239 73 357 273 140 721 21 371 36 277 52 647 135 531 109 182 32 608 506 71 174 601 382
229 420 522 357 909 969 707 681 151 432 178 243 671 104 10 630 325 404 719 327 585 153 1069 28 647 83 157 446 0 600 695 24 346 133 487 298 427 95 511 691 380 86 141 188 807 491 177 406 17 77 652 49 189 512 360 40 130 348 60 289 89 1 1416
369 197 820 226 179 389 164 473 783 765 203 360 1068 17 53 244 709 254 103 785 130 865 540 570 47 218 607 556 273 526 242 705 861 492 895 513 577 25 973 196 752 12 504 7 678 453 406 8 1105 128 1 40 60 657 695 291 79 404 703 33 445 14 656 288 219 1048 877 435 188 474 948 340 350 308 220 431 600 50 393 135 318 34 490 157 748 667 544 170 251 49 1330 41 502 403 559 120 1191 289 357 1120 458 46 136 733 297 521 437 98 479 161 900 714 285 27 257 146 446 205 101 447 1425 670 142 529 311 178 112 57 860 758 302 140 547 1008 296 181 400 565 1034 586 573 801 623 740 494 209 347 114 366 208 232 99 68 646 73 16 629 229 345 682 316 994 127 356 28 315 735 338 82 440 375 113 83 512 221 22 106 879 498 312 10 495 1387 131 506 387 18 470 472 480 52 455 816 913 628 568 931 173 852 438 599 977 1007 652 456 408 764 253 110 423 56 100 434 37 606 659 471 358 364 151 204 141 754 132 29 525 95 1347 647 593 165 1063 153 571 1540 117 516 323 125 75 9 527 734 1277 363 77 552 155 267 200 156 694 147 952 26 853 278 159 864 655 567 706 336 460 550 468 176 528 365 227 118 615 590 669 201 491 307 190 677 276 574 211 1019 24 1185 390 1467 424 690 212 89 177 20 587 272 411 961 622 172 432 321 111 476 817 884 133 1263 449 377 13 557 217 971 92 1076 23 250 524 610 31 102 256 337 469 399 1054 420 333 381 693 144 32 1179 443 834 166 309 216 150 746 781 239 1309 846 6 719 487 421 1290 154 368 191 604 433 514 417 282 231 247 889 465 1171 3 1180 119 320 649 543 314 86 194 1016 329 293 777 313
327 175 572 120 278 153 696 755 600 48 189 157 652 484 502 104 51 223 60 177 861 268 73 1167 89 95 814 245 371 144 570 872 133 357 360 647 427 339 355 24 98 695 608 656 420 274 404 43 1076 960 305 72 512 614 751 552 289 511 206 376 141 139 242 762 251 364 267
455 677 22 105 254 200 16 753 185 568 99 101 170 970 599 251 597 204 267 925 748 503 357 280 57 416 432 93 586 4 297 364 1403 60 1180 406 9 647 29 1206 356 427 111 104 682 77 1063 502 888 1155 389 550 240 379 500 571 735 38 32 180 457 340 189 40 781 276 487 66 873 284 258 676 277 136 730 117 1331 133 767 348 31 629 404 669 360 403 492 256 812 505 387 115 789 433 56 490 62 1120 112 97 979 278 96 260 177 535 5 506 140 390 289 141 496 94 108 25 452 52 102 512 876 236 400 59 482 266 600 305 153 460 471 359 498 440 36 501 329 86 322 687 1126 1016 247 982 365 241 24 664 1 302 479 541 1009 315 216 657 341 355 418 148 275 156 85 106 695 665 89 34 320 480 473 333 816 58 1558 565 693 239 191 174 209 622 49 306
188 148 679 842 157 574 695 360 346 103 104 357 71 60 595 77 49 333 665 299 429 1316 610 404 1022 1123 136 497 1417 491 643 423 117 642 52 235 501 669 355 638 722 377 466 719 289 89 330 403 379 733 662 169 133 9 512 483 45 1084
191 351 547 160 125 221 529 982 389 241 1107 239 49 856 5 321 186 174 24 622 750 1191 357 94 1401 102 156 235 311 361 359 101 734 209 34 112 200 52 166 329 482 31 1005 356 21 216 217 189 693 22 256 6 113 108 53 29 57
932 372 491 586 191 289 365 148 745 571 108 49 535 221 17 315 254 178 83 179 77
873 92 864 77 960 610 269 58 17 289 330 574 294 134 166 89 366 652 293 156 175 476 693 1167 856 491 758 399 913 311 423 669 506 157 273 83 377 751 580 280 98 733 690 931 973 60 718 33 150 1083 182 104 860 216 895 749 321 46 179 438 31 473 509 526 333 72 1 12 133 169 374 435 355 8 887 361 400 802 264 9 380 1478
421 556 239 9 830 905 538 862 942 87 1016 654 374 276 537 396 1028 354 320 987 192 1007 646 200 418 66 198 273 1143 1253 400 1243 57 220 251 794 141 1185 22 687 158 540 61 979 267 286 189 196 64 844 76 1413 96 900 1276 590 647 1095 221 38 604 11 494 143 201 32 613 384 216 444 260 314 226 704 856 217 464 1312 294 155 1072 368 82 920 238 122 68 44 298 167 112 874 178 483 973 137 84 342 160 873 638 110 71 166 864 157 20 148 373 162 150 438 204 534 365 333 361 297 287 337 116 492 572 601 623 649 394 172 80 981 793 159 710 399 405 698 367 103 92 352 326 230 913 693 25 614 170 456 27 100 745 233 740 783 329 345 683 777 307 470 88 591 371 73 366 296 443 211 600 56 17 358 54 1018 390 242 6 895 93 923 317 140 404 692 305 16 532 468 695 264 191 1371 89 676 707 822 256 26 529 147 23 355 241 408 568 852 302 948 153 476 682 102 612 504 315 364 1336 527 861 121 24 114 208 231 94 657 733 587 77 473 544 347 136 179 968 85 52 151 778 99 720 47 382 1138 528 50 1269 106 694 218 156 135 185 65 227 411 1149 423 971 496 690 291 142 887 723 622 60 401 138 357 482 209 36 78 254 499 820 645 751 801 101 161 1159 773 431 547 283 258 131 796 597 28 174 506 472 303 746 947 195 656 33 471 479 781 549 886 389 1105 108 437 914 480 203 10 113 875 53 827 753 334 29 618 462 86 1303 735 475 83 817 340 452 253 526 247 377 49 669 109 583 767 311 677 758 453 182 732 1023 974 104 154 885 664 1282 573 1164 284 743 181 514 146 406 936 730 734 97 321 403 1054 738 91 427 571 551 240 965 31 225 580 207 474 797 46 435 629 426 1084 145 938 652 520 229 37 328 754 309 1003 299 550 469 748 34 351 1263 670 356 125 531 501 644 338 12 493 434 210 275
862 309 180 527 401 357 141 367 587 96 1217 476 646 253 79 1347 423 62 229 853 316 260 61 335 408 1019 1024 432 607 303 12 321 36 861 244 117 873 1008 1166 31 95 272 654 311 209 375 338 783 100 239 1128 538 1070 174 695 212 216 143 173 122 166 92 773 480 547 29 456 816 147 590 468 162 148 373 329 469 336 305 24 211 337 356 433 347 794 864 99 22 363 529 297 726 135 232 185 820 76 49 862 138 349 1237 534 120 121 87 543 52 254 146 834 109 170 938 615 561 50 93 1228 9 978 698 340 1445 612 677 296 179 14 190 111 289 201 282 936 549 1105 136 205 707 421 57 550 77 438 852 1016 502 86 604 89 531 203 399 53 557 75 417 102 1223 273 159 465 323 366 23 101 431 479 195 442 317 198 1003 26 748 25 935 154 647 973 709 801 591 981 705 746 629 471 506 220 231 473 416 556 444 665 191 600 307 498 215 280 291 226 740 553 758 82 895 623 204 200 277 5 345 189 447 142 34 274 405 150 84 1073 65 157 181 437 528 390 460 443 573 613 172 972 60 113 278 765 83 781 7 112 320 68 10 472 56 140 161 8 182 310 572 252 817 240 293 165 664 333 27 156 1113 837 886 44 1268 1006 1185 474 403 247 256 236 33 389 364 552 741 221 565 482 98 47 6 1048 160 368 1021 544 103 97
180 311 135 102 201 304 70 618 273 140 733 280 561 320 130 9 335 888 256 274 108 21 156 231 191 98 74 347 117 189 1227 700 200 95 260 56 552 725 26 22 244 145 221 480 307 62 50 239 540 905 57 491 174 6 105 436 77 828 303 112 754 367 317 408 99 652 49 1115 630 101 179 72 547 524 390 12 91 247 1097 305 268 325 657 318 269 936 78 366 58 100 538 914 34 919 154 357 433 571 694 24 31 601 220 157 240 7 230 814 275 471 264 118 241 144 53 1020 94 864 51 622 29 283 52 218
531 24 289 982 58 109 129 71 906 199 475 264 512 389 356 52 462 262 896 508 579 616 965 101 361 506 423 242 148 479 882 1016 125 923 408 600 734 1156 329 367 78 888 852 57 574 93 1322 47 36 161 85 326 320 1246 240 390 185 222 204 121 247 784 103 647 229 186 403 518 546 469 735 108 491 802 622 1127 501 665 931 347 725 657 856 319 174 733 321 220 473 216 638 169 221 595 470 660 431 309 31 513 315 1071 442 1143 1245 330 547 133 862 290 53 694 502 503 438 1539 418 496 383 406 703 32 34 377 317 300 936 77 500 670 39 942 156 913 538 567 568 239 244 693 454 112 908 587 99 687 318 284 623 230 235 767 337 225 569 599 66 1037 49 294 588 134 695 476 86 9 1107 449 6 89 120 81 586 1 157 276 690 611 22 404 307 359 342 828 241 593 571 646 273 138 63 100 139 492 38 1079 708 905 730 200 635 652 118 137 260 183 135 357 351 677 91 482 92 440 28 540 989 209 1014
579 862 437 577 462 131 142 506 151 61 359 994 101 971 525 471 201 311 82 181 307 758 695 698 746 76 231 347 382 456 629 99 351 557 526 113 504 364 22 1023 249 369 375 336 413 864 589 204 539 123 706 886 314 77 141 329 305 532 250 52 227 179 14 18 1237 229 168 1320 450 182 979 193 221 643 1009 66 3 200 136 1223 911 114 321 189 94 191 172 361 499 474 464 317 244 247 446 403 425 431 476 591 8 693 79 727 165 621 368 710 604 112 102 161 826 146 656 408 328 211 256 60 373 233 23 895 29 1004 338 528 145 357 861 406 743 150 6 720 219 1016 356 140 468 324 559 527 46 54 267 469 783 57 549 490 646 614 216 1086 65 156 354 12 494 1039 253 10 834 748 208
374 191 238 179 1164 230 366 583 197 389 168 293 154 730 1148 205 778 150 978 311 1016 474 78 31 118 295 424 357 406 95 561 1265 431 342 99 629 702 166 652 79 220 8 137 53 470 753 147 275 787 394 557 693 47 94 740 231 960 473 145 503 36 492 506 189 599 754 502 359 49 801 217 297 113 136 500 945 1313 498 512 296 812 534 201 466 315 271 504 254 156 142 513 764 367 657 1062 221 112 66 114 488 101 725 239 161 22 219 873 919 472 247 522 538 24 269 655 1100 33 1073 202 546 148 314 329 317 240 61 592 1020 496 511 528 216 185 476 665 207 307 820 108 380 456 799 619 256 866 303 794 900 96 347 321 253 34 206 362 218 923 10 32 535 102 608 377 649 767 135 337 987 289 209 282 103 363 52 1338 361 622 581 56 29 320 550 276 62 288 5 273 6 82 155 842 875 449 471 479 111 964
10 10 91 92 106 203 362 297 87 208 437 356 9 1 574 479 60 100 83 612 157 808 613 358 844 598 205 154 47 947 142 471 740 118 151 913 97 316 781 518 102 714 657 872 389 217 1056 221 95 153 344 1143 380 49 134 477 256 321 313 1146 249 452 492 403 93 526 181 23 65 443 797 355 242 200 567 302 311 124 571 382 1108 991 1054 253 552 364 465 289 57 394 52 59 1237 98 644 150 233 108 166 299 76 960 182 367 614 133 540 733 399 337 794 502 305 317 445 474 141 354 350 216 763 400 46 197 423 431 570 357 67 24 977 314 529 323 472 329 101 531 128 194 600 12 469 693 112 31 934 629 82 210 320 285 707 856 527 53 501 201 16 895 296 174 136 240 275 669 573 509 444 667 888 278 604 293 1176 722 610 22 117 318 189 432 1008 643 405 309 347 5 822 191 231 587 1616 1206 269 812 199 196 482 158 138 538 260 8 161 435 247 77 338 690 817 408 549 551 25 160 415 460 665 1009 209 89 140 590 512 695 254 754 68 244 103 1034 239
199 376 608 243 960 130 719 206 582 104 491 157 139 60 43 117 289 1 807 274 824 255 175 0 744 40 1343 815 652 144 511
474 482 288 256 506 161 795 101 174 29 568 184 618 153 599 254 638 401 71 6 389 77 612 189 36 137 102 217 567 93 299 238 436 672 125 157 538 1285 239 10 780 130 95 49 297 154 357 657 273 1378 156 361 496 382 503 110 216 1 96 277 31
105 142 285 1 478 582 208 337 84 710 739 209 213 543 324 447 392 577 329 301 781 726 234 188 525 25 333 681 24 321 604 366 140 549 383 527 13 849 367 216 719 567 878 862 501 233 157 544 184 716 331 585 173 179 510 1232 103 473 796 56 575 370 146 665 707 977 1114 660 242 580 108 1303 299 57 709 83 26 861 205 433 252 477 161 1010 229 288 361 399 1264 415 81 247 114 995 1006 95 462 1258 423 607 4 749 520 457 49 858 139 492 61 954 211 529 1426 421 196 971 215 231 683 92 895 210 1064 328 438 432 877 1049 734 294 778 1169 102 479 1083 1198 357 309 1149 135 863 82 31 266 338 699 960 379 1023 497 232 167 1054 86 413 813 199 35 649 172 52 591 678 983 557 356 487 819 50 534 389 619 456 1338 548 98 63 93 1176 287 158 7 79 464 47 296 416 226 404 452 282 822 360 109 480 113 600 913 101 530 96 443 263 680 323 808 297 181 345 992 652 222 403 147 88 355
31 32 77 78 936 239 56 161 544 454 1312 117 408 1072 476 66 319 289 884 238 244 34 618 36 694 186 125 31
424 1042 719 404 40 491 214 608 1 325 157 1473 60 881 4 280 115 43 98 652 1292
717 1343 561 890 681 838 346 214 325 29 511 719 104 1078 117 744 184 66 175 1 1115 807 502 230 873 289 43 185 512 1473
778 737 305 1578 1172 51 343 578 382 265 891 1361 1204 995 1600 4 30 60 95 511 671 274 116 1328 73 731 1045 668 72 890 1402 1358 252 1098 1439 1608 1609 840 1027 223 1017 903 1182 860 1581 115 1551 921 1327 58 1612 1522 1405 325 1194 1170 759 928 1617 969 1293 815 144 902 1416 391 672 1618 139 459 157 1126 1058 289 1225 930 1082 1103 1559 153 85 1462 814 715 935 420 497 1504 214 745 1493 1318 1621 395 620 1629 666 1568 1346 376 187 944 1310 350 1634 87 1422 1013 554 1602 1243 770 1483 1216 642 1375 339 1415 661 184 206 1449 1280 1427 1000 1272 1480 594 1248 175 644 189 1229 585 522 1117 1 641 1414 1139 1576 1023 1379 1544 1500 360 609 1010 331 681 1654 1166 279 1325 960 1154 1167 268 848 1192 1285 484 261 1653 10 52 40 719 985 1479 652 1538 446 1613 1443 1463 630 1161 608 1219 950 280 404 751 104 1002 1452 1661 1519 251 11 1075 117 1189 1224 1663 263 1352 851 1257 839 959 1669 427 686 1084 881 519 245 1261 353 98 1435 700 925 177 357 1140 491 1302 810 706 1464 1296 130 1159 397 648 1570 48 269 1116 1121
538 292 678 105 200 195 207 242 389 417 6 99 445 191 216 646 226 720 383 471 823 359 355 30 329 60 820 92 217 656 568 254 183 390 4 492 247 125 193 556 93 801 1119 431 474 49 433 94 347 112 189 371 232 337 267 423 333 730 288 77 198 732 240 141 480 84 432 328 409 853 68 1048 96 109 393 66 544 8 307 510 953 479 229 320 366 576 309 325 403 561 285 161 1077 181 571 614 683 179 877 367 53 647 734 26 1206 528 52 297 363 468 184 251 57 547 24 33 50 205 622 427 234 460 778 239 400 408 382 170 357 549 321 55 34 607 100 413
463 205 229 32 484 157 367 458 704 676 504 415 890 516 1110 23 131 305 1070 84 65 52 194 1348 467 103 112 614 590 594 200 442 97 573 589 309 301 201 435 177 358 33 1295 218 232 656 774 118 698 338 685 799 355 375 553 60 963 320 768 233 126 142 1028 159 121 654 447 961 158 24 480 543 421 354 528 145 76 431 781 175 1042 609 140 165 53 424 861 47 328 272 207 381 193 883 530 1034 211 247 1049 544 283 323 29 433 983 549 368 887 261 1237 773 291 757 55 182 778 556 361 216 437 209 208 1004 110 106 27 933 706 1197 252 256 282 297 403 953 471 313 971 604 1113 219 352 191 3 269 719 14 820 20 413 796 336 345 1277 1257 978 1054 881 758 1132 886 426 155 510 557 615 239 307 468 321 231 507 147 347 100 144 161 7 1101 99 25 198 278 363 829 607 101 364 154 249 938 814 244 1023 70 613 456 37 11 288 156 542 771 465 50 136 226 82 80 474 167 12 552 10 371 122 663 738 350 274 834 518 146 1011 476 531 57 311 253 254 95 629 6 113 529 408 195 555 1036 293 114 523 197 1281 56 710 116 49 166 96 36 181 26 357 85 445 179 135 296 783 1383 973 102 877
682 55 717 211 86 347 193 328 695 591 834 101 31 247 557 239 271 303 34 826 143 561 156 33 207 778 758 316 550 363 151 297 414 362 895 435 354 364 166 678 623 77 29 504 467 367 18 342 3 801 99 389 197 710 403 25 196 633 622 1446 576 468 47 8 1004 1019 431 1320 293 614 502 423 556 947 413 95 329 96 179 216 817 273 307 1070 590 240 221 852 291 238 577 310 528 935 24 65 820 172 506 945 217 527 900 401 189 191 88 549 23 190 108 154 337 649 406 17
353 978 136 1133 1171 160 60 320 583 726 630 744 236 672 309 399 164 479 356 955 256 926 260 77 960 303 663 262 231 1099 147 182 204 121 612 80 424 531 1288 296 604 410 285 184 22 433 351 207 640 381 4 215 53 781 1121 104 534 437 547 237 291 6 421 87 25 338 353 483 75 373 97 503 326 317 1110 16 773 444 293 526 76 502 5 277 54 927 532 425 211 405 102 392 586 244 500 529 197 88 1036 1054 82 796 486 469 280 157 1083 1040 201 707 649 148 354 315 1428 154 318 939 476 12 839 735 155 771 895 364 229 208 156 629 427 140 333 423 549 1138 1407 166 51 390 209 892 881 394 14 36 449 369 153 684 269 403 33 113 172 32 492 84 79 150 698 523 116 111 818 573 57 146 660 81 274 477 41 305 981 794 38 24 878 1169 361 142 758 764 808 495 475 561 31 8 594 161 677 101 292 278 199 216 538 670 44 294 406 590 368 276 644 408 1000 180 465 112 977 742 357 26 253 778 321 247 191 622 885 347 96 1195 456 73 331 1049 600 11 543 359 647 181 685 63 458 98 834 29 1026 103 217 307 47 467 163 56 1175 337 1011 203 325 635 1016 528 556 973 623 349 557 311 266 297 580 613 261 371 505 681 577 1 158 10 114 1270 65 221 665 571 263 607 238 1068 189 324 619 389 669 462 86 471 474 109 55 404 1013 814 99 734 822 141 49 1022 719 328 435 367 329 52
78 94 559 462 741 354 458 504 76 95 253 79 311 172 476 926 182 401 249 123 154 36 361 137 42 256 331 355 400 156 939 297 157 748 6 386 321 31 60 216 29 474 814 162 251 497 399 506 168 43 746 197 710 543 758 75
893 677 82 1006 151 834 511 750 262 936 839 470 369 400 1076 170 801 1114 200 55 331 109 895 307 231 22 114 220 1062 12 141 31 886 62 783 27 861 254 278 25 938 97 168 218 253 113 1627 226 973 1009 866 57 314 100 244 299 86 920 210 59 1179 1023 288 36 58 503 223 101 356 338 851 320 1363 182 833 456 354 765 166 24 125 260 137 587 359 297 1373 504 65 635 53 703 585 118 435 367 495 68 423 26 329 269 252 315 44 23 217 531 1211 5 575 89 1 162 9 366 383 474 758 709 428 656 935 294 128 547 298 1598 388 740 219 235 81 399 239 1054 340 655 120 462 201 93 490 408 604 349 136 589 357 553 1408 864 769 389 623 946 43 242 403 1457 743 173 33 900 950 764 881 556 258 975 241 129 121 693 163 482 1122 471 843 18 1407 179 464 152 56 527 771 111 284 374 663 197 88 77 831 247 204 506 94 669 1260 591 227 29 207 229 276 250 305 453 629 238 79 1025 364 52 189 47 698 158 577 502 657 6 123 317 1223 249 406 164 334 321 1083 215 819 829 292 146 499 647 571 209 328 161 583 1021 140 440 112 264 99 528 221 628 723 375 172 796 98 971 694 54 452 183 1016 727 296 1128 573 431 613 877 256 208 293 17 444 3 1245 492 14 1164 1206 501 150 615 496 196 781 794 1667 1024 500 477 104 1003 654 142 465 61 676 390 614 741 425 437 323 746 417 46 814 896 147 78 16 719 1624 302 734 401 607 20 373 873 622 157 10 1069 49 342 60 275 156 529 191 436 652 117 174 926 73 186 66 368 830 1354 433 557 874 476 559 309 347 76 181 443 1228 438 697 261 311 102 538
548 326 538 356 561 408 304 1020 186 694 66 546 319 1097 31 104 99 275 6 217 110 103 454 5 145 920 699 105 867 480 725 9 125 673 36 83 101 211 1385 241 622 57 603 58 118 795 307 936 254 436 1156 389 329 541 49 230 989 482 283 94 982 977 216 273 221 226 142 384 89 78 1115 100 942 52 428 475 754 405 91 108 750 24 442 315 843 357 225 485 567 359 657 174 856 660 505 763 581 965 185 260 431
522 110 557 390 1023 261 175 57 32 511 125 528 660 231 357 329 34 101 52 561 795 185 241 433 153 293 347 361 326 367 506 216 198 172 321 191 1605 693 95 1237 864 66 157 302 247 62 1128 179 305 156 1189 567 274 267
561 1449 280 115 872 403 842 681 10 214 531 523 652 278 360 144 357 420 52 165 719 507 87 928 117 140 23 153 130 189 97 151 1 1034 157
41 41 61 224 234 237 271 341 130 463 506 81 50 577 93 590 244 3 711 460 63 191 465 292 483 82 563 156 273 806 470 518 719 136 140 420 48 386 334 860 381 927 168 967 355 147 94 629 127 542 876 0 47 64 290 78 789 306 1027 547 150 1030 347 40 567 31 38 573 1055 235 593 500 151 643 134 389 579 89 371 1120 482 240 1138 269 695 513 587 288 843 1185 541 169 183 247 694 444 423 512 497 751 208 280 6 299 370 160 1247 32 340 855 801 331 657 418 172 698 480 59 1056 154 597 724 359 90 900 413 379 351 1073 505 311 1144 979 1 617 333 477 595 357 217 499 216 502 608 589 360 278 1036 568 86 401 114 46 251 1086 1031 861 957 373 453 814 646 517 296 101 1123 309 142 858 462 431 49 121 623 728 527 394 317 622 1009 123 60 29 1071 588 199 1438 16 515 253 676 231 1334 261 158 732 1180 1094 229 329 1016 315 433 57 669 109 873 1486 286 501 457 25 326 26 204 377 254 808 472 864 403 571 180 284 647 844 1290 690 888 1008 146 138 474 1349 772 54 213 535 337 508 52 1266 437 108 174 318 1076 492 886 1245 734 992 115 166 161 293 12 23 883 189 758 200 211 307 141 504 157 594 735 243 1146 538 491 805 289 182 53 111 4 215 361 9 148 991 574 1164 203 250 781 314 965 1142 179 320 113 58 1143 354 710 97 239 1598 1105 256 678 325 730 1014 323 405 201 102 22 700 702 496 1134 262 1211 321 534 324 1023 881 740 260 390 139 342 164 227 1270 1066 1360 170 1047 356 475 777 80 188 1461 294 297 438 125 349 476 1323 36 665 913 586 408 1034 14 44 65 878 973 399 338 494 1456 797 24 741 406 552 1246 1357 242 942 249 580 238 209 520 557 112 68 493 45 471 1223 120 77
833 404 268 860 95 280 719 608 40 251 60 1098 491 668 652 289 85 144 944 98 1229 274 1116 206 995 376 360
783 644 189 355 534 637 289 427 502 357 95 52 24 1123 242 406 287 148 83 364 73 382 672 204 371 695 103 501 49 392 60 365 862 873
775 423 479 264 537 179 275 31 979 96 220 240 320 242 950 57 618 408 652 161 62 359 538 99 660 89 156 428 465 256 110 150 36 289 206 488 114 200 5 95 307 230 135 347 238 247 91 166 471 101 47 66 319 58 719 357
139 179 542 145 96 480 694 494 240 910 170 101 379 31 544 289 535 905 262 454 191 140 491 320 496 725 201 390 231 695 719 843 377 10 254 864 32 508 687 57 216 58 382 460 232 36 309 887 475 174 932 1002 294 730 337 133 283 53 657 623 273 389 529 247 501 89 56 34 212 50 29 506 26 1016 49 1028 91 297 433 200 427 374 888 137 166 359 357 538 186 94 220 403 828 217 189 622 367 423 561 754 697 40 465 299 118 571 239 502 244 302 47
375 311 273 753 100 145 1255 334 307 46 719 161 81 66 74 88 1056 296 1171 76 276 574 366 408 822 508 191 1155 479 571 23 657 239 649 784 361 99 52 118 24 5 174 612 7 458 315 652 602 767 256 828 864 456 260 866 498 70 1301 390 1245 349 309 471 567 26 437 509 476 318 617 405 751 67 169 622 380 367 57 289 338 496 543 831 261 303 356 1180 475 209 1108 92 284 517 888 987 362 115 325 503 297 923 550 330 49 6 299 135 587 157 418 400 852 856 502 34 960 874 247 803 154 240 669 403 973 31 285 801 12 198 125 197 96 629 783 421 472 182 58 244 329 482 103 130 302 91 357 320 217 78 342 113 156 492 53 949 29 275 9 108 677 200 1 101
364 433 1063 449 257 1212 831 88 147 369 86 405 1008 417 707 474 103 46 877 66 217 84 208 340 612 875 363 240 230 348 492 182 590 247 390 475 472 347 485 471 607 140 726 8 189 110 59 879 611 318 283 202 68 491 293 345 555 342 5 812 271 200 476 864 320 292 366 772 108 53 629 729 121 231 167 276 49 142 987 244 112 610 866 518 657 526 465 670 289 323 575 540 456 100 1254 170 1028 119 80 78 20 105 1092 6 936 82 351 205 57 431 50 56 236 239 687 291 932 114 47 96 521 303 22 307 385 434 778 254 92 71 428 309 321 195 758 368 102 718 443 528 1048 52 131 288 175 93 551 352 338 36 423 571 89 773 424 531 207 654 638 557 683 201 54 151 954 354 277 26 931 622 684 618 573 693 613 418 65 282 179 1049 373 99 371 480 408 238 339 1037 357 1165 544 297 479 567 396 34 161 1107 328 273 145 1056 226 118 504 33 191 1289 754 767 435 440 1294 221 801 856 120 74 329 98 552 166 76 146 1016 482 7 546 367 156 111 185 359 101
39 39 21 288 384 209 49 500 611 512 137 360 751 326 896 660 509 431 251 170 506 211 873 600 47 812 408 526 95 1047 239 913 795 113 623 629 1187 238 490 226 460 118 91 150 254 99 114 982 351 606 480 34 433 234 513 544 250 311 622 1314 89 374 29 367 428 355 491 723 905 112 888 432 256 100 877 362 307 275 794 290 174 216 36 189 220 31 24 822 22 1169 5 231 618 166 342 333 240 540 456 797 357 740 1 1063 884 595 50 665 213 438 78 657 17 280 249 117 345 101 501 185 229 356 260 148 299 725 550 979 538 38 541 767 1108 753 568 141 646 273 191 330 587 856 601 669 1313 361 687 695 852 186 574 730 496 276 694 866 81 603 474 746 318 505 329 923 258 571 423 94 968 750 221 591 13 297 289 492 125 949 449 241 470 319 534 502 235
689 694 629 584 795 182 818 68 101 65 78 31 660 125 367 538 488 610 384 884 424 275 118 110 389 241 288 816 36 254 410 693 238 982 12 117 112 5 102 22 888 951 135 456 174 58 307
140 213 201 186 546 140 148 567 1 646 89 722 734 103 822 156 492 517 223 403 96 942 180 333 512 418 209 331 216 1196 1206 43 73 1134 67 95 595 719 357 462 1056 10 104 408 329 297 112 166 38 174 94 139 432 60 500 100 260 59 359 4 30 491 460 497 361 751 657 839 587 568 66 52 818 200 125 623 239 189 88 49 571 161 295 355 238 638 199 299 118 499 101 1079 351 382 288 36 53 808 613 367 277 389 217 592 153 534 242 669 191 254 287 321 99 341 31 240 694 317 648 612 695 356 1120 93 229 81 383 399 305
869 732 277 213 508 108 199 220 139 669 5 311 232 321 629 47 102 309 438 1438 137 52 186 251 657 297 67 808 1155 920 161 256 500 280 652 99 357 496 157 239 361 538 31 101 360 112 399 48 118 36 216 569 544 359 567 81 1023 546 518 734 43 389 733 822 519 125 299 60 471 491 449 38 571 342 57 240 494 95 1 649 561 289 942 94 260 78 492 1357 408 1060
669 326 1138 299 277 666 94 10 860 888 751 561 242 231 599 140 1098 189 657 652 101 66 511 23 184 612 695 497 245 1 554 959 867 297 157 161 268 357 24 34 220 103 12 891 922 609 1108 102 180 697 30 254 295 333 491 144 694 100 166 371 359 482 707 96 52 108 828 139 538 367 730 408 58 240 288 256 271 350 181 156 174 112 83 496 239 53 719 660 269 403 725 320 73 552 5 209 36 78 216 355 125
406 203 248 996 357 623 170 60 113 480 273 428 488 1343 275 1059 592 574 44 230 195 81 391 179 582 960 699 408 1108 71 389 78 206 125 821 359 801 537 377 519 496 88 52 506 547 331 367 220 319 657 321 635 695 896 251 320 276 540 118 5 643 245 502 116 297 330 347 221 174 254 241 186 517 795 638 108 99 702 200 217 442 1414 288 690 351 279 1327 62 92 1074 51 1271 479 856 247 66 1518 101 484 31 161 567 600 471 390 908 500 1028 315 859 694 843 920 289 561 587 808 252 512 1374 723 226 307 93 906 730 436 884 112 1255 492 1079 94 965 258 91 89 1066 930 1481 584 410 697 754 1350 243 137 345 652 725 21 43 753 166 649 133 110 268 747 622 326 49 240 1364 169 1550 457 721 1428 914 1453 571 355 360 238 1167 508 660 942 342 653 665 199 189 1012 1257 292 36 260 944 1090 538 687 156 693 550 767 138 860 936 1195 440 185 85
792 695 266 153 403 388 95 661 876 1076 371 198 124 1055 60 305 490 893 278 204 10 647 427 501 242 306 73 1596 971 577 103 181 23 49 413 141 11 862 370 209 52 357 510 77 12 233 190 24 502 97 136 41 189 364 350 140
126 181 186 303 328 482 92 200 260 660 813 557 503 865 795 37 321 371 174 320 15 983 945 1020 408 1054 4 56 584 707 1048 538 1093 329 288 222 610 247 355 906 974 607 960 110 471 239 86 332 946 1110 665 556 1196 936 91 235 820 916 438 1100 467 34 24 282 101 105 31 486 656 547 310 937 409 89 366 723 240 191 1019 99 525 693 55 363 96 600 201 33 344 357 1021 727 125 5 717 175 342 889 216 347 95 156 488 144 157 430 112 166 849 8 193 622 238 468 953 198 417 1315 576 541 1446 619 555 52 311 751 254 281 226 230 158 66 652 44 261 514 258 161 510 205 528 307 414 242 731 140 389 22 93 694 491 423 207 549 1240 83 799 131 106 1158 447 179 221 276 778 668 1460 725 1306 550 1014 367 752 291 360 26 591 834 614 231 684 12 794
132 144 78 578 471 66 161 57 32 225 116 112 594 480 608 546 6 1121 890 125 767 231 622 85 618 52 859 43 474 51 239 456 241 860 101 1090 694 137 583 29 360 719 200 260 175 58 320 240 62 342 230 201 905 828 300 899 91 100 118 311 36 356 31 189 347 635 357 1037 174 936 864 359 730 56 247 1168 98 115 1115 1016 408 660 216 232 629 725 538 191 544 1142 252 264 652 95 657 5 280 256 156
697 52 22 102 357 156 571 367 471 12 333 200 57 277 556 101 321 170 179 216 629 31
827 71 139 297 1120 571 851 225 635 570 166 99 488 60 135 384 260 660 856 329 157 496 217 785 730 517 200 216 36 491 51 43 420 333 347 72 734 289 303 360 115 395 561 497 814 1 359 240 361 101 550
880 586 209 22 208 501 931 693 245 807 357 118 332 943 549 592 557 1022 437 421 191 527 824 276 908 34 1245 59 39 767 839 263 1378 24 640 239 323 471 262 28 973 367 1395 633 161 502 960 452 305 505 156 449 476 158 1047 299 273 681 136 438 101 63 201 567 447 608 142 330 51 55 148 830 758 253 1116 942 417 260 475 619 399 281 203 217 349 9 1098 76 93 844 606 47 376 4 1069 718 500 600 665 699 485 288 82 697 311 609 389 646 175 289 144 189 407 229 36 695 16 982 37 977 436 257 568 1448 802 325 49 1658 1180 429 179 1144 607 361 562 613 10 630 366 200 360 509 105 719 517 342 256 491 221 561 33 169 362 462 530 216 184 662 96 102 137 1566 327 622 488 88 538 310 1120 291 856 1 1301 1126 991 395 584 347 947 67 141 92 473 1534 866 981 873 15 321 40 368 134 779 670 247 297 512 258 887 85 780 89 432 188 114 99 77 6 678 753 1225 599 574 522 378 143 481 125 235 103 337 226 482 390 380 435 1063 133 405 554 275 170 112 108 408 778 12 1114 58 700 115 166 64 423 690 632 1166 46 644 231 867 1056 801 842 269 541 31 760 180 182 329 1054 498 597 669 333 518 1206 29
936 289 51 652 60 243 331 325 360 751 157 719 251 1 130 420 95 117 863 77 491
888 23 31 77 52 217 751 303 161 154 497 875 221 592 517 84 458 157 264 66 118 256 796 591 269 125 58 622 247 32 260 385 431 244 418 581 57 1164 896 580 474 657 496 101 367 465 182 342 82 195 882 900 435 440 29 357 345 78 24 230 505 513 6 94 189 289 817 112 114 1266 232 240 5 100 1040 635 561 168 540 550 34 241 492 311 359 888 307 660 1026 103 503 403 361 8 1020 191 314 692 719 936 36 113 319 321 96 726 347 209 394 220 725 320 174 76 482 753 655 99 108 740
772 289 367 221 240 49 24 166 72 216 725 740 140 888 167 734 1119 657 179 247 460 68 189 623 329 295 141 571 502 561 118 438 822 262 60 53 117
258 594 608 98 184 331 130 280 719 144 1405 95 325 860 104 289 60 51 157 269 72
355 280 157 681 955 139 60 95 144 1 98 116 175 51 353 890 117 928 48 719 652 184 268 274 578 251
162 211 221 251 359 514 295 31 601 28 254 108 9 465 690 456 724 52 526 309 49 472 45 142 91 316 337 888 100 133 914 468 161 129 217 89 387 644 772 499 68 338 1107 1105 702 339 333 319 299 1143 487 33 1076 437 473 96 1191 610 177 483 318 432 179 172 157 53 186 433 775 423 873 646 718 146 538 786 697 669 136 191 408 529 148 1317 401 267 1322 1323 289 239 665 588 77 390 887 201 981 549 350 101 513 229 92 305 379 884 658 834 502 58 56 57 599 364 150 706 703 428 582 660 498 595 347 140 293 638 315 189 754 240 283 256 469 311 154 377 584 67 657 11 1215 587 496 749 656 205 231 59 86 174 512 320 244 590 1180 291 417 767 242 629 1063 1127 506 288 435 561 528 3 356 956 403 535 156 534 600 340 1284 23 642 302 393 357 13 1108 71 181 361 8 449 567 323 203 24 173 751 454 431 204 440 623 856 678 1123 438 110 649 209 99 404 1214 176 257 611 222 260 216 781 82 130 166 485 294 475 111 719 1378 14 137 863 329 677 250 374 586 126 46 200 695 16 730 270 1241 460 852 78 643 262 273 17 1016 26 619
503 252 85 704 507 140 144 594 335 452 117 872 652 890 269 1 136 511 630 98 1159 1017 268 666 153 72 115 325 175 213 280 10 12 719 491 274 568 985 1000 403 305 357 278 1167 350 60 1402 261 87 755 52 881 380 842 911 157 104 95 23
564 445 357 350 60 443 274 336 58 531 49 189 23 656 455 77 52 24 403 175 647 613 144 157 103 136
313 502 113 397 201 364 269 982 888 204 755 431 615 188 54 166 561 47 354 754 683 1115 1008 1124 22 293 115 317 406 100 8 231 1166 1102 6 618 399 608 553 82 864 540 381 154 374 31 353 361 18 49 694 29 174 577 146 211 646 436 256 862 1269 298 408 402 664 197 874 1281 368 633 490 48 182 498 25 790 58 117 57 360 78 1143 805 1009 900 828 725 268 156 342 783 95 647 51 591 137 623 333 740 50 1151 738 538 72 604 998 275 150 1127 746 5 209 212 506 12 394 228 145 280 1100 141 455 175 860 1003 235 718 573 46 229 435 437 960 306 417 471 318 1430 1292 187 296 758 423 111 297 142 161 505 271 426 65 307 214 421 1168 1107 144 469 1384 404 159 320 112 1330 456 130 587 189 136 571 526 870 1068 140 14 472 289 244 801 839 325 389 458 1164 98 356 247 814 23 97 203 172 162 973 438 714 369 52 265 857 667 76 66 278 118 474 1180 252 221 670 240 34 495 479 400 220 1363 217 730 556 264 425 884 253 200 230 390 1 890 375 748 922 660 699 239 1134 895 191 181 255 94 184 800 719 1097 450 403 1615 261 91 585 89 629 698 77 43 357 829 549 513 630 102 120 3 652 114 309 216 157 81 323 817 920 949 476 543 151 669 622 79 311 208 1211 359
68 75 97 120 164 118 349 382 57 148 573 587 331 638 514 100 462 156 763 99 175 621 60 4 852 637 437 724 427 257 817 472 415 453 577 253 351 241 238 496 934 740 112 476 547 888 369 607 873 142 166 116 108 697 522 500 34 347 317 1097 495 552 652 183 718 161 208 431 310 647 22 557 677 221 513 260 10 660 179 480 386 389 94 51 182 138 399 54 864 589 136 583 297 452 532 147 1077 231 96 119 945 284 205 150 375 302 1009 1005 256 125 844 526 401 5 309 78 529 249 565 689 52 191 137 831 520 93 110 103 499 154 516 239 197 622 866 39 875 177 244 36 135 261 683 445 979 559 518 440 216 80 162 676 184 79 435 153 258 178 292 527 98 1336 758 18 794 287 271 663 1126 939 1164 1034 590 408 973 64 669 707 537 698 70 364 226 719 425 83 233 413 157 217 296 1151 969 134 1056 1175 741 209 801 433 86 305 299 543 71 207 748 465 479 250 14 711 1 388 694 366 356 68 350 553 25 322 220 629 829 703 298 133 523 145 900 428 247 396 82 509 342 204 368 855 274 600 423 53 275 170 357 73 240 174 783 95 235 1467 504 475 12 766 474 447 87 454 881 121 405 289 130 895 203 506 682 323 172 293 333 633 528 307 141 29 533 501 324 113 345 101 81 989 730 210 571 6 359 403 109 201 468 1349 492 337 618 374 470 657 227 66 65 505 567 111 303 1394 47 645 834 117 89 371 630 735 754 550 320 512 646 503 158 1180 211 877 684 288 635 181 49 314 32 456 338 1008 321 229 541 773 56 367 24 361 484 102 124 76 8 3 33 591 311 77 1369 623 406 490 325 656 140 267 329 464 556 291 362 50 290 232 862 31 654 540 510 225 705 942 833 923 363 243 471 189 460
329 291 1006 282 565 432 136 179 409 799 684 140 96 302 557 336 974 364 8 689 647 431 695 447 417 749 88 438 834 1054 65 644 823 388 1019 1210 287 166 720 873 267 221 183 945 879 525 953 193 205 249 510 367 752 403 363 820 555 366 365 37 47 633 764 1457 1240 1471 216 778 676 552 77 1100 83 49 1258 1067 707 89 307 33 60 423 892 614 406 833 1092 734 682 15 1217 68 794 247 468 946 167 25 64 103 355 862 233 285 226 310 24 10 576 95 126 1077 727 696 1048 347 86 204 610 332 947 141 591 316 528 329 357 998 207 321 549
608 247 49 310 361 226 534 356 471 102 147 77 546 99 141 670 797 1149 257 297 192 53 172 647 20 156 347 357 283 238 973 56 371 456 367 502 46 530 321 365 285 1455 479 278 482 100 309 730 431 1277 200 166 142 375 291 114 57 219 320 340 557 47 861 160 783 374 244 1148 643 816 134 1024 529 469 140 438 695 614 112 229 873 84 254 273 231 135 66 311 408 801 428 299 954 110 552 1446 207 472 208 232 506 345 423 24 179 225 682 703 193 518 15 124 191 62 94 31 600 120 103 29 359 23 442 669 1016 154 189 198 1071 203 150 1034 936 970 318 79 473 211 256 895 877 418 349 239 50 1089 32 60 465 308 1076 296 82 89 86 52 209 389 480 746 201 403 629 881 88 1057 556 778 54 276 646 368 220 83 161 159 216 485 667 329 227 544 748 547 1028 476 719 22 33 70 1179 6 613 504 26 101 1031 174 195 307 399 1114 249 577 118 864 475 447 113 593 433 1203 888 92 68 333 862
472 141 222 722 10 739 188 695 242 427 661 139 209 665 86 148 43 89 263 251 568 502 133 243 873 1 501 0 672 30 59 1219 355 512 189 371
644 102 781 60 153 655 40 450 317 555 88 34 191 656 220 1090 1182 197 837 1064 31 350 506 249 185 1026 225 428 175 254 566 42 97 23 635 510 471 373 166 561 413 995 101 156 643 75 120 417 288 208 112 114 707 872 1019 47 731 154 1251 900 758 776 1020 1034 336 528 211 216 1309 1113 613 125 226 698 6 140 795 201 145 332 329 423 813 321 56 834 370 52 54 326 82 791 552 309 513 258 478 267 443 264 631 230 474 144 503 1343 923 447 885 291 368 142 982 618 146 706 161 324 277 91 244 179 866 1036 24 948 363 464 83 359 189 275 861 32 769 971 131 12 352 889 174 50 13 165 858 158 367 215 126 1040 68 502 415 25 408 274 492 1073 123 773 113 361 240 530 57 523 241 1190 565 253 432 89 256 354 196 1383 61 468 917 217 476 86 94 247 525 133 1164 456 29 446 298 301 966 437 76 579 305 1269 514 1306 221 829 96 571 693 14 421 147 633 273 296 209 572 725 403 458 168 549 314 704 531 1007 1194 604 106 1244 1114 817 778 207 543 347 820 310 832 337 416 764 55 768 409 576 26 340 338 852 136 801 150 607 425 550 622 182 355 438 307 62 649 978 95 5 108 344 614 407 289 103 657 219 176 364 717 33 198 1028 22 1673 777 99 692 1447 36 181 231 382 342 311 680 2 394 1076 521 462 357 151 893 200
940 403 577 389 629 614 117 600 103 60 158 491 302 136 840 77 221 387 566 1077 652 942 288 101 238 329 662 6 181 140 131 647 311 289 177 71 239 148 682 190 561 24 665 133 656 17 357 89 151 72 199 49 613 483 10 56 276 347 413 770 482 39 745 267
237 60 426 82 140 399 256 97 216 12 156 613 456 408 278 651 112 229 311 459 6 208 217 368 589 189 499 437 231 141 101 1036 476 452 23 146 25 357 911 102 114 136 161 872 165 1587 1018 474 347 209 698 523 504 531 758 201 296 403
265 217 695 153 140 133 216 597 590 719 661 623 1069 734 49 58 289 697 148 200 247 77 665 89 243 600 355 400 750 873 502 189 68 491 10 157
908 240 433 367 622 361 101 99 377 31 110 57 1072 329 1100 488 56 719 209 217 480 232 345 247 506 726 625 413 482 931 725 989 130 241 417 231 816 347 919 174 106 256 508 534 225 32 307 694 933 260 887 697 311 693 50 702 649 125 418 276 342 475 93 88 161 385 166 344 154 221 8 963 7 321 182 108 273 34 66 683 103 431 36 303 254 78 186 84 354 64 547 781 275 135 5 753 244 96 877
883 47 288 904 310 208 452 181 504 250 1228 65 1006 141 135 23 321 96 240 233 209 880 324 531 456 200 797 808 174 31 900 501 296 329 161 222 834 388 589 356 199 109 211 1009 374 528 24 1021 1240 309 207 75 408 102 366 371 1054 307 396 413 328 359 12 615 475 474 5 60 76 46 8 629 973 146 660 741 79 55 1290 550 1391 1260 81 355 193 559 669 748 557 113 290 774 253 740 291 682 505 212 1014 492 323 77 704 284 573 645 59 654 204 517 640 97 99 164 179 1112 188 1269 64 405 156 112 138 458 185 363 82 44 170 139 29 189 855 444 266 1542 383 311 262 1066 57 14 276 895 191 483 502 98 249 49 367 297 254 351 22 1110 532 182 1222 317 114 221 622 547 166 794 796 479 201 471 373 216 1349 417 732 820 63 136 140 646 571 390 6 68 488 499 285 100 476 195 239 368 26 11 734 365 1018 438 67 142 94 698 887 447 217 101 678 315 647 979 862 386 337 52 34 710 470 613 226 377 773 203 906 25 399 1619 247 93 150 267 527 256 53 145 431 717 162 338 357 229 147
813 60 279 860 1023 95 175 1002 289 274 117 1229 360 420 98 376 280 48 652 594 1
54 55 87 17 197 13 226 231 205 576 347 145 53 502 167 147 342 853 916 937 946 243 607 118 740 303 423 504 834 368 1038 792 1064 629 93 336 193 561 88 852 982 1161 528 399 114 652 37 33 96 356 156 801 1054 829 201 146 54 102 462 76 200 557 209 1055 547 86 238 239 820 476 320 888 58 256 1159 556 434 249 656 82 366 208 537 307 92 730 706 389 329 219 456 19 913 23 44 862 467 47 778 136 100 894 166 251 474 109 543 817 49 468 296 764 170 65 179 275 408 1077 445 182 106 1019 22 923 633 310 83 161 1307 458 52 660 151 69 1112 189 312 622 874 357 66 618 247 328 388 144 530 889 217 181 866 969 25 1092 112 221 525 926 337 698 549 57 282 847 302 276 99 108 531 192 267 1446 432 945 492 141 745 743 196 589 438 8 317 1021 363 1336 447 173 833 479 291 12 403 350 101 323 865 260 503 105 34 947 97 619 688 678 216 444 560 1212 369 571
745 273 283 367 618 730 256 240 485 528 166 725 225 26 299 34 137 221 135 24 1397 264 320 389 242 584 216 186 100 78 247 819 433 191 105 53 66 238 1118 1020 1046 936 888 856 189 384 68 122 884 600 694 291 690 56 567 657 133 920 110 241 239 21 552 471 482 270 1063 431 36 729 179 244 77 375 302 418 220 112 1079 1376 230 1254 99 204
336 161 622 24 136 247 551 544 6 307 62 52 725 293 57 101 137 309 433 21 1049 244 275 33 357 230 321 424 56 264 649 887 17 291 492 571 68 923 26 428 78 342 816 53 283
124 179 170 200 367 666 31 540 101 669 133 496 216 567 561 289 189 17 244 897 359 242 254 695 118 691 6 622 52 307 408 357 100 10 220 781 174 49 99 294 247 649 130 956 21 406 630 347 191 485 68 325 631 423 273 34 145 443 23
525 815 397 144 360 793 48 681 1023 43 60 1 881 187 175 117 289 261 85 72 1257 339 652 335 666 807 891 761 985 641 719
767 681 666 268 860 251 104 274 48 40 719 43 60 511 652 339 144 51 325 839 175 214 116 928 98 95 261 157 554 608 117 1 269 130
651 24 87 89 1182 68 298 1082 144 452 706 613 153 647 357 120 52 305 403 140 274 350 10 124 189
664 29 512 623 404 622 629 873 630 200 677 307 367 719 657 148 546 137 851 694 500 730 130 166 53 9 31 329 156 94 491 1071 191 347 471 240 465 139 502 600 356 325 1063 485 355 66 89 273
294 498 261 269 522 10 130 83 357 24 103 471 491 652 12 339 466 239 115 209 403 751 423 390 49 52 157
814 363 342 405 801 162 923 435 864 347 254 209 947 320 249 93 170 22 355 504 17 488 345 76 201 280 714 408 529 963 309 141 366 120 873 77 12 413 53 122 547 479 527 250 150 401 438 1008 289 57 895 373 399 526 571 499 166 273 307 208 647 161 26 221 317 356 778 164 432 24 83 649 338 557 365 371 288 135 552 476 172 205 32 1294 239 590 31 118 5 182 200 333 389 465 211 235 693 321 191 103 740 349 503 383 49 186 628 884 783 471 112 276 244 216 359 496 587 284 856 84 586 294 559 456 95 156 217 796 292 29 34 66 218 47 457 544 329 315 390 52 101 663 179 357 431 297 291 311 267 474 108 433 86 445 1016 351 266 56 734 1151 473 146 444 189 726 180 629 936 256 61 88 247 324 64 33 253 323 364 63 599 367 470 794 102 781 260
212 331 60 43 491 269 157 1 85 104 95 346 268 890 863 1257 751 652 252 139 280 568 1023
863 196 971 209 1036 631 278 117 277 510 643 139 529 302 613 796 63 236 1 83 95 50 531 676 413 98 403 140 106 683 25 577 269 12 309 23 597 158 232 336 514 433 49 480 739 355 152 781 400 97 1006 26 136 614 1049 656 544 157 893 180 24 523 120 84 525 768 977
37 37 42 79 51 194 147 378 379 385 13 423 424 317 239 52 95 497 135 5 313 35 240 201 302 141 728 740 742 748 717 758 774 543 368 30 615 571 370 775 55 520 298 875 591 109 898 404 229 720 917 635 205 184 960 991 390 200 1008 1009 1021 216 311 291 690 305 349 990 1068 1073 468 175 421 816 1100 827 509 163 452 1070 394 801 408 893 806 474 382 182 707 99 315 590 207 831 76 820 130 405 278 580 1195 140 855 172 1211 6 146 150 29 1013 1051 1152 621 647 253 1101 808 695 352 191 268 50 1234 773 403 329 396 80 769 261 705 218 594 282 1262 458 544 751 314 628 271 47 877 345 931 65 886 1 152 82 228 1159 104 506 367 93 325 768 111 523 66 133 215 865 684 120 975 494 425 347 208 189 646 739 195 953 746 60 351 552 294 199 366 139 364 165 277 180 363 940 476 529 123 607 722 437 75 470 433 53 885 292 280 142 118 1086 307 23 247 796 623 155 219 453 57 516 477 434 389 797 938 604 698 1290 944 710 873 973 88 862 863 822 235 1048 331 31 157 8 221 573 273 204 9 678 1036 272 167 1198 772 939 563 357 663 1006 781 267 1432 703 1179 336 375 984 116 115 413 293 415 156 554 1282 1095 306 62 730 252 296 1000 837 556 438 106 290 299 12 608 444 467 285 324 945 614 994 480 36 49 1281 1223 269 153 564 103 926 33 22 500 843 922 323 159 18 360 978 144 1023 799 562 479 46 613 1240 676 1065 417 895 383 783 236 469 683 495 557 196 1014 435 864 757 431 1270 518 527 528 121 1182 697 350 833 1076 861 337 17 44 151 502 947 561 869 226 54 656 27 32 256 548 231 183 1183 1016 164 664 158 98 3 250 143 832 355 373 25 719 734 589 542 504 685 112 276 834 609 101 4 92 1574 14 61 510 549 181 24 559 1588 1054 669 1268 1257 211 471 386 179 193 443 878 741 971 361 16 706 274 321 835 1229 125 233 20 1077 87 86 136 354 935 81 154 916 1112 464 513 209 577 10 328 814 232 764 333 242 309 1540 1193 539 114 338 450 531 1430 426 203 983 399 297 243 462 492 332 1098 649 630 197 213 117 883 876 73 198 284 889 244 102 809 63 371 26 320 359 161 97 217 491 113 77 798 48 794 486 640 1113 490 168 56 94 358 249 1191 406 900 735 427 1320 610 1237 483 456 499 858 288 732 356 659 652 1032 1004
312 46 102 938 136 174 443 305 162 33 375 895 6 506 253 141 12 110 608 628 79 10 95 960 76 166 262 172 399 311 1453 347 758 52 1004 783 542 474 573 179 182 354 145 296 363 22 403 17 271 458 435 357 1011 157
678 1430 73 881 139 538 116 289 175 719 353 251 395 380 585 1 359 671 1023 1421 243 630 216 433 950 48 72 296 681 220 594 1615 922 751 755 408 807 214 744 851 960 531 442 652 111 144 104 346 130 269 491 404 51 100 331 184 117 60 43 268 448 554 325 1315 189 274 965 4 541 98 608 360 339 157 578 95
125 180 24 122 612 423 905 161 882 145 361 232 767 31 195 340 309 644 182 781 240 277 460 665 225 303 418 209 313 1114 433 935 247 50 191 357 217 93 103 99 888 12 288 100 5 52 216 973 253 544 367 29 118 389 550 482 254 329 101 816 220 236 321 150 34 189
23 24 259 271 293 294 66 399 405 446 359 533 574 592 314 101 244 26 708 392 723 303 780 142 153 283 710 622 71 562 638 424 150 926 591 920 998 330 298 979 285 196 862 32 442 754 79 168 965 47 923 160 604 513 821 440 980 538 198 640 62 611 207 498 1047 704 355 51 504 600 559 867 856 665 174 568 981 1177 730 888 6 185 58 154 31 485 247 528 547 949 887 22 29 875 373 725 772 256 61 1250 942 159 108 669 479 336 471 238 423 1028 297 75 86 719 145 646 250 691 456 275 590 91 127 156 505 1301 494 509 384 52 138 364 329 158 583 699 808 1108 469 698 189 239 288 21 733 529 284 116 460 530 326 1349 566 220 367 472 217 273 549 114 873 49 501 452 500 465 230 390 1024 859 254 241 88 940 758 470 406 454 1026 438 694 567 94 864 905 105 278 362 181 93 180 307 170 96 861 56 781 231 50 706 200 908 587 73 618 687 33 77 740 673 695 901 1069 146 23 290 68 204 208 46 735 258 323 44 561 295 1115 67 309 240 235 394 1344 1401 202 112 431 318 102 320 763 599 195 216 1097 374 613 584 729 201 89 166 311 199 179 476 540 366 499 135 95 1379 971 54 60 649 1036 118 57 577 389 550 345 1056 82 274 557 226 38 229 106 140 447 333 203 601 437 828 435 1071 251 221 36 1046 474 347 99 506 172 408 53 357 1008 1245 703 475 433 103 586 795 260 324 110 169 92 510 512 480 1599 503 17 1020 517 660 225 358 218 488 957 982 877 356 883 692 191 34 939 546 100 351 436 806 120 113 556 361 531 267 125 496 1268 232 734 368 25 141 349 342 427 852 492 276 337 119 1054 571 1164 209 20 211 783 161 1378 458 137 623 750 388 339 78 801 656 10 291 947 520 403 831 678 401 1138 753 635 541 670 502 277 177
450 118 852 427 159 647 749 257 216 59 213 333 252 195 177 242 278 697 53 456 652 321 1360 538 144 669 147 7 137 423 327 251 247 40 670 767 337 438 10 45 931 864 387 887 12 28 1015 86 117 320 649 200 1063 666 101 182 58 379 573 293 254 613 507 623 734 111 299 203 719 6 47 513 390 1143 748 24 856 60 273 683 196 259 136 151 404 462 552 311 547 217 309 13 274 49 81 862 89 120 355 189 502 57 239 191 324 1104 590 297 695 960 209 276 92 46 338 420 31 102 642 577 26 104 528 1534 133 350 973 527 29 23 153 465 204 360 389 469 77 861 270 158 298 32 458 491 403 567 22 452 201 622 873 455 357 52 368 474 231 305 557 113 264 703 316 471 256 68 172 718 509 1034 473 408 349 895 619 1215 710 114 156 161 400 157 498 229 289 25 561 140 339 150
568 502 178 1036 622 52 423 377 339 77 216 89 108 10 568 68 144 148 73 357 124 355 552 695 347 95 177 96 614 497 873 120 274 247 24 209 49
101 140 177 732 285 491 115 347 136 311 365 297 181 571 719 1006 240 113 31 111 492 361 452 1008 355 403 60 68 310 88 320 153 52 203 241 462 161 427 95 1054 269 321 175 289 367 971 25
115 157 165 402 552 97 181 86 158 87 68 10 209 289 251 491 502 49 409 242 252 1077 325 140 77 278 420 173 177 41 267 51 280 413 371 189 95 432 364 1123 525 977 858 24 652 630 501 103 695 115 40 11 30 862 387 52 523 613 1 644 133 25 136 1076 23 175 12 198 676 403 357 719 204 83 665 893 17 577 124 769 305 382 600 350 274 911 355 849 153 269 298 406 427 261 771 120 58 1084 647 1013 98 483 73 144 60 578 302 510
386 815 1225 873 49 407 52 1114 40 608 98 360 58 28 89 387 568 364 1 600 24 891 302 1243 289 432 157 502 755 355 652 72
120 136 245 86 608 12 781 274 846 189 97 59 404 348 455 364 148 490 1034 360 242 755 1233 289 577 409 770 17 502 104 1076 173 120 209 519 631 1200 204 24 1175 1294 656 400 124 652 525 434 671 243 522 1084 158 380 971 133 491 432 350 489 177 357 280 23 68 1 178 165 445 668 511 10 144 647 643 25 73 181 52 268 420 72 298 512 1375 970 415 98 83 1104 176 77 89 552 403 382 600 175 969 157 306 531 343 51 302 443
47 48 73 201 308 302 111 364 479 114 275 695 274 647 93 556 190 29 577 211 177 552 403 546 525 265 973 66 1023 1 1039 60 431 305 117 492 629 1122 89 25 644 118 347 32 406 369 1067 390 155 78 423 445 185 594 1009 230 408 693 1082 217 289 226 480 247 7 770 256 1116 957 476 112 389 10 948 269 158 242 340 140 31 86 207 579 409 484 359 435 260 339 618 651 141 52 399 102 166 471 537 68 426 860 1216 354 95 182 905 144 186 365 565 309 39 490 53 195 157 278 46 1076 881 462 814 861 147 273 179 652 61 311 840 17 200 131 762 675 77 531 751 87 231 51 193 151 543 613 97 677 742 26 204 329 181 778 189 136 320 261 153 499 382 472 944 496 178 6 698 735 682 229 614 554 904 57 216 502 547 113 758 745 572 719 990 221 400 1112 475 56 630 357 568 526 373 425 296 474 1405 173 873 54 22 257 1194 84 172 209 1016 740 322 336 241 239 161 622 76 571 156 367 24 351 259 280 121 375 676 504 427 586 291 174 175 965 40 12 150 864 30 3 310 608 538 801 862 34 456 244 267 297 600 935 120 433 452 49 306 333 1229 446 220 65 191 506 376 98 101 491 623 321 206 139 23 196 654 83 176
171 274 144 98 72 1116 1117 608 668 184 40 157 43 175 652 280 269 491 261 511 95 404
499 303 25 291 492 659 549 274 790 710 381 1457 866 34 159 23 293 244 275 273 424 163 151 1104 1324 56 1043 345 82 1081 767 60 695 172 646 135 1008 1482 471 1105 1122 154 102 29 220 86 877 446 309 316 247 357 1143 883 307 583 100 70 619 140 55 363 157 231 820 649 1330 77 3 678 817 431 1349 1073 103 347 256 79 208 576 212 10 352 543 687 320 984 318 216 889 667 390 966 571 998 31 551 168 114 75 1138 200 1408 144 633 524 112 262 211 190 607 657 465 623 74 540 218 511 96 191 125 703 47 394 629 315 656 528 203 110 423 411 33 867 527 993 440 778 513 726 1102 13 117 7 329 308 53 61 475 434 1070 1090 417 20 298 862 240 548 480 385 947 153 342 559 95 831 728 816 62 413 493 748 599 416 189 8 104 1028 544 119 359 311 101 764 925 1004 166 472 725 173 361 852 717 777 142 971 179 647 443 783 92 1197 52 762 945 894 228 455 469 300 403 456 1108 420 137 1151 326 1509 1016 113 510 195 643 579 502 238 131 108 752 458 933 51 1266 526 205 435 367 49 919 421 1348 299 88 552 221 73 652 364 906 374 57 834
324 985 291 435 175 31 630 156 571 33 695 376 325 652 95 177 622 541 221 307 367 491 101 49 230 174 189
391 657 317 116 216 64 571 260 273 240 68 320 506 5 1034 677 112 753 337 247 428 289 329 175 189 225 652 12 274 618 217 113 297 239 725 864 242 330 98 322 60 389 319 191 200 477 169 488 695 213 299 309 95 855 100 137 647 390 538 254 229 569 78 1097 25 574 537 518 77 732 49 91 356 157 367 567 436 867 694 36 408 101 1076 321 174 29 120 577 125 862 170 502 1009 244 357 552 311 1031 51 629 359 34 238 145 307 323 404 182 822 490 298 93 283 66 546 102 622 31 220 105 94 204
263 169 288 669 499 118 980 695 722 333 49 157 81 297 72 574 5 280 518 371 239 1252 273 331 341 60 672 403 36 94 114 732 289 113 1372 31 43 217 832 166 497 734 742 200 209 172 148 739 682 772 330 862 1023 541 252 216 640 108 1541 161 534 730 1059 623 501 960 423 90 1149 599 351 1401 134 116 356 506 494 427 63 1453 1513 613 102
145 102 372 268 396 332 575 683 267 193 622 48 197 872 126 594 112 528 646 934 98 160 60 29 140 7 139 1077 695 110 101 249 83 1042 147 157 1194 718 801 124 14 115 404 302 890 189 526 154 339 1373 49 347 216 452 104 814 1017 971 43 34 1019 30 359 80 556 514 17 491 543 511 293 938 231 310 363 549 652 242 77 1237 24 554 614 173 94 82 364 435 1171 397 275 719 86 881 178 1054 252 95 191 145 211 221 632 456 159 510 156 403 289 613 356 704 994 323 895 280 184 485 136 1004 647 72
43 44 63 70 363 421 434 437 383 557 284 720 208 231 389 370 885 889 373 403 340 328 57 783 179 698 31 95 808 244 53 663 369 480 406 198 926 324 267 201 126 49 8 146 769 114 1026 375 1237 735 677 24 433 881 163 456 1196 846 215 739 14 746 293 849 360 82 814 830 103 693 112 576 474 140 862 399 193 233 65 165 311 768 6 1191 796 523 301 305 543 1040 347 86 877 953 528 598 822 342 514 355 806 329 777 883 297 96 26 207 54 613 486 166 172 858 495 901 935 706 405 23 738 321 499 196 142 235 181 1472 205 705 60 61 100 773 1028 320 392 229 182 219 185 1363 247 354 656 1159 175 345 52 161 886 368 834 1092 102 911 361 425 191 50 623 874 257 418 101 1008 253 220 583 513 10 396 526 629 544 357 453 872 350 216 1016 278 83 150 833 758 479 288 530 413 121 55 895 291 435 945
449 49 116 95 274 511 652 130 4 157 814 404 1 331 252 72 175 751 700 60 497 719 881 229 479 960
86 103 445 686 17 406 177 181 446 340 259 656 434 899 87 209 175 157 861 86 531 140 10 60 336 144 647 49 12 68 904 151 565 364 339 502 165 552 403 387 89 1077 95 274 278 331 97 298 443 644 178 719 136 350 652 400 24 614 781 1076 23 415 25 695 141 52 302 196 1034 1067
871 48 157 144 124 190 278 846 24 83 77 175 60 651 511 23 409 178 614 970 516 353 196 393 98 364 336 881 17 131 719 971 348 397 704 464 130 139 335 140 652 136 564 204 103 302 674 173 1136 403 213 647 25 791 165 95 416 707 406 594 809 862 141 1077 554 184 434 97 525 676 1202 765
631 33 0 611 380 390 856 485 299 488 276 718 638 914 843 657 599 347 235 1071 1378 1031 3 262 802 423 438 67 31 1108 16 367 179 273 346 257 148 449 989 291 275 491 254 17 37 526 719 541 866 120 1317 887 89 652 66 465 670 105 374 83 618 115 185 320 931 221 316 574 492 77 166 547 379 910 795 240 297 629 693 590 913 1497 665 669 973 754 377 118 473 508 586 567 101 8 807 431 982 170 540 827 697 53 435 174 436 92 62 319 289 538 321 1334 247 632 779 34 308 407 264 1063 178 32 600 57 244 517 9 815 747 144 471 610 133 625 460 592 616 71 783 512 1145 330 169 49 780 160 677 1069 108
547 860 681 1421 48 289 890 331 157 245 144 269 252 511 115 608 60 85 98 719 339 95 40 960 484 652 4 43 404 1 175 420
345 22 216 1159 217 87 274 706 97 136 10 141 278 140 52 23 156 408 357 403 101 209
381 459 269 899 52 612 367 357 668 161 638 63 1257 839 139 630 395 1023 4 261 492 620 53
226 50 492 496 31 502 142 476 607 56 316 135 506 369 693 75 114 161 830 571 471 208 264 436 80 326 201 82 905 52 76 218 423 567 556 81 959 408 803 504 718 725 480 241 694 375 363 438 140 23 511 543 120 692 226 247 479 735 283 272 157 231 185 860 101 62 587 354 262 89 746 433 275 758 175 54 657 358 390 683 618 359 936 456 544 317 293 58 821 302 100 1049 906 532 537 323 1256 32 557 24 256 110 615 284 65 891 68 29 733 670 754 113 853 342 9 217 552 561 96 1191 296 325 559 357 16 260 723 367 396 112 667 401 953 219 51 309 877 155 1236 261 15 469 6 319 8 200 78 887 179 361 380 166 144 94 174 695 919 27 7 652 472 251 145 973 189 820 49 244 403 311 938 1112 1040 18 115 257 53 105 57 137 125 240 629 297 389 254 864 366 211 182 93 230 34 888 227 232 783 1127 982 964 70 220 715 417 172 458 755 654 549 95 321 143 1179 91 273 633 753 460 968 913 796 801 239 37 465 730 1090 1016 212 647 33 291 345 159 216 307 710 431 784 687 192 162 528 485 729 462 329 1253 79 320 818 1107 874 347 1214 1269 703 235 1009 573 424 318 146 238 102 99 191 590 12 374 3 529 337 118 154 1024 253 546 46 405 314 435 538 748 698 649 156 310 394 828 474 1095 368 20 856
859 755 116 404 1220 960 824 1078 1017 1098 280 325 1184 243 860 0 810 1405 157 95 1563 346 1166 48 666 466 376 1632 594 223 1402 72 719 268 60 245 1000 395 1548 261 4 139 175 1341 206 484 380 1519 751 1644 839 497 585 255 1116 863 1129 251 1292 98 43 925 1512 51 422 568 1651 213 353 997 652 578 744 641 944 339 608 214 1392 1261 891 104 511 1398 420 40 815 1 1042 1167 700 130 955 289 959 881 252 115 630 184 269 950 360 491 554 609 1117 1243
164 261 157 98 814 325 51 40 95 671 130 4 719 245 652 1098 668 117 115 630 252 491 380 715 289 609 269
335 336 586 207 675 60 204 667 965 672 100 86 66 1199 855 1149 81 351 77 564 288 254 216 10 986 413 26 390 236 660 431 1006 642 247 682 47 887 38 1146 174 49 561 710 257 17 177 176 290 1206 599 969 499 501 487 809 1246 222 971 808 492 588 510 56 432 1216 977 365 260 732 242 94 124 250 1031 83 931 550 861 73 93 11 220 68 471 884 647 366 623 404 64 57 389 546 1215 226 873 267 101 53 289 208 92 240 1357 209 153 273 34 22 318 1014 860 552 739 445 1119 745 32 186 329 840 376 109 337 1123 1047 1483 694 96 118 131 180 479 762 514 283 333 438 821 534 522 568 31 233 43 457 485 518 95 876 262 695 99 730 687 377 863 500 570 689 166 819 317 496 360 229 277 427 614 503 870 33 644 382 217 612 371 611 696 21 356 148 30 649 173 502 297 316 355 87 221 734 108 676 497 1196 71 379 483 133 1018 225
417 269 634 175 254 253 462 361 200 256 1036 543 144 355 161 693 305 719 216 635 1183 151 339 347 990 51 141 394 497 145 274 72 527 12 60 537 46 247 513 123 651 153 10 209 350 1 58 261 484 351 38 208 1026 520 408 767 911 324 289 1005 399 962 54 43 31 5 938 278 331 1487 474 806 386 76 770 878 235 311 359 1503 476 617 104 22 751 65 189 1159 523 452 690 1341 219 185 130 240 1044 85 346 87 4 44 201 156 900 1023 61 360 168 211 280 215 613 140 890 306 571 511 199 602 368 146 881 24 49 296 115 630 470 93 112 1582 317 113 147 114 1167 403 1262 29 367 230 23 1062 1042 873 1035 101 252 231 426 1384 609 268 295 6 25 297 482 338 352 666 75 499 898 95 568 373 1195 154 886 404 504 830 52 740 860 1013 102 622 239 229 722 217 456 182 768 213 491 82 157 158 357 589 801 47 652 249 320 427 184 872 423 1092 136
861 95 251 666 652 133 331 1069 355 959 731 339 739 665 899 600 89 157 613 335 98 59 40
397 10 83 177 78 675 39 209 189 387 29 103 125 181 170 117 538 12 38 102 86 204 682 409 873 356 767 490 357 344 141 289 58 188 173 158 157 677 734 355 118 120 297 1069 247 432 77 24 695 862 502 140 174 618 665 175 26 182 89 794 367 148 23 68 180 49 52 765 267
510 289 49 184 630 719 339 377 325 1098 423 357 189 157 554 491 43 715 243 1 380
807 274 360 130 98 289 104 719 1 157 175 117 928 751 568 280 325 51 652 608 585
155 223 104 98 252 157 719 881 420 280 261 117 95 594 274 814 959 268 144 269 206 891 851 60 652
454 288 323 386 95 394 264 347 17 359 553 41 587 408 201 569 794 513 146 113 233 328 456 154 24 125 1119 580 322 1175 211 208 354 91 297 1068 640 465 145 241 164 379 57 357 849 160 1123 141 1259 9 191 1171 294 12 83 367 710 698 299 49 561 458 289 220 169 79 166 499 453 63 796 179 647 330 329 646 383 101 768 856 326 734 375 1079 267 880 432 720 356 50 361 529 490 242 492 285 34 331 134 1012 26 36 480 182 867 121 309 161 65 494 168 378 886 355 4 53 342 614 56 758 118 518 302 483 320 142 502 527 66 156 689 139 403 109 29 5 240 94 1211 135 317 866 571 823 409 475 830 573 52 307 669 1450 273 431 977 80 38 25 47 552 189 82 287 441 500 35 128 152 96 479 914 583 797 799 388 1206 157 92 136 31 110 632 590 739 368 6 714 293 78 360 93 855 435 226 254 1656 677 371 216 433 249 732 247 574 363 195 338 1349 785 198 133 174 1640 501 549 497 76 722
280 166 751 161 175 157 511 420 325 254 289 843 694 466 969 942 339 1 117 24 955 40 782 736 243 0 652 863 856 200 251 1243 404 224 630 51 60 139 851 491 502 297 280
207 404 97 83 514 452 130 86 316 100 320 552 468 445 31 817 176 177 196 193 1024 247 46 540 254 318 302 834 3 11 103 719 289 328 408 174 740 1210 29 1112 244 267 374 633 467 309 77 1282 191 137 375 89 456 68 15 554 17 143 447 717 973 140 293 961 440 485 438 220 657 1216 291 106 389 321 221 1143 1077 406 403 348 656 56 435 57 310 526 670 178 853 407 257 340 33 614 95 600 249 528 226 192 568 205 201 465 8 155 142
154 238 242 59 182 12 635 702 73 157 0 170 289 130 618 89 66 693 411 855 38 977 808 102 420 588 661 496 459 327 97 177 68 158 31 188 28 329 110 762 161 151 103 133 115 241 153 347 408 137 508 216 17 355 873 569 247 140 124 302 403 694 406 613 492 413 942 691 139 260 822 217 491 622 254 888 10 240 399 487 235 427 49 552 339 550 156 561 571 243 169 275 754 95 77 522 58 22 642 647 765 187 83 40 360 307 595 78 189 862 719 672 357 263 1069 969 404 325 24 209 52 174 229 612 512 342 695 502 432 770 440 34 735 305 221 666 371 30 108 488 299 490 1559 359 91 94 93 148
912 677 132 10 668 72 339 1069 648 51 1023 950 184 251 340 299 1143 960 336 153 519 357 179 247 379 840 367 45 43 1106 209 68 355 44 242 289 360 904 364 331 270 200 530 544 139 75 419 669 682 595 47 390 644 664 860 120 392 22 32 30 416 512 731 338 995 63 1190 1076 770 1035 49 131 42 686 643 1102 591 175 413 229 98 765 276 211 619 862 143 122 128 333 24 106 1103 290 50 144 77 323 86 107 12 31 117 406 881 407 695 104 226 1002 48 600 864 719 329 387 1225 665 501 59 681 346 39 899 514 480 608 814 33 652 446 1196 11 115 140 268 570 305 213 40 577 231 325 471 95 269 851 57 487 657 616 89 513 745 552 423 239 366 116 222 465 280 94 159 404 568 534 135 511 252 1049 256 1452 92 751 191 808 103 60 254 647 243 259 23 502 148 873 83 452 28 52 654 427 370 408 274 26 297 409 130 177 1 623 484 344 157 1194 204 420 715 1480 133 101 124 335 969 113 890
690 1090 50 254 53 76 135 652 801 32 112 502 949 692 275 357 113 403 89 170 318 408 166 137 273 790 496 31 599 673 394 231 1492 537 1072 101 546 758 603 185 52 1351 57 506 320 100 438 864 740 1107 528 347 230 440 221 227 78 488 828 319 155 311 557 783 77 283 887 182 896 754 474 99 458 635 982 189 145 94 561 888 1179 454 538 33 160 821 465 456 359 196 105 91 550 1397 914 62 669 473 884 618 217 56 191 110 746 23 244 8 660 784 129 118 36 174 303 200 657 22 1115 437 492 34 218 867 598 309 687 5 622 66 694 725 905 49 763 179 436 220 753 247 920 571 161 114 475 241 46 549 329 471 1020 361 68 342 240 256 317 238
928 287 111 471 359 239 513 351 31 282 561 746 820 146 479 356 417 1048 61 195 244 25 368 521 1104 473 492 8 93 328 355 520 53 549 430 321 200 869 629 207 100 136 114 106 47 46 242 556 24 82 120 457 833 456 196 142 211 226 367 103 342 979 311 118 794 740 773 109 557 179 329 547 504 112 6 240 250 352 474 1240 52 496 20 555 26 764 5 221 1110 166 55 182 173 604 445 86 1092 822 34 76 217 527 189 65 22 769 817 363 347 437 307 216 1016 656 638 357 698 373 683 543 462 150 1197 622 278 191 247 88 296 734 140 403 161 306 406 174 634 834 29 253 229 209 571 219 267 156 113 421 895 552 458 49 141 390 54 408 900 256 303 168 528 58 145 288 502 758 366 576 101 423 285 32 978 614 647 946 33 231 297 201 320 752 12 102 777
695 725 93 554 377 630 319 40 342 500 503 571 635 357 185 21 1243 360 88 254 108 99 546 496 264 431 1 1016 936 1355 537 78 856 965 339 161 660 428 184 440 288 36 214 384 436 408 200 105 130 754 723 54 321 491 118 96 359 361 622 191 951 315 454 133 652 611 195 31 50 351 12 289 475 347 273 49 92 729 1200 390 1127 884 982 217 32 920 1028 561 260 51 751
614 99 873 239 101 1060 299 319 337 34 660 240 418 942 612 241 254 191 52 38 22
444 552 133 432 0 10 136 647 534 60 355 682 652 77 881 452 512 141 30 413 209 204 427 1012 403 404 49 104 695 707 139 1578
601 1369 266 128 360 823 1036 696 971 364 614 501 278 126 298 977 68 849 647 1302 165 525 204 1186 177 365 77 274 242 1137 139 393 103 631 497 378 925 876 656 95 388 52 851 464 502 198 355 1172 1023 1206 175 30 4 153 181 40 674 25 855 427 331 459 12 409 955 133 157 233 89 60 704 124 400 413 141 661 267 302 83 357 416 403 531 17 322 196 41 1077 189 483 643 707 1091 49 739 336 1006
556 3 150 94 56 209 981 677 103 247 252 887 669 735 232 527 198 896 977 68 342 1069 1271 81 738 274 227 873 12 753 475 428 453 24 296 557 541 239 583 654 1184 303 88 692 1076 203 1054 1178 200 734 294 218 211 725 4 436 528 1138 499 278 1230 432 314 992 40 38 92 32 267 1016 328 587 1107 179 856 1 90 942 133 352 323 31 118 46 534 285 157 141 182 500 61 1257 111 366 389 76 146 405 401 512 879 161 492 49 230 257 801 166 413 668 29 881 980 54 473 913 698 262 1255 337 101 828 136 317 1316 297 437 100 568 513 254 623 1357 258 354 403 201 400 284 571 28 794 783 188 374 288 1042 1428 789 142 50 261 802 195 505 660 256 1180 154 390 1049 1079 740 26 193 58 965 207 535 546 529 315 170 338 163 561 320 235 368 573 646 112 1047 526 842 1211 402 367 134 226 695 506 147 155 53 408 834 471 238 822 864 52 882 8 216 733 1151 82 66 729 160 78 244 309 1206 663 241 665 355 357 289 649 5 210 93 113 715 991 1026 423 9 547 538 329 1068 468 125 1014 643 1066 457 65 618 199 174 233 321 158 139 47 709 36 705 483 34 418 732 102 823 123 431 369 465 549 973 347 540 581 365 746 156 781 926 25 221 57 711 67 164 99 855 13 341 474 181 185 351 504 33 299 386 795 307 373 172 143 479 225 175 1313 435 613 140 611 900 622 1127 1220 356 406 340 62 229 580 186 699 438 44 281 690 852 311 86 970 276 971 433 114 629 333 240 292 191 108 361 220 603 22 454 250 217 399 895 480 502 476 1070 1108 273 324 703 275 758 137 424 326 447 384
770 203 256 52 667 166 319 348 904 361 179 540 552 357 594 752 161 247 435 971 911 60 467 291 8 358 376 315 83 1203 652 77 309 542 177 112 1008 86 302 175 157 31
533 209 491 325 600 404 570 960 4 452 755 700 643 180 63 274 668 681 1084 24 305 252 175 427 993 647 1116 144 357 48 268 115 98 855 72 355 60 242 261 364 608 652 104 695 28 280 95 403 49 141 331 1 814 73 672 512 371 189 52 302 269 153 552 130 157 719 204 117 861
875 607 388 104 585 1062 65 404 894 629 464 446 832 1018 328 247 911 79 357 52 1112 242 383 159 87 182 924 678 549 959 476 415 278 765 268 8 836 926 164 23 857 47 698 668 356 350 178 184 1132 523 971 389 181 77 889 651 25 504 438 916 203 191 1174 966 998 293 409 13 226 961 1019 156 469 207 12 122 823 297 499 1598 4 408 704 778 321 829 112 126 1243 491 695 228 861 130 120 797 259 43 1172 309 36 117 361 973 1021 701 706 1048 33 136 358 27 163 84 547 1068 873 274 124 518 890 106 622 1013 49 83 351 229 60 22 317 486 1158 544 1070 369 785 887 14 20 399 734 311 630 1613 147 459 514 427 375 480 349 444 571 140 364 1482 208 774 1091 157 542 338 193 674 337 972 471 406 97 413 231 382 893 565 30 201 573 209 684 447 282 621 530 555 239 944 1180 814 1194 329 96 302 738 1217 600 543 577 431 423 1036 310 468 1011 953 101 312 113 647 148 216 57 403 240 347 320 80 267 764 227 1471 1102 305 1277 983 591 371 146 1035 151 306 646 1098 324 614 114 652 1119 368 864 1089 534 528 456 783 849 500 527 153 757 365 1 589 781 1538 1100 434 906 633 145 474 93 1237 654 128 198 11 286 805 452 55 162 1182 205 308 102 532 613 433 73 29 165 405 287 746 511 1446 377 189 1092 103 820 900 69 336 1116 644 758 979 366 10 874 660 296 462 891 98 705 1139 510 373 82 359 945 179 212 325 249 31 161 211 253 19 254 1229 307 834 492 155 742 204 44 1455 801 557 26 862 24 34 487 197 94 414 529 656 355 143 332 1110 830 657 200 525 1109 123 467 86 175 576 363 141 367 139 683 95 233 521 75 173
356 406 12 971 364 95 209 1018 298 181 157 552 23 860 904 774 213 409 136 487 445 265 1114 77 516 24 336 400 178 960 188 228 117 555 452 278 464 120 140 507 861 103 1102 141 173 176 17 531 613 25 83 523 89 40 97 781 158 771 656 387 196 332 731 51 846 893 371 403 682 525 175 600 1036 514 704 911 242
206 100 451 346 130 657 189 53 364 418 113 356 320 179 395 297 111 751 740 68 432 950 652 145 695 357 191 239 77 474 185 240 200 4 408 571 623 855 66 842 29 288 851 482 403 139 360 187 58 166 622 1532 230 538 321 260 936 101 629 440 517 95 754 491 195 273 43 31 342 275 311 157 725 347 49 289
836 491 400 647 427 157 49 365 89 719 209 420 252 103 184 140 371 177 60 189 357 355 86 95 30 136 325 4 630 144 104 855 280 261 68 695 406 862 289 487 577 652 52 432 700 58 287 502 77 139 860 130 153 1116 117
581 459 30 305 115 157 704 12 60 534 873 52 209 771 77 1011 267 403 233 357 139 531 530 158 614 68 656 849 355 427 103 10 652 572 11 181 175 491 278 739 136 846 911 552 63 364 49 269 643 242 719 781 95 899 140 1076 24 251 413 98 86 523 23
507 214 1042 719 72 60 420 891 1202 668 325 269 51 104 511 594 144 157 115 98 1 395 1449 175 731 491 289 1273 360 397 184 652 95 1116 40 1167 339 881 860 751 48
615 117 140 462 425 82 98 296 46 48 758 990 60 629 1036 719 375 58 353 136 357 87 157 652 608 23 10 399 201 350 104 1260 268 189 151 317 141 1 101 256 408 231 114 4 437 22 95 359 14 368 219 324 527 446 651 144 476 743 872 52 97 112 115 197 311 938 102 860 589 153 504 403 978 370 456 249 280 146 278 229 369 427 25 208 43 216 801 356 156 698
259 595 139 157 781 0 497 51 274 899 95 83 140 695 512 136 289 459 355 731 339 1225 242 24 335 665 1469 534 49 209 144 719 715 502 133 180 222 491 261 668 1332
153 114 144 53 157 509 377 161 772 856 345 567 754 256 244 33 778 538 592 693 174 182 518 471 145 238 317 480 325 10 38 135 264 136 137 573 76 973 779 66 435 590 432 93 309 254 31 81 56 220 12 61 329 25 423 67 491 236 24 657 794 357 240 198 26 180 852 288 278 179 95 133 866 873 100 89 411 433 753 49 822 600 1056 479 231 468 544 209 607 506 1022 103 456 531 361 526 474 156 50 529 215 305 351 101 260 247 1069 342 726 546 399 389 125 195 22 338 34 102 540 1237 431 1063 62 1114 296 29 181 166 221 199 295 226 112 216 54 1122 574 88 217 57 665 52 36 8 401 458 16 311 63 321 556 253
830 77 861 814 10 770 1036 151 695 355 1613 251 176 501 588 512 568 420 445 289 490 860 83 1226 921 267 977 357 28 242 158 364 534 1114 403 157 177 222 209 682 23 116 140 49 189 144 181 190 409 1316 302 24 563 52 1076 280 762 1528
63 67 230 344 62 216 59 273 562 261 779 281 506 24 529 908 467 299 942 695 648 78 238 699 1063 99 501 410 1096 440 330 822 183 17 321 151 124 166 73 660 597 106 403 56 49 241 326 174 102 965 1238 859 443 89 366 95 68 139 618 377 5 156 864 541 1127 340 118 125 260 34 101 989 502 39 29 311 956 189 464 217 235 546 57 469 687 53 1387 161 46 555 480 600 247 100 697 517 232 702 613 936 320 329 1047 592 30 719 657 432 36 784 690 948 485 209 873 454 638 111 93 540 254 693 110 371 1478 283 550 195 357 780 23 185 1104 71 103 496 288 815 436 169 47 599 188 1134 1315 52 1206 840 544 220 1151 364 479 91 21 1270 914 200 148 740 389 586 275 750 177 538 488 433 333 136 1301 492 471 896 133 1294 201 856 1401 361 969 781 921 307 561 669 574 571
339 307 714 399 469 118 231 604 337 374 362 542 1009 431 359 306 89 59 297 5 57 934 86 56 913 342 586 226 272 23 174 243 182 280 931 254 303 257 801 380 1076 63 389 33 496 1316 305 275 670 587 543 401 351 789 53 150 622 320 355 195 100 91 491 170 296 92 452 873 687 191 77 34 136 403 411 733 49 317 473 472 25 509 1023 288 229 277 291 66 101 148 142 140 266 156 94 329 172 22 526 547 465 497 693 400 503 827 754 888 828 734 753 217 24 145 76 242 386 571 1 808 146 820 415 28 165 10 127 435 9 843 240 367 969 606 390 379 588 120 221 46 113 213 315 710 778 657 58 500 6 233 600 458 208 47 357 311 1268 781 660 1196 32 203 848 260 31 492 1123 590 114 635 188 418 189 834 209 60 216 405 669 64 200 502 895 273 561 421 471 695 884 299 173 623 527 88 29 236 201 96 180 1099 618 181 267 506 244 82 235 338 740 179 432 371 99 164 239 289 16 333 549 408 550 284 157 12 665 138 350 520 336 1016 956 323 814 111 17 1003 186 569
419 1271 88 668 98 216 571 673 755 125 112 78 491 144 51 175 50 361 333 247 936 157 174 801 101
707 511 715 1566 1512 1341 1117 1343 104 751 890 719 184 666 1042 842 1116 214 43 289 1 807 491 824 115 960 325 839 130 72 652
534 471 62 1211 601 594 1083 137 517 371 506 145 225 681 292 874 355 260 1226 56 876 200 736 731 550 767 1442 1264 808 738 423 433 797 298 233 1294 390 436 1090 496 611 758 1180 0 498 746 157 1103 592 43 513 103 148 231 424 77 322 795 491 690 793 209 46 359 719 531 979 378 778 1123 726 725 500 349 229 26 105 1058 432 512 330 732 519 1017 977 146 44 492 136 557 884 290 347 936 317 254 365 293 518 244 925 383 640 34 161 460 570 939 245 1169 89 181 1046 499 1166 32 240 220 949 591 408 199 91 821 380 537 796 356 339 417 718 404 400 973 259 992 271 1016 1076 527 83 311 669 63 602 469 376 110 535 94 139 66 856 708 6 52 203 111 750 67 285 104 227 179 896 931 585 712 815 134 753 508 452 93 158 677 284 151 33 367 239 668 118 304 1020 251 125 47 866 60 1088 431 275 420 392 982 337 710 235 693 1059 547 38 345 703 824 1245 734 20 663 735 1005 1558 238 128 218 534 613 84 1108 511 405 713 617 987 905 618 563 357 1196 95 862 809 114 574 457 989 188 435 861 802 449 863 164 257 480 595 479 707 138 274 59 1357 51 185 828 561 622 4 571 524 29 329 276 899 207 660 665 187 78 41 733 133 144 280 53 189 822 1354 483 5 85 262 844 567 1546 320 1235 64 473 867 722 141 100 1120 170 31 16 476 68 140 1063 1114 993 1034 102 474 1009 1097 92 394 21 130 779 715 870 573 965 910 569 294 1494 1060 49 160 772 17 538 115 186 346 109 697 28 501 1241 1246 747 360 1155 739 318 288 1387 368 702 673 252 928 361 873 327 72 482 403 256 241 401 135 166 1031 169 754 428 459 242 1127 98 289 549 122 101 649 462 599 600 269 541 58 198 12 307 583 184 273 373 366 843 909 646 1024 888 354 201 566 667 465 568 801 695 217 1066 908 342 1 913 1028 588 113 890 341 24 807 694 1451 247 729 475 587 1105 283 258 120 529 1401 1022 546 643 108 629 509 1257 494 112 174 216 331 156 36 377 302 323 751 789 321 687 616 676 204 81 1069 586 1039 232 406 723 96 985 374 960 99 297 119 606 887 57 604 942 325 243 682 842 299 657 1301 319 442 182 191 652 422 635 454 760 971 9 730 86 1026 670 154
340 125 380 348 462 299 244 52 320 1082 1135 565 600 242 316 288 247 278 1138 53 530 86 550 8 390 201 449 190 719 325 83 139 942 518 482 547 672 770 60 577 75 801 112 552 297 479 502 73 182 274 302 17 120 161 254 117 289 156 1051 465 567 406 311 40 243 538 77 96 1090 142 256 12 30 674 531 1120 522 21 177 745 446 404 556 240 209 675 124 1105 460 130 134 114 148 490 298 136 423 178 501 1294 485 179 697 525 389 403 51 661 103 153 89 33 876 133 347 166 873 217 630 101 235 619 11 587 24 226 506 1010 102 189 45 409 151 971 512 309 1063 276 47 229 969 592 173 364 23 9 432 729 491 26 261 938 277 31 1114 695 181 510 141 186 64 807 100 408 25 354 682 365 767 357 1069 433 693 180 914 862 191 753 239 707 509 781 140 49 157 99 568 323 321 131 1
443 48 491 175 838 95 851 860 807 60 1192 243 98 755 187 960 72 213 1 420 289 950 404 997 43 380 139 117 104 268 360 85 51 251 652 751 585
895 89 460 69 487 313 408 389 899 212 631 297 53 367 91 309 182 25 22 173 201 102 432 476 54 175 216 610 1279 1538 698 29 122 456 10 101 136 76 52 83 799 561 305 154 135 217 118 888 7 230 474 339 264 633 471 403 530 526 1439 409 231 529 283 1109 820 556 314 445 166 668 181 528 622 34 846 161 978 293 112 357 435 347 24 57 103 900 336 8 12 704 247 140 434 841 82 33 23 26 95 889 258 59 363 1504 27 1608 187 342 251 635 155 385 131 191 1178 390 571 291 366 77 543 51 350 513 68
186 337 494 552 661 49 53 179 216 643 320 423 722 403 66 254 273 347 200 118 436 321 62 98 557 170 669 342 498 622 209 635 166 283 1180 203 528 358 357 465 361 95 367 177 629 157 108 820 670 471 1016 329 33 68 492 57 244 556 31 173 293 191 705 547 431 24 538 333 783 239 86 83 633 77 120 291 172 34 502 20 185
638 144 1166 353 719 115 420 666 671 157 252 681 1000 184 491 72 881 261 289 175 408 814 668 652 339 1167
343 408 232 155 70 156 253 22 367 442 7 96 111 622 57 1224 139 191 268 1016 144 166 547 591 60 652 433 98 1082 531 178 321 494 557 904 246 203 231 297 12 200 298 911 289 10 474 97 30 299 356 100 1077 209 497 201 102 318 95 823 153 196 399 20 244 216 552 114 556 267 872 355 285 86 46 189 383 31 103 623 141 278 161 504 208 269 82 464 23 423 523 24 359 740 172 181 150 50 413 945 131 758 536 438 783 140 322 345 350 227 746 324 864 614 695 280 357 87 471 418 644 242 157 52 374 855 120 480 320 311 431 303 117 165 368 707 228 49 890 607 256 179 506 895 136 386 730 364 1009 465 613 971 68 317 336 470 516 351 112 529 427 849 247 148 145 101 113 525 544 647 190 347 26 861 571 382 403 676 406 577 490 518 555 229 175 47 452 307 25 77 683 656 1114 814 1182 158 646 240 651 924 66
483 12 406 365 191 261 169 350 354 403 231 49 268 57 700 229 102 970 351 656 347 822 571 25 153 305 288 156 754 657 686 43 207 181 252 6 614 31 200 161 254 731 721 311 371 1115 189 89 26 357 755 157 141 216 574 209 116 52 140 364 170 158 174 203 297 199 408 329 93 53 269 646 345 944 112 330 240 309 278 814 267 317 801 256 136 557 368 697 44 144 60 1257 652 730 355 98 529 873 24 299 367 356 321 849 103 613 88 101 23 29 10 85 87 1023 494 260 247 86 198 274 307 217 1224 1013 564 1229 111 96 285 856 1018 863 622 17 280 382
851 600 235 330 699 333 942 9 492 71 767 702 856 63 460 199 574 67 355 618 669 299 638 989
368 190 315 10 474 551 364 374 118 181 76 628 87 403 12 58 120 189 230 68 458 900 552 573 305 523 268 52 182 357 20 86 253 834 103
542 347 118 536 693 26 156 275 1063 492 541 958 146 288 591 68 843 140 690 311 204 329 829 114 166 9 482 34 527 501 349 82 374 592 1016 179 1108 154 523 697 102 521 1535 377 361 580 471 309 175 71 307 33 359 698 758 450 982 267 1084 120 469 476 702 47 78 767 303 81 812 83 557 856 389 320 613 195 543 5 719 1 333 669 216 740 31 130 1356 456 532 350 571 125 364 1353 410 63 277 368 23 375 1047 1271 11 423 801 260 39 726 219 247 217 323 276 452 629 342 229 900 243 460 297 612 1354 730 550 539 363 14 235 888 913 798 408 504 978 226 586 57 432 101 58 77 192 438 147 968 250 169 138 1360 242 200 256 296 509 262 465 1453 808 94 145 240 273 29 330 670 382 317 6 201 113 735 898 221 112 497 299 231 191 211 574 36 502 291 337 37 22 938 50 401 500 366 133 367 254 754 239 915
275 680 420 346 157 206 491 751 261 72 842 719 519 960 568 40 115 404 666 289 1
266 206 397 261 157 630 881 842 325 554 346 761 491 404 511 130 115 243 4 608 1202 251 1 1433 72 104 280 1042 751 60 652 1117 1000 1315 1098 1548 594 1281 1181 1167 269 184 719
769 194 1044 112 435 1434 538 219 657 217 95 76 82 160 79 161 535 196 1073 189 471 361 1077 473 555 230 492 329 96 886 792 864 1386 1138 427 1197 307 108 57 413 652 227 888 271 392 408 506 157 118 369 314 240 706 47 29 818 293 496 352 1113 142 311 208 362 474 172 301 147 58 282 216 477 438 754 704 525 113 253 456 354 504 31 156 1109 544 915 725 136 527 801 982 394 720 94 46 44 23 367 656 287 458 288 510 226 182 649 232 635 347 1091 167 244 146 528 209 469 628 743 104 514 368 247 513 53 1267 758 179 358 390 12 604 141 34 62 54 488 618 185 363 14 317 356 197 607 87 205 273 297 523 389 529 576 200 370 366 267 201 256 359 191 571 114 403 8 181 65 1040 371 670 933 796 242 431 573 49 602 947 102 773 549 1004 101 52 305 195 278 655 476 768 753 320 1011 81 342 296 33 587 6 275 883 1234 858 750 239 421 338 145 518 231 211 718 417 32 1062 25 357 445 61 869 140 561 978 769 168 236
648 47 57 157 200 305 290 716 25 12 291 191 348 10 207 155 1276 719 444 977 274 1036 357 95 816 131 83 111 367 52 216 406 227 408 432 569 139 60 665 471 166 156 247 30 321 873 161 101 277 198 354 309 6 140 405 79 781 465 695 600 350 49 435 114 204 652 22 914 498 525 87 89 211 329 320 1016 24 112 347 48 382 955 557 244 148 364 612 221 103 56 53 377 674 180 1082 389 88 31 989 26 229 745 233 423 173 298 890 491 278 403 452 547 23 682 299 201 302 86 17 433 177 224 340 693 1 11 613 133 77 242 226 281 647 261 623 297 544 15 175 236 68 231 73 158 375 99 136 381
662 256 100 546 78 320 23 657 719 185 154 314 931 284 643 26 473 240 1245 333 180 166 77 367 649 57 232 511 276 12 329 113 36 170 108 53 475 140 91 191 130 471 321 697 66 795 156 456 423 638 254 261 34 801 93 236 244 652 22 201 479 309 1105 474 389 61 1167 161 245 155 122 71 288 52 101 118 730 382 273 449 200 544 17 660 856 157 239 40 347 178 131 602 315 217 24 58 361 182 150 9 102 95 247 275 492 99 822 476 112 571 120 153 864 403 390 357 437 211 277 177 215 365
22 22 76 134 83 133 210 282 346 243 260 16 597 336 413 433 181 795 673 802 307 592 329 918 733 269 613 311 101 367 347 601 435 252 64 960 38 309 1054 148 357 289 796 1107 1144 226 232 283 544 364 969 699 1065 1200 125 189 10 99 669 110 323 96 184 200 285 418 914 49 166 324 299 1084 834 460 280 1258 694 12 1281 654 721 839 512 26 913 57 118 588 52 356 670 556 371 538 257 103 63 718 235 432 808 95 56 295 25 431 794 264 321 936 479 9 934 423 695 1001 473 524 574 288 216 856 965 348 528 1407 355 884 360 247 781 60 842 361 116 1069 438 222 889 4 817 339 772 254 881 807 33 482 652 1454 241 500 779 1071 242 1090 767 273 89 50 108 5 980 337 1167 522 207 91 1357 501 390 174 177 366 822 562 382 922 611 77 821 182 1516 1 153 93 1308 697 600 94 86 1270 363 1126 199 1354 24 586 471 186 405 333 17 567 179 170 485 529 923 293 1235 172 931 541 983 503 73 399 330 464 34 209 88 557 67 480 221 277 31 1155 678 245 638 71 599 1194 549 690 719 770 622 534 320 55 36 47 58 78 920 23 1264 1216 15 401 297 278 1056 46 294 188 702 590 180 1151 342 377 1066 417 618 447 554 217 693 1327 568 612 59 942 169 492 262
516 103 725 217 465 512 795 818 1094 763 356 36 705 235 291 26 56 1474 1401 29 703 125 57 359 174 267 913 32 492 971 189 657 979 367 364 475 406 867 275 361 734 456 373 197 298 449 77 445 1237 428 750 415 864 965 707 257 567 666 1009 401 185 1097 347 161 360 5 1039 362 730 81 254 244 613 1344 1046 14 289 28 151 571 753 49 54 617 320 735 1460 52 78 310 801 1355 729 523 8 722 592 314 404 172 622 469 302 573 137 1246 405 473 399 203 201 273 230 51 70 238 588 887 82 1106 129 165 549 698 454 154 319 261 501 156 568 309 271 602 276 40 541 294 83 220 23 92 987 136 247 821 290 337 93 50 531 1241 1156 873 363 300 881 241 520 538 694 186 342 1510 329 368 251 38 513 357 973 307 99 293 566 599 25 209 226 175 517 859 528 884 496 989 112 906 91 866 135 100 242 1115 141 458 166 124 306 646 687 46 633 182 677 1349 1119 321 31 1090 423 1054 138 874 561 323 133 888 142 173 436 856 669 462 181 387 812 559 500 47 339 386 474 58 807 231 587 37 506 702 297 89 682 114 557 34 968 435 408 94 253 12 110 102 191 211 239 96 62 511 905 491 499 1 665 118 629 607 479 108 550 595 586 1059 643 754 1517 611 432 660 808 546 232 216 390 19 544 723 635 330 697 140 101 260 120 262 758 288 371 714 828 6 134 982 258 200 920
97 126 325 519 465 293 328 799 77 250 120 678 318 953 11 566 1076 231 1098 306 363 140 177 849 893 1100 820 528 681 514 1189 48 280 836 447 53 282 431 23 14 291 1251 961 60 73 471 572 302 139 588 196 106 1148 133 57 427 695 610 273 879 684 873 1137 13 540 764 1095 247 834 365 633 432 27 166 216 130 738 598 184 278 510 173 667 945 479 1054 1019 762 1240 364 329 24 616 595 557 491 155 8 297 717 323 1205 490 347 144 83 435 49 1179 675 424 718 348 831 875 264 452 590 122 502 958 68 103 864 191 751 25 30 205 1077 212 614 387 185 383 374 770 397 423 377 289 607 552 357 468 316 270 526 276 1467 257 194 100 178 899 105 229 55 244 332 272 480 203 413 310 406 669 1104 547 817 56 587 31 179 287 1292 367 33
295 99 487 315 546 260 561 795 690 34 888 1022 196 225 174 908 843 110 729 571 276 357 389 56 5 244 118 695 873 657 725 702 108 567 498 428 275 254 235 32 216 166 241 828 217 697 550 58 299 965 49 133 1354 59 482 942 1419 169 547 767 1028 342 170 239 221 78 618 502 288 693 1115 753 687 509 307 209 780 330 101 92 100 541 496 660 50 262 319 982 856 38 289 1090 240 356 600 333 9 89 384 629 273 537 1069 723 189 665 812 538 321 622 36 125 677 238 135 595 220 258 62 488 703 91 473 649 574 186
197 85 48 1225 1167 484 343 157 51 594 60 280 671 40 860 95 608 511 404 72 360 1116 269 144 652 339 175
435 173 196 68 357 502 251 491 77 403 52 23 289 445 178 302 49 177 176 120 117 106 409 124 24 406 151 577 10 404 565 652 350 647
261 10 177 676 327 647 259 141 613 502 103 501 140 204 175 1 289 136 68 403 862 52 86 223 534 17 512 77 876 695 781 452 364 970 565 722 357 1082 83 873 148 242 427 209 531 120 157 365 595 348 49 406 1123 24 644
310 408 307 78 191 221 357 367 227 647 99 79 1026 1040 200 366 1097 1151 62 394 754 156 361 260 655 142 1028 100 231 300 22 488 8 476 417 347 168 247 46 113 1073 504 218 834 154 1005 192 242 54 725 431 314 33 82 437 6 617 42 197 161 125 607 692 31 816 753 1260 657 273 750 36 170 9 795 29 217 1046 856 936 96 101 256 238 1079 543 145 110 537 375 539 232 389 622 660 239 538 629 174 474 469 549 479 102 193 249 468 1020 496 57 52 88 111 1244 1241 182 442 65 920 356 61 528 166 583 321 76 571 24 777 241 456 557 226 135 550 311 189 58 359 34 114 758 91 978 618 283 47 369 458 326 118 527 112 288 888 368 384 253 185 230 433 201 502 66 948 513 778 5 275 179 363 105 723 53 225 635 108 649 1115 561 982 546 77 186 1313 216 342 320 947
922 217 93 864 599 135 260 58 317 5 94 24 269 101 200 361 38 356 174 78 622 112 888 359 49 161 189 406 408 216 479 57 725 118 471 247 357 241 936 496 297 273 22 505 99 635 31 354 125 695
160 245 420 585 117 98 280 1229 60 860 265 144 959 339 899 731 51 40 157 944 274 95 652
402 216 1256 1298 199 632 1188 616 1302 16 1305 482 888 1307 1118 581 874 383 347 7 438 520 307 313 229 1321 132 866 161 258 728 185 697 109 947 663 1331 1333 1047 1335 493 1019 426 813 65 463 1339 549 118 968 1341 102 1342 1048 1295 1060 850 195 628 189 163 778 879 292 1347 234 499 1343 1127 80 746 1353 318 764 1128 1286 1144 8 1092 826 474 296 757 1278 317 698 1368 353 559 50 853 818 761 1376 810 1086 987 664 15 710 908 1183 1277 1381 1382 1245 285 162 458 277 657 1383 553 374 451 1391 1109 160 1215 678 1349 560 1393 998 607 618 979 833 1396 27 1231 865 538 1122 753 822 1400 295 1030 338 33 200 617 471 1173 730 1404 1153 396 1244 182 1237 108 212 166 547 954 57 352 509 253 273 528 1415 1171 610 1418 1094 974 671 1140 527 1155 646 1289 299 654 172 1049 288 1262 385 142 496 785 1236 236 986 1348 1 670 84 692 864 1108 939 168 152 919 13 738 915 431 1431 447 105 732 1070 1435 262 685 468 735 835 354 1442 357 816 361 492 1448 937 291 410 210 164 1450 690 1387 1083 1009 271 557 653 412 894 532 254 834 1269 147 197 366 1330 799 841 31 963 1179 472 1152 1440 1462 602 1246 1463 1284 750 1203 535 1468 70 135 1470 832 342 1345 1080 345 1266 1052 747 1476 802 1385 1477 758 683 913 811 417 604 953 423 792 591 933 1481 556 462 599 1484 1453 1234 375 433 3 1185 1054 37 1488 1003 982 794 449 19 1015 1101 1408 1180 1099 1111 256 218 754 805 1499 74 847 1260 18 6 1502 208 645 66 1438 518 857 539 1043 137 629 680 884 1370 1068 373 1334 1474 787 926 975 748 593 1138 230 1510 1365 275 1511 1148 1095 1107 500 659 231 621 1498 82 460 408 1301 75 1041 1432 363 1521 1457 435 450 113 575 717 978 414 827 58 100 727 938 244 820 1524 1525 316 1100 1240 1449 1363 1526 473 504 286 1459 887 112 29 61 436 973 561 576 694 184 390 870 1324 783 829 36 830 883 848 379 123 1539 362 1089 1545 282 961 399 1455 479 202 194 693 421 170 1063 1064 752 192 247 44 1263 718 966 290 903 592 369 477 320 806 94 1557 797 743 1112 1191 54 401 927 875 513 1514 32 389 1357 457 801 1265 1218 705 78 297 193 796 394 1306 56 983 1482 1293 405 892 341 994 498 844 329 714 2 1572 720 349 1513 1356 1486 488 119 760 942 1121 143 111 1073 777 169 1584 439 655 529 1214 321 877 1490 134 1317 226 42 293 476 711 211 517 885 773 1088 831 96 1020 571 328 55 239 323 1026 733 734 146 889 14 699 615 309 1403 264 81 869 1594 726 386 448 272 587 232 767 1209 1610 543 60 1611 702 590 843 1040 330 931 1267 967 358 179 545 667 1296 155 808 38 1386 308 558 524 249 1195 1078 337 1491 235 62 424 1467 456 76 367 159 1303 207 201 703 684 377 469 1633 47 640 725 1097 314 724 203 359 624 544 1517 1016 506 310 20 772 1141 1530 573 1640 1113 122 574 64 633 93 1056 46 480 1643 580 1645 1235 1423 1434 1395 508 1445 284 356 240 227 1169 1648 243 1062 79 205 67 709 635 1555 606 154 1655 1142 567 1044 1623 1657 550 294 1337 1543 1066 589 897 548 1413 619 886 1279 34 257 1506 92 586 962 52 622 812 1211 1110 1354 1587 1411 976 121 283 1001 217 191 992 1607 719 677 276 749 1230 856 1639 138 1004 964 437 368 101 673 114 1061 453 1213 779 494 649 988 1105 741 989 484 311 1629 156 465 1037 679 669 660 9 219 521 26 1494 145 1598 1546 541 542 1005 430 53 910
513 568 357 60 391 261 511 652 814 268 731 157 36 48 1 755 360 404 842 860 104 252 139 335 85 930 98 72 117 52 691 95 269 238
176 102 4 187 184 538 1 652 399 76 58 95 81 369 311 60 874 146 354 349 458 618 476 629 1044 52 208 98 114 175 375 359 751 112 214 743 621 269 499 249 251 72 217 296 115 189 698 289 157 482 360 504 456 156 773 101 758 630 347 851 1042 753 368 719 339 437 144 317 65 417 280 450 274 801 881 216 462 622 408 474 117 182 6 1113 54 554 161 147 229 62 51 543 14 104 82 46 256 268 48 830 197 231 145 47 356 1451 373 1167 915 860 807 201 130 357 219 926 261 253 380
612 491 652 609 890 115 325 130 585 274 1292 814 959 280 376 184 51 608 98 891 144 289 243 4 719 360 252 60 206 1166 268 860 175 881 157 117 104 1042 519 630 404 420 43 1
748 201 404 185 73 346 630 305 531 544 485 1016 676 498 78 135 33 1597 822 591 670 1056 488 672 357 49 216 130 546 423 296 52 1048 174 573 314 136 204 734 298 377 159 367 491 607 175 34 50 587 1020 10 233 15 26 32 369 575 110 758 677 1167 584 207 131 960 217 364 147 867 424 1217 652 580 1433 794 273 812 1 698 547 156 1268 557 433 385 31 529 471 693 492 244 140 22 417 226 92 290 83 229 24 166 293 619 184 102 972 88 276 231 479 729 56 101 329 511 719 142 456 261 114 399 321 354 53 161 315 649 195 48 428 340 796 1281 1145 1138 86 209 155 403 77 23 106 778 567 21 920 435 480 749 247 431 278 221 179 253 473 36 241 425 890 144 347 363 121 125 325 17 465 93
467 389 601 267 78 208 498 11 754 311 81 1016 436 473 196 571 260 111 241 49 5 456 733 630 271 238 611 254 936 170 10 172 1009 6 718 156 949 1097 475 242 51 427 400 977 140 449 161 29 512 91 53 347 131 99 643 169 767 52 920 770 490 549 229 275 1160 859 734 1051 204 256 77 199 4 599 723 112 235 34 1090 1028 905 937 36 166 888 856 506 118 587 321 509 500 939 801 135 100 309 209 1151 174 153 157 499 1024 31 673 708 544 573 508 600 185 795 730 595 403 547 288 695 92 857 556 480 896 1245 68 914 693 93 253 569 109 541 87 622 401 89 687 329 647 342 797 244 802 297 350 987 191 1349 318 423 330 319 1168 360 603 763 133 828 211 70 298 1108 17 96 566 262 367 538 942 428 356 438 108 657 474 21 357 97 9 225 129 982 488 64 469 105 690 299 60 584 186 750 665 217 492 314 128 355 586 783 94 33 32 465 476 1 239 408 276 866 230 725 73 114 746 862 860 753 432 371 218 887 386 546 618 62 719 390 258 325 289 629 320 291 748 965 660 867 1020 537 583 317 735 113 676 979 101 102 580 1034 307 273 384 200 95 227 83 431 120 175 58 326 692 359 177 406 567 189 631 669 240 12 533 125 57 485 442 144 1079 1180 818 518 47 148 496 1385 561 137 247 86 694 822 1179 339 550 361 399 471 274 66 56 110 784 1156 354 103 884 283 593 472 387 502 454 973 252 460 394 656 697 574 337 377 482 136 864 216 873
931 32 201 133 725 130 431 325 291 376 360 102 34 161 52 389 221 216 609 452 949 1134 856 26 101 568 973 5 47 111 261 702 587 217 66 578 511 252 862 652 502 888 1023 586 665 251 103 321 207 630 367 289 95 191 337 438 113 660 357 31 767 567 694 404 852 92 247 297 93 1215 423 592 1 629 491 49 276 157 256 150 254 240 371 456 311 184 242 314 269 148 231 719 657 877 274 116 268 199 209 120 339 554 258 329 166 45 244 512
639 34 256 531 357 267 189 456 197 161 52 22 108 58 474 217 258 329 46 49 23 182 458 6 29 368 900 403 307 137 253 54 82 618 296 31 247 354 311 231 101 97 112 622 76 367 102 12 628 114 561 140 444 317 179 342 158 408 538 47 359 758 361 136 288 14 347 221
297 130 60 860 502 512 77 68 387 993 49 371 148 404 501 403 497 873 280 554 719 1121 98 157 209 95 72 695 432 751 715 1 104 117 139 242 325 608 652 1023
668 915 305 114 247 504 710 94 317 175 862 527 830 1101 157 97 698 219 356 136 153 375 808 46 43 1091 970 204 145 783 197 14 162 618 79 1011 142 146 278 354 249 75 47 102 801 22 364 456 409 297 201 349 452 140 864 589 44 10 758 156 208 12 29 926 216 621 6 33 408 531 357 895 476 1487 664 324 52 347 54 311 470 158 506 369 1569 368 373 217 829 912 123 101 874 25 60 538 861 296 229 291 8 154 520 543 168 403 147 209 496 62 399 161 61 77 31 938 23 177 911 137 1228 718 231 141 112
906 216 866 351 730 321 399 60 1063 31 1313 247 660 220 361 52 51 191 452 113 105 611 125 103 240 241 83 66 1020 513 569 57 337 657 750 135 166 861 471 623 256 496 34 729 204 357 58 694 156 209 873 161 290 99 36 112 49 725 101 102 189 297 920 174 186 754 550 116 22 276 93 652 315 366 200
611 1016 599 856 699 700 547 1142 339 360 535 492 465 95 294 191 275 449 189 657 899 34 408 767 250 440 243 81 299 610 89 380 342 62 185 288 315 568 561 359 94 77 702 649 366 432 93 586 96 498 57 989 274 166 460 519 240 66 64 754 571 118 367 49 320 254 730 567 16 1 108 331 269 170 423 318 244 517 491 622 355 863 693 221 329 888 482 471 289 133 1514 578 982 600 549 9 139 669 1146 852 652 273 587 48
14 14 117 64 172 191 185 520 274 254 376 59 48 610 244 121 754 870 615 587 741 408 157 670 404 654 1043 440 268 516 668 51 331 604 9 262 1226 81 16 257 261 577 623 812 762 487 1202 28 20 647 705 1031 264 455 431 961 118 418 375 1057 144 95 200 973 667 710 3 652 1245 1071 540 53 931 470 1356 229 68 82 80 289 1277 471 178 805 1179 1134 695 320 746 406 719 280 860 498 400 890 1166 735 358 57 595 557 1106 891 970 175 669 643 783 32 731 465 1528 79 499 740 251 423 323 318 98 573 789 718 1099 204 227 1027 12 552 1034 855 293 77 566 874 472 62 452 387 283 308
716 131 911 809 12 525 652 83 204 413 890 141 682 406 674 464 17 120 364 25 268 536 124 336 23 416 136 261 523 97 115 68 177 360 403 400 278 196 10 647
819 114 858 435 191 231 504 49 538 60 443 34 408 145 293 26 1028 253 490 629 256 1046 387 359 82 725 193 480 357 320 561 719 52 179 464 622 46 474 50 78 147 300 216 758 683 68 511 24 309 342 6 347 31 161 273 14 232 456 458 247 506 1177 433 91 241 102 5 112 54 311 970 156 76 84 197 261 32 368 95 101 66 321 476 436 544 366 547 634 12 8 260 417 447 33 618 354 201 485 105 189 182 103 146 438 1241 217 1197
431 329 456 556 656 101 100 579 220 121 479 787 1151 364 758 302 1408 740 25 291 132 244 31 393 1138 323 726 778 189 513 20 881 207 654 435 102 137 401 367 552 113 60 331 695 143 895 377 1348 560 161 716 184 532 492 1455 462 106 487 718 587 710 383 1008 211 61 201 166 365 228 667 307 271 337 719 64 15 465 431 862 26 564 499 142 682 576 226 175 6 777 543 203 83 193 356 1277 693 794 94 614 338 615 1144 480 43 751 247 196 475 961 549 622 57 405 557 959 769 970 817 357 590 746 348 116 396 646 735 22 372 1091 225 56 553 971 1222 141 1256 284 229 66 29 359 368 790 1007 1056 227
881 32 583 434 58 247 321 122 309 307 244 555 142 68 402 124 120 389 140 9 95 173 438 781 62 77 12 899 249 465 443 668 181 846 99 66 631 112 278 510 231 182 344 70 801 264 367 106 571 135 357 74 161 23 476 217 725 573 175 131 57 229 89 100 435 342 156 136 216 24 911 101 26 31 253 1445 618 361 506 166 96 635 240 145 256 25 34 452 254 56 118 52 102 796 528 546 179 53 707 514 291 7 201 803 486 480 656 275 464 103 403 157 332 209 669 877 347 60 471 423 158 816 191 283 849 6 207 746 474 298 220 232 50 47 86 406 311 433
501 746 559 125 267 151 76 729 7 841 114 1464 549 1265 357 621 87 172 355 33 474 618 11 230 509 311 320 293 36 226 274 446 12 423 1328 431 1079 1097 93 366 577 264 352 527 550 253 368 496 216 197 808 867 471 231 356 590 436 79 753 710 732 249 586 305 384 32 9 1116 345 17 272 652 256 288 29 390 1167 37 405 758 424 783 335 122 543 157 995 337 165 82 1182 556 452 235 1002 399 291 715 573 1105 308 506 244 499 1022 978 46 208 321 557 112 284 323 926 465 245 532 698 1143 57 834 102 500 1151 347 50 95 96 622 296 191 318 207 52 363 1159 456 643 159 734 544 669 186 851 14 401 1211 73 437 528 98 188 359 219 342 201 349 428 801 367 778 258 113 709 994 376 417 144 702 81 307 389 269 504 364 694 469 26 599 179 166 750 584 309 476 640 767 129 794 156 99 458 965 211 319 147 864 660 238 101 365 100 561 34 145 632 254 592 170 148 450 154 362 435 247 820 593 914 513 146 888 280 673 725 896 118 275 241 297 591 158 53 438 161 497 217 75 646 1020 108 651 182 470
260 600 58 161 241 321 289 319 157 57 247 920 0 24 200 592 254 491 112 102 492
328 378 148 89 873 88 216 288 561 297 189 241 103 1401 888 522 289 512 357 49 1108 640 494
457 1104 340 34 344 166 260 1023 240 1039 51 52 762 1036 156 647 446 233 336 872 656 17 955 403 24 12 389 452 409 350 408 935 278 1136 348 861 176 177 144 107 83 305 652 467 443 731 98 474 364 445 68 781 87 1069 49 280 298 116 25 577 531 101 209 1161 816 150 274 404 1067 48 157 281 140 814 418 1006 268 175 561 201 39 382 124 1225 161 86 360 117 289 643 629 376 1405 97 339 490 565 555 158 434 357 31 181 95 104 189 136 307 269 846 530 525 11 89 10 120 1013 153 552
760 1264 21 186 690 31 359 905 49 216 218 161 311 475 660 303 12 471 174 326 256 257 0 652 856 581 795 408 1378 50 920 105 214 733 24 488 145 571
395 911 298 577 261 814 928 274 17 190 165 98 1091 24 516 51 228 60 891 204 1449 246 565 196 652 49 86 364 280 1077 136 647 1011 12 158 416 25 502 117 77 552 120 403 769 278 140 306 531 151 23 269 564 103 144 370
35 35 176 116 223 233 248 327 331 343 380 392 402 365 403 461 344 481 489 490 136 165 565 213 133 605 624 626 98 24 413 483 696 180 736 759 788 39 43 41 595 582 825 836 845 1 871 880 278 906 40 918 929 391 861 59 809 209 873 306 849 187 793 370 997 653 279 1025 441 525 251 266 950 1053 289 1067 1085 1015 675 924 404 1137 388 1140 824 1146 1147 620 1153 568 643 364 1163 1076 1170 1175 1178 925 445 682 246 106 1190 1204 1205 577 1207 1093 769 1186 1154 497 491 695 872 854 786 600 1221 378 1039 407 870 263 552 126 1248 188 1197 287 689 1254 762 904 971 930 594 1264 631 815 519 1275 722 128 700 863 1035 107 668 522 1283 1285 765 86 175 977 814 69 1036 995 1296 1299 1319 791 776 486 1229 1327 443 1329 1332 701 789 588 371 1350 1136 28 459 1239 1360 149 1362 1364 1366 502 674 1374 634 196 455 224 157 1294 1389 432 1392 1206 268 60 406 265 1394 376 671 713 1002 139 531 1259 911 452 348 72 1091 891 614 970 148 95 120 415 1420 1027 1424 181 1103 222 1226 68 1437 1439 302 1225 1447 158 651 564 1405 800 1034 1132 530 555 1459 484 955 204 355 1104 639 1466 1023 1102 1434 1421 536 771 171 934 1074 298 858 707 419 23 245 893 1500 1419 49 237 647 516 104 140 944 823 259 1069 501 1233 1022 83 523 960 739 1096 917 534 387 332 563 1210 596 1331 1119 1310 1529 51 434 0 89 464 876 860 63 838 1456 1106 131 466 301 627 652 1196 514 1452 144 1469 1059 993 1415 1564 360 322 198 1558 578 774 613 173 712 346 420 1261 846 1018 409 1536 956 1029 862 665 570 336 650 1472 1596 339 400 1379 228 1012 637 512 1567 17 903 281 1549 270 932 798 12 48 1568 608 656 243 510 1031 999 597 267 1006 676 1534 1212 1625 242 1055 340 274 507 1629 280 1114 768 451 190 1635 1077 1243 97 103 928 731 781 416 25 1123 899 393 1316 1286 1652 167 117 467 1174 566 782 1199 1011 585 1662 996 381 487 1664 855 1665 1381 151 1532 45 141 851 704 77 572 178 124 1528 1429
475 86 502 68 60 261 140 339 578 24 136 95 1116 403 209 719 85 1167 49 652 647
805 104 357 98 310 899 189 731 52 459 289 175 815 1189 491 652 751 955 691 668 375 43 153 10 1172 95 339
625 175 435 161 102 157 103 649 438 601 638 93 277 317 567 25 6 73 112 12 256 887 754 254 492 479 195 584 697 177 174 78 260 433 179 482 305 321 240 88 82 10 599 592 96 528 52 573 294 136 367 94 91 22 431 36 289 706 329 914 108 262 180 181 241 347 166 274 47 49 408 57 101 247 600 95 261 87 295 730 529 311 982 403 173 114 86 26 496 702 125 113 652 238 278 118 357 320 71 273 822 58 21 366 235 423 411
204 52 189 387 350 762 103 403 175 136 173 1034 360 177 24 120 278 357 719 652 445 68
98 133 148 144 124 467 506 13 75 247 103 473 239 291 689 406 315 64 464 718 612 98 289 91 68 92 192 181 82 209 415 166 257 374 46 140 443 153 232 652 955 57 200 961 360 445 630 329 935 278 597 325 105 23 79 528 21 456 89 251 357 24 337 340 447 592 1049 333 350 1024 347 586 136 820 50 324 31 272 238 529 221 26 1180 288 293 254 261 801 52 201 229 438 130 269 321 120 512 434 862 244 216 366 172 588 268 526 77 309 1 3 342 348 33 600 364 114 707 1210 99 236 86 298 231 719 131 748 336 83 1172 491 180 155 320 146 53 125 122 220 9 1016 338 682 184 233 111 670 161 142 178 465 156 15 502 1270 470 305 695 681 433 310 486 694 816 471 404 101 297 537 590 95 367 73 389 476 781 544 191 318 368 307 226 403 84 715 710 546 157 472 656 554 525 390 12 510 873 277 423 709 25 96 10 49 159 518 189 726 302 47 28 17 22 1530 556 632 758 56 308 706 179 335 204 861
337 860 353 652 98 269 608 117 139 144 1121 719 116 51 175 609 585 60 268 554 274 814 578
485 1436 1116 360 420 251 1409 511 1229 793 269 130 627 252 608 1103 1 641 594 609 213 995 1027 223 925 731 814 376 890 715 1519 116 960 930 838 928 404 899 751 95 339 391 289 1225 325 671 43 1002 668 570 860 839 331 1561 719 1023 950 736 630 60 274 40 175 335 1421 280 157 1181 568 48 139 1167 261 1614 459 1257 1015 115 206 497 1098 1166 243 1261 491 117 755 4 1121 585 51 144 1595 85 245 881 851 171 187 184 997 265 681 98 652 104 268 944 666 578
523 390 36 26 423 849 166 280 417 100 207 832 959 431 514 438 654 842 102 85 404 181 343 72 614 921 454 681 594 1113 58 608 347 725 227 97 450 204 406 0 46 383 1370 938 518 526 948 1167 1471 559 201 1482 1048 291 652 246 1070 110 221 367 1119 54 82 1 140 345 930 115 1256 881 891 543 229 112 1267 1447 523 403 305 268 746 1145 339 1461 1533 531 145 240 103 1315 62 135 890 1168 121 631 1126 1181 273 525 1179 577 3 694 628 150 350 232 420 554 346 502 618 64 922 717 826 242 925 24 142 522 1092 900 620 197 104 14 320 475 552 182 757 4 8 418 37 253 118 469 970 804 139 666 388 874 1049 293 1109 202 549 565 613 172 643 446 491 452 325 656 745 473 200 47 587 91 211 52 474 831 630 49 99 310 1019 1018 254 87 511 174 758 566 1309 415 307 354 230 231 156 1028 78 1038 1171 130 877 209 936 789 40 515 719 1137 226 28 433 537 506 66 639 905 555 168 247 29 206 435 952 1017 547 408 973 413 773 536 297 1216 1143 389 798 467 23 162 124 663 994 513 647 333 532 153 147 126 1433 1197 801 76 1430 807 31 769 409 152 465 56 480 755 869 73 456 394 1672 219 1183 189 359 561 332 184 676 244 530 48 1281 284 815
116 123 166 11 287 198 401 430 162 553 555 604 104 610 29 422 709 494 630 292 308 804 117 415 80 48 456 124 113 919 267 935 944 594 201 216 161 25 368 146 247 165 495 309 357 732 544 552 476 858 399 778 1102 175 577 76 1011 390 337 695 182 12 240 945 233 963 256 1049 447 4 527 768 297 620 336 886 984 408 820 87 621 371 773 226 340 84 97 280 274 285 136 347 47 260 1110 1181 706 413 1234 1237 151 647 406 741 363 242 1018 69 291 1262 364 462 99 472 51 1023 651 249 289 311 471 101 826 154 758 528 480 783 278 1223 444 373 112 883 1325 191 960 153 338 809 452 433 177 367 321 1363 60 83 131 1143 565 269 890 1229 668 510 683 56 114 416 469 139 953 474 446 1320 179 208 383 42 479 1257 801 197 608 211 252 346 382 559 418 100 121 628 1099 207 531 735 832 79 701 164 232 1192 507 585 863 589 57 350 491 73 335 30 833 181 656 438 536 921 231 1002 31 748 631 895 864 437 156 332 77 719 564 530 52 985 253 514 1159 877 774 49 244 305 1244 229 23 1182 458 75 82 168 167 66 746 98 296 1260 314 554 196 505 885 409 360 613 881 1116 203 614 657 7 333 325 698 1104 834 1062 1070 1167 239 14 1328 95 543 20 355 1224 1376 147 707 158 251 846 743 1196 361 492 872 192 563 891 351 640 217 734 1013 663 1421 1174 435 317 24 53 26 869 184 120 10 609 860 661 1113 685 353 652 1277 971 135 345 861 298 926 453 102 464 1037 742 172 925 33 757 1103 22 324 904 61 157 839 506 557 427 209 261 143 140 1040 686 504 130 532 388 534 403
620 120 348 409 357 4 269 863 175 364 130 1206 700 148 43 0 355 184 124 157 512 1006 1034 1325 336 77 1229 287 382 862 63 731 1116 280 392 944 60 289 98 452 196 141 682 144 774 274 873 814 87 52 204 861 1178 83 960 1159 397 552 371 209 346 1023 491 95 413 695 305 446 73 139 133 278 523 10 613 68 781 117 24 652 614 158 510 86 189 971 568 666 719 49 388 789 1196 140 104 427 302 251 530 855 72 630 266 41 565 25 854 534 891 30 935 403 644 1 153 181 483 681 656 751 233 823 490 365 242 136 267 387 890 177 268 647 228 461 404 860 115 445 511 89 1018 419
407 731 280 491 43 175 335 95 719 98 1116 668 339 360 252 157 608 1409 435 959 274 652 48 960 1 408 755 268 422 511 72 104 578 890 117 291 144 115 130 343 289 944 206 404 60
660 365 487 657 252 145 801 1136 4 173 203 98 433 209 1082 613 351 153 68 161 242 83 104 66 309 29 166 849 320 220 34 189 175 140 302 528 382 112 240 1089 325 361 1167 355 647 1018 254 864 445 278 56 156 568 52 195 124 555 136 614 455 977 934 552 427 198 502 244 393 97 525 318 49 452 256 95 50 57 297 10 531 656 307 465 179 357 781 315 191 17 267 413 731 174 518 53 383 476 329 260 740 317 387 88 544 31 24 557 103 216 289 118 33 131 135 840 217 25 102 177 249 499 893 1034 719 196 120 415 77 403 73 745 6 404 682 12 269 113 99 347 424 336 364 283
743 88 754 175 408 170 309 99 389 101 182 274 22 53 157 118 108 568 321 794 9 5 496 56 256 32 492 317 311 240 357 305 318 191 438 599 12 77 221 216 217 307 8 113 860 905 571 284 52 236 818 239 58 91 98 29 100 697 277 174 34 288 359 657 148 276 144 96 693 347 200 612 269 320 367 36 93 518 730 209 660 293 222 166 431 289 1028 597 247 161 567 273 180 47 156 652 23 66 433 390 112 366 125 356 253 24 220 102 275
179 309 440 379 6 719 289 472 475 359 56 470 1012 490 360 225 113 318 856 161 260 156 186 104 247 1016 436 361 409 623 68 135 3 131 12 877 83 340 77 1013 577 25 221 256 291 921 828 1029 238 390 153 973 112 154 191 488 137 1134 561 347 418 100 506 342 50 174 173 204 99 443 166 160 299 97 103 89 216 189 311 502 438 622 101 57 200 445 53 635 115 52 1104 254 690 98 49 239 320 66 220 140 177 17 357 31 326 34 431 33 381 275 492 471 118 618 62 141 95 280 647 228 416 888 230 656 40
691 59 644 695 180 73 17 302 403 1159 502 31 277 124 68 49 140 512 112 289 58 86 141 491 200 371 0 506 133 357 148 209 56 95 24 599 613 103 10
418 304 238 321 611 380 289 623 108 10 52 217 260 603 133 186 795 319 49 136 156 357 89 254 262 471 101 24 191 273 729 652 491
617 147 302 837 190 131 406 935 1354 159 125 297 600 229 908 413 982 53 467 888 555 34 646 367 226 549 291 717 1113 350 468 100 1019 50 1228 68 71 24 1555 201 709 22 231 216 826 702 357 531 153 337 1211 238 638 580 290 282 685 573 97 740 425 418 385 180 99 458 262 82 56 278 217 23 305 504 338 114 244 864 239 610 479 834 368 373 195 95 54 9 471 778 363 1018 351 1109 799 277 167 28 693 718 12 312 796 1054 678 293 49 445 292 953 57 136 575 247 655 423 93 694 1526 83 403 447 538 178 1072 540 347 710 241 648 433 567 552 179 690 480 895 118 256 310 101 994 383 73 389 437 344 31 450 345 921 102 542 253 1104 112 475 84 1020 135 87 14 743 8 408 328 607 321 78 156 474 737 651 10 614 26 1237 628 221 76 613 698 288 435 47 502 33 189 140 544 1044 191 482 88 901 879 209 146 235 354 758 773 548 161 66 311 211 163 382 516 233 198 978 456 182 232 882 364 832 1039 185 1373 296 695 52 361 1260 275 5
113 153 157 484 52 24 209 382 140 120 278 178 68 355 106 364 60 151 613 392 189 136 73 242 357 95 403 77 446 614 289 1036 406 647 745 502 652 10 87
776 406 10 120 656 12 668 52 68 652 309 106 112 198 196 98 157 525 209 460 181 403 24 40 340 83 268 140 89 552 95 443 23 350 513 177 26 357
439 278 112 267 306 862 63 247 1395 180 861 297 614 563 298 403 30 357 700 371 1055 137 355 547 302 246 93 125 876 446 78 140 73 523 1102 452 239 1483 1229 285 175 719 1077 136 855 331 228 181 641 427 94 595 101 511 36 471 1379 695 4 881 497 1537 364 483 49 1479 139 399 506 141 280 502 117 209 23 365 751 1074 22 77 644 1119 96 1123 189 839 204 52 925 769 400 676 798 535 35 890 156 1 41 1219 322 11 1067 479 336 360 652 10 17 102 722 153 151 43 130 25 1098 60 242 1302 1346 216 382 252 534 266 268 1154 269 103 1175 977 87 256 1076 24
734 649 307 217 12 337 288 571 297 189 66 351 102 321 359 390 53 5 229 239 88 277 730 355 38 199 157 250 148 232 101 240 49 408
446 86 561 664 503 905 260 498 622 254 673 169 589 475 695 44 217 403 307 191 923 442 979 981 361 278 1346 133 321 586 611 877 802 491 197 199 91 102 174 166 690 433 506 1247 801 29 599 247 456 1076 339 320 828 729 540 330 816 105 156 480 537 1159 541 95 83 56 110 736 668 465 359 158 835 333 496 389 367 1238 135 900 1034 618 258 117 694 317 101 289 50 310 125 856 154 239 345 66 7 342 888 867 468 36 57 170 296 88 315 915 200 351 556 780 488 544 571 81 262 795 33 291 936 273 408 179 34 299 118 52 873 9 303 472 759 99 460 209 256 55 473 942 374 500 1056 390 189 100 531 112 753 77 124 1013 423 454 219 62 550 202 49 693 108 232 231 94 965 114 689 584 492 920 137 275 84 357 436 726 68 89 6 355 5 221 1500 53 363 230 58 592 657 1036 1460 707 60 512 1009 172 309 78 150 754 161 893 623 347 567 31 1583
195 361 474 423 547 78 697 882 135 538 962 568 591 89 666 801 105 49 622 479 586 235 408 5 491 473 238 420 4 118 32 561 77 101 567 482 273 317 209 590 230 203 58 342 822 654 156 729 34 254 191 431 699 43 243 67 693 36 1313 52 53 730 354 99 288 295 438 85 200 9 1334 174 112 1343 299 357 304 802 221 24 508 492 690 231 635 581 1058 291 856 509 214 102 1235 128 512
809 175 873 23 24 1023 452 68 151 501 98 769 651 497 25 117 613 971 360 43 278 209 157 891 158 944 652 1034 95 502 60 12 523 140 141 403 136
359 404 68 287 198 157 641 222 873 487 985 209 432 89 251 86 682 371 360 364 459 130 365 325 1116 1451 582 491 60 95 103 45 269 12 49 751 881 181 552 781 512 28 139 173 148 860 762 695 24 691 204 630 1017 77 676 124 392 1006 568
403 98 652 339 881 890 251 40 245 104 144 60 289 380 95 404 48 72 157 491 175 252 719
860 47 360 600 323 243 342 108 95 895 393 404 221 346 652 184 117 1527 316 1257 762 395 512 289 807 179 630 280 610 377 719 72 633 130 17 216 447 176 247 336 1 242 592 1145 325 438 10 852 64 491 166 49 823 599 104 487 362 251 48 985 528 681 214 511 423 863 550 43 310 274 206 366
136 207 354 338 551 417 135 231 347 357 887 424 57 179 309 103 6 503 814 261 311 25 531 657 1100 182 342 153 517 433 1062 155 444 170 709 217 277 403 273 831 236 694 361 50 198 85 365 102 292 254 538 191 84 32 307 288 136 52 99 371 82 195 174 613 389 652 693 456 719 528 367 256 26 1498 100 96 219 474 146 628 480 197 247 201 656 635 321 471 345 116 232 443 118 278 101 385 180 56 33 360 225 796 12 1167 68 159 820 76 781 464 801 8 340 431 274 252 529 142 1540 10 156 435 935 24 458 1049 544 966 253 161 573 363
508 6 94 24 235 200 229 1162 719 320 254 657 1 216 141 157 289 256 357 331 1409 307
489 101 817 309 831 655 221 217 186 121 858 837 189 122 474 123 216 8 978 74 113 181 166 208 469 161 14 198 12 401 338 20 852 220 352 527 540 303 583 476 710 232 345 296 523 1044 191 54 946 746 225 1008 654 364 195 137 818 1037 44 368 7 33 984 357 647 240 99 253 452 692 367 254 764 147 238 60 125 373 349 112 875 947 215 919 79 1034 103 168 513 182 239 31 801 559 740 1040 792 622 1295 76 56 193 57 293 778 465 61 529 70 229 192 307 146 27 456 354 114 326 6 561 796 317 526 366 247 311 758 26 479 607 945 52 531 142 799 424 100 29 156 82 741 458 518 22 179 321 47 573 403 9 37 65 467 363 437 563 492 167 538 443 888 256 50 53 356 102 91 361 231 1642 834 328 742 315 342 537 900 201 399 219 283 1092 1028 431 544 551 347 669 264 135 172 435 816 504 96 502 790 826 118 282 394 1164 777 88 24 698 211 413 528 878 803 418 602 194
376 669 357 262 151 697 254 905 283 757 501 822 257 1063 166 82 562 1315 432 1330 1340 320 67 232 781 693 91 40 465 1387 49 172 908 118 220 110 288 447 1294 217 965 315 1047 156 160 723 994 62 660 371 599 582 210 59 200 476 411 597 600 831 480 956 666 594 726 339 1134 182 238 195 39 125 1515 1104 767 646 654 26 338 311 415 50 103 68 133 403 214 485 183 950 243 294 108 100 574 670 363 24 695 750 364 544 460 154 95 185 299 260 702 281 895 104 873 467 102 719 340 53 344 230 23 139 385 174 433 135 443 78
629 130 289 4 360 719 404 104 85 213 1280 511 594 60 95 144 325 484 48 376 700
342 567 669 117 296 47 359 51 931 352 249 211 324 516 65 20 817 77 220 468 421 549 846 25 425 260 1095 444 864 364 95 1009 97 604 81 347 801 160 523 366 298 1004 268 945 101 693 56 210 15 363 403 830 527 158 46 6 1253 136 307 311 684 452 100 368 499 1 972 408 495 521 141 354 583 740 14 321 339 217 209 218 175 244 140 297 272 357 192 1008 652 207 900 543 571 80 926 219 216 52 849 373 161 60 285 427 351 147 1023 172 99 542 746 362 49 256 698 331 973 928 79 1260 401 280 305 31 247 200 773 695 278 651 367 229 529 22 230 435 399 189 467 413 834 978 1237 57 202 114 342 768 239 1191 29 82 166 233 1262 320 61 660 587 418 221 1194 506 162 456 317 504 208 145 156 150 356 895 53 33 531 102 58 288 676 375 465 476 121 390 799 758 112 358 294 1092 1070 646 103
627 471 934 311 62 56 60 670 156 29 267 256 161 51 114 695 111 629 350 476 521 403 140 437 145 136 444 75 640 360 748 280 559 91 733 98 910 31 200 216 172 452 357 77 320 1077 942 57 231 363 309 710 102 577 496 112 652 758 895
210 406 413 77 25 434 173 403 287 452 99 464 490 355 531 269 1006 148 1206 278 596 49 552 836 701 707 298 482 103 141 388 267 336 364 656 23 858 404 443 181 196 176 131 861 144 302 525 530 274 612 66 40 180 95 24 53 83 97 136 1036 432 823 86 216 523 51 322 1106 682 242 899 156 360 140 1018 12 445 501 409 781
494 538 347 1108 681 184 52 108 329 694 436 244 364 229 509 567 66 115 866 690 256 311 936 629 547 179 200 145 1310 677 389 715 660 860 191 268 592 438 189 130 356 240 269 740 89 446 763 1098 652 174 100 950 357 34 72 888 522 320 104 404 230 241 297 235 719 428 5 32 209 254 221 140 753 21 550 700 284 10 657 433 96 638 258 835 635 922 321 56 750 31 666 71 399 98 725 982 1430 157 581 49 697 216 101
400 289 269 652 630 98 130 860 751 48 157 117 397 608 4 325 1023 280 43 960 115 404 252 814 666 719
632 95 1104 302 416 173 140 348 1136 189 1077 86 12 297 157 668 309 514 305 254 530 10 336 161 107 423 656 177 228 446 881 1172 165 51 102 130 387 153 60 455 23 49 695 809 1530 101 652 178 800 434 357 631 864 209 278 899 350 511 413 1016 131 731 77 99 294 32 331 368 846 166 144 221 31 191 364 24 240 861 745 403 567 229 557 7 904 141 68 552 409 83 52 502 647 259 464 408 445 467 116 531 201 112 366 239 120 167 25 393 124
495 355 942 1069 660 141 482 751 395 512 782 1196 157 209 490 501 873 49 289 77 406 568 189 541 665 94 496 95 180 331 723 297 133 801
377 1239 93 884 595 581 47 226 156 863 622 751 5 112 436 480 901 1022 501 221 57 237 1286 40 160 1297 713 382 1149 707 550 231 512 161 1151 1076 483 852 896 513 275 216 170 166 367 180 648 101 78 351 612 722 1008 34 299 427 110 948 444 821 331 114 238 734 62 199 211 52 289 571 14 378 143 703 82 561 10 547 236 699 21 1074 158 83 583 36 1271 405 936 361 533 488 125 1146 103 503 644 250 1145 613 655 1120 8 215 319 635 1453 307 1357 642 288 284 954 694 389 99 56 260 174 277 485 1077 515 730 22 121 980 141 189 475 411 500 315 55 818 225 395 672 1040 435 242 263 1233 154 342 1196 510 1219 538 660 1513 357 96 454 991 329 285 4 1378 346 91 254 1401 1026 113 305 1252 163 584 923 429 217 38 939 695 781 546 750 118 760 1108 359 706 888 479 256 819 690 258 181 649 63 424 534 390 992 1211 321 1379 1083 145 352 822 752 1490 1123 927 931 230 767 297 184 200 496 600 527 220 366 136 1100 61 1110 241 466 287 338 67 337 11 1133 135 31 702 574 66 169 356 1255 1344 244 235 399 1001 725 736 147 457 518 1047 311 323 240 692 137 29 947 290 754 902 611 428 347 283 908 1543 201 522 413 1454 517 49 646 108 146 273 247 94 100 394 499 44 295
91 110 247 242 68 374 36 111 356 435 694 182 498 544 122 156 56 600 695 83 590 693 465 424 172 244 1065 166 320 253 1024 239 66 1128 442 15 283 193 433 57 652 601 321 77 204 216 95 482 51 329 103 170 203 201 24 390 470 567 284 23 667 178 729 133 936 93 821 347 9 610 357 593 6 31 418 480 326 406 647 614 828 79 293 53 919 32 161 254 485 98 703 912 376 100 751 403 687 309 12 273 822 139 220 431 895 16 682 211 117 231 124 155 428 64 366 438 72 135 1034 120 86 179 629 1179 367 472 52 238 1142 423 349 186 174 7 801 528 226 176 867 364 345 134 961 291 17 33 479 456 20 556 101 372 492 323 136 97 763 8 546 568 232 50 377 99 913 157 1028 70 191 227 76 307 475 1076 299 623 718 333 89 573 140 225 471 571 1143
12 12 160 200 40 102 358 229 335 433 186 298 613 46 437 293 253 549 434 6 450 776 76 254 464 443 354 289 754 523 209 211 403 240 86 56 231 14 249 725 95 874 942 103 543 698 68 321 719 101 97 768 781 146 96 1113 887 53 841 978 147 344 27 769 631 926 256 389 244 1190 572 577 142 773 416 182 901 347 655 632 695 357 822 452 219 465 278 709 861 651 50 438 118 69 157 757 33 738 216 552 159 877 122 528 435 135 390 480 317 54 24 58 905 911 178 25 704 8 1044 1265 647 507 191 277 145 758 265 471 566 20 536 492 217 112 79 31 331 656 973 445 1023 205 208 771 301 820 232 1257 657 201 685 131 194 531 615 57 218 140 181 99 170 456 32 174 23 100 114 175 529 460 299 1034 154 296 267 669 919 179 158 136 26 144 340 309 29 668 363 364 117 808 156 442 162 283 272 458 474 502 375 573 161 311 412 746 415 247 60 635 165 408 1104 557 196 7 831 513 561
211 196 52 12 363 1190 656 781 357 413 106 220 572 131 336 278 985 652 340 347 157 103 416
451 357 261 744 1281 1430 652 49 274 1384 58 269 719 522 89 502 175 117 157 380 98 104 289 130 491
90 109 162 252 286 6 373 375 400 453 296 495 166 558 586 526 613 101 629 120 211 342 682 464 4 390 746 367 184 502 805 217 84 158 307 76 740 249 654 181 942 979 571 361 156 364 968 480 253 293 10 931 749 431 421 220 195 114 198 528 719 1112 221 833 798 506 796 535 65 1054 646 246 864 938 462 775 573 1148 471 23 141 239 787 357 1070 531 513 820 1097 22 649 660 292 351 877 494 157 174 12 705 543 703 24 433 1138 1049 208 219 647 733 80 308 1165 49 231 97 856 818 1076 801 1159 835 267 102 29 726 33 25 655 30 136 1009 520 583 610 423 154 476 338 297 816 46 169 1308 1126 32 1122 213 284 394 411 667 623 323 99 196 288 368 90 710 118 822 179 36 518 60 473 388 399 324 1237 27 490 456 119 499 829 94 389 354 209 750 947 200 88 229 435 17 377 852 618 135 194 607 443 205 8 697 401 482 386 86 814 783 172 849 606 889 311 604 1019 355 11 492 730 83 754 359 614 139 778 425 291 450 216 242 827 846 534 935 392 720 460 345 320 256 953 20 552 693 115 447 743 247 316 56 366 409 527 508 408 328 470 837 978 437 241 93 113 475 973 830 417 617 100 250 278 474 385 50 31 14 321 151 505 79 81 254 1223 61 576 808 405 150 165 1016 496 192 232 305 53 1 644 127 544 98 111 468 54 272 182 794 222 44 549 855 676 289 971 347 403 314 479 34 244 352 622 718 498 1089 1277 38 734 47 438 735 126 559 52 1092 530 121 844 137 424 191 285 619 657 645 1245 201 145 161 683 834 160 363 82 112 57 748 96 529 900 977 329 207 240 1179 3 656 1008 358 334 1164 337 7 117 483 317 895 5 9 85 309 226 1265 504 887 580 73 514 306 919 189 315 260 517 813 383 758 72 672 609 356 142 103 427 677 1268
415 608 1069 600 1 148 568 1155 89 522 60 355 180 665 49 242 186 36 115 541 133 9 404 241 960 321 1053 482 873 189 702 723 289 72 492 512 739
409 552 257 305 736 959 783 698 191 130 1092 347 615 155 183 532 28 758 119 29 216 260 40 424 749 921 176 447 445 38 345 383 881 349 95 355 66 185 27 43 1365 25 566 1118 904 125 417 994 809 136 202 201 499 1018 396 953 3 475 406 309 140 1309 285 48 239 101 404 930 1048 30 474 79 487 706 965 1084 408 644 567 1024 1068 179 367 591 232 973 188 190 157 971 60 822 1359 667 841 78 631 338 99 1159 165 672 114 311 85 247 813 98 527 633 861 80 154 738 1133 339 57 587 555 387 695 526 273 194 399 197 590 293 229 969 360 752 231 333 206 106 693 1028 385 435 172 111 133 149 1387 534 10 53 58 438 115 594 193 405 46 608 302 1054 443 600 184 1461 139 891 226 61 207 4 363 922 86 15 794 22 528 945 227 1112 415 801 432 834 268 168 73 394 1433 1105 781 297 433 554 860 351 1281 683 547 375 1259 412 31 423 116 630 382 1145 1240 219 240 390 1109 299 56 122 853 62 70 117 77 1216 1104 0 1067 872 153 576 890 82 34 522 1507 204 502 735 289 952 24 142 189 50 162 682 388 409 862 104 479 789 274 11 1517 642 89 719 42 1126 275 506 403 357 91 456 542 519 614 362 365 490 121 209 112 33 14 724 465 681 716 717 670 87 453 175 264 1167 934 613 361 678 93 135 97 556 629 52 643 568 148 849 469 120 557 416 1210 864 359 9 354 280 958 755 509 531 1356 580 589 284 799 1197 151 1114 470 173 769 471 449 124 815 1277 342 143 134 161 310 1295 320 734 113 166 875 291 948 480 659 961 369 51 586 565 205 350 514 203 220 1256 914 376 200 895 159 1016 147 389 88 446 256 283 254 472 646 244 1008 325 356 1369 656 100 648 936 512 740 318 460 544 718 515 84 17 660 577 413 1038 543 828 343 1176 144 778 1290 8 72 329 1179 68 513 103 65 1181 676 654 368 709 762 6 150 23 518 666 894 549 807 492 1 364 328 530 703 371 570 537 776 211 1034 647 427 1095 141 618 684 372 315 1447 230 181 313 491 1106 348 842 321 455 278 47 833 931 452 1430 877 16 177 746 623 525 1143 835 925 243 855 36 711 533 1171 873 366 745 102 146 20 83 510 373 431 324 26 49 551 511 652 488 391 298 346 1672 156 221
587 1028 20 156 342 347 75 431 161 155 29 53 442 117 293 203 166 423 291 232 278 49 309 257 356 552 887 196 438 693 945 172 8 502 140 659 124 176 89 256 32 191 746 540 895 488 445 310 46 178 762 173 47 122 436 51 201 565 101 57 68 64 321 357 240 315 667 532 465 456 289 632 348 1024 56 526 31 23 114 150 216 435 654 590 374 190 644 695 740 318 80 229 204 320 113 177 120 25 614 220 86 400 504 60 647 221 366 1179 77 3 546 510 200 404 610 1016 136 247 424 516 329 364 403 83 365 302 389 600 97 447 11 564 227 186 512 22 556 87 406 718 33 99 492 528 303 853 745 719 130 13 17 427 387 52 390 623 24
442 746 1112 119 49 390 385 1021 166 15 540 22 299 55 435 1397 492 543 488 350 642 476 99 54 16 641 6 1126 256 752 34 1098 790 239 983 703 979 1057 320 365 56 520 78 762 421 485 147 77 462 670 124 587 1348 905 92 81 521 1072 794 465 503 40 230 319 401 729 342 597 142 1217 247 680 1309 151 62 831 113 226 718 561 97 186 145 364 705 460 217 329 14 68 1241 203 447 311 1020 472 19 423 889 101 336 667 530 135 890 669 960 209 526 297 477 1100 611 215 205 404 227 740 757 818 60 26 24 88 914 362 253 508 830 1106 796 799 1090 363 130 852 443 293 498 449 330 1046 7 590 723 861 188 108 633 432 8 544 384 157 397 1236 923 586 546 160 216 1110 1142 945 506 32 300 1210 260 480 965 189 649 283 95 735 96 707 966 440 550 995 100 261 418 1253 1495 531 5 833 694 1403 828 968 499 971 505 204 114 647 346 89 376 112 585 221 377 146 1145 241 572 275 807 479 1268 325 193 374 240 1051 1134 554 79 290 46 1478 690 368 1164 866 751 475 719 1179 600 438 328 291 12 697 730 973 936 949 1279 225 867 618 150 118 1016 117 202 747 47 1 403 258 1185 470 853 681 725 405 533 750 172 733 682 821 64 629 1104 74 309 31 504 218 1180 537 361 394 277 1356 90 98 518 356 303 693 359 436 120 557 428 116 1024 657 308 306 17 573 630 638 552 745 741 528 302 442 194 453 1306 156 803 348 816 28 553 254 158 273 9 50 487 659 3 884 1391 532 834 125 238 716 919 778 276 948 678 179 753 66 920 1084 556 196 1190 1151 316 231 387 1113 178 420 1128 372 173 154 107 758 748 1079 315 817 646 354 1359 601 961 105 323 244 395 706 347 660 33 140 431 491 571 1031 143 272 201 471 1028 547 1205 367 784 1228 48 233 416 1083 211 623 687 321 456 654 76 812 70 424 174 326 754 874 281 53 220 455 511 859 652 612 538 622 175 931 525 765 245 406 200 1177 232 104 1114 317 264 102 1037 357 184 474 619 52 683 955 181 482 726 82 595 94 1048 692 615 161 842 392 23 607 1203 982 445 249 913 1008 110 141 1009 454 115 1467 727 714 814 259 433 25 20 313 278 567 896 565 195 490 176 412 684 1214 548 51 83 289 257 793 339 469 1019 337 583 529 318 1168 307 36 169 229 57 310 888 91 122 103 131 1003 574 191 80 857 136 1095 65 137 820 1109 862 408 783 1349 86 182 856 1115 592 1213 393 29 417 185 887 366 1240 1577 496
121 173 204 157 281 432 200 302 208 566 390 197 203 86 650 559 730 316 756 47 547 829 403 409 333 872 506 132 267 242 31 133 207 220 755 856 707 227 546 996 141 491 401 219 767 1029 183 260 1082 307 95 527 719 734 1154 351 118 471 256 199 947 371 317 117 359 1126 426 98 107 230 201 389 22 574 46 34 147 101 259 51 479 632 456 813 570 49 725 221 862 6 1091 88 119 445 1039 254 52 156 657 1394 68 911 465 935 1022 148 298 297 938 704 94 492 153 695 174 1076 330 33 131 581 347 476 77 75 490 568 73 151 83 399 108 299 369 189 543 442 557 801 362 364 1089 406 196 249 866 288 1016 273 69 571 647 460 423 175 315 361 120 179 53 622 250 504 289 888 240 431 499 656 111 1019 355 191 356 0 746 758 427 1391 25 231 166 1093 552 502 500 226 1419 216 247 62 1 56 57 644 745 102 623 140 177 408 229 945 239 630 438 1077 614 112 342 97 58 528 556 96 278 233 1167 649 599 114 597 1233 942 501 145 1014 1172 981 329 586 321
476 391 182 415 471 367 101 331 73 754 118 399 289 33 1013 294 1128 456 309 175 150 114 314 474 1182 510 431 839 220 136 342 583 896 22 79 177 561 357 23 87 769 140 60 509 356 418 518 382 288 390 948 440 189 403 40 796 52 482 268 24 1023 153 435 438 166 758 930 112 10 745 1002 221 311 320 452 347 492 174 49 647 156 93 366 231 236 497 46 273 423 361 1062 584 321 567 256 446 17 433 783 600 125 98 317 157 161 200 151 931 1006 145 960 672 538 130 359 244 601 531 235 1464 613 6 102 573 83 618 187 217 261 629 319 116 74 158 571 661 864 57 852 476 577 25 95 196 62 26 291 247 389 44 652 460 78 32 922 12 354 408 141 148 240 5 740 617 523 180 277 131 110 506 442 38 867 887 53 179 275 120 620 1091 103 181 56 746 88 29 91 85 697 68 113 725 296 305 329 82 355 546 350 751 936 99 269
872 568 251 380 652 0 346 1 950 1200 491 395 214 184 824 325 1120 719 130 243 751
79 95 707 103 644 382 204 695 140 305 30 49 23 510 445 87 117 181 339 10 242 12 60 413 355 73 719 1172 269 136 502 364 104 83 153 139 209 158 862 357 52 180
383 158 403 357 25 209 87 151 58 12 1018 140 97 613 536 144 769 141 136 1036 189 278 23 52
317 209 21 125 220 337 191 463 482 49 579 28 939 636 239 238 390 346 980 1175 913 574 1151 356 0 405 571 244 108 229 915 355 623 1065 1063 694 38 873 195 843 1016 910 235 866 29 329 289 594 537 595 1243 491 287 40 677 1 185 798 288 139 475 562 408 979 250 864 380 389 24 100 538
919 389 31 359 99 280 672 1023 995 484 928 930 60 71 485 311 944 491 612 321 170 161 139 245 260 30 189 695 367 254 118 98 502
554 581 1098 317 556 247 108 95 622 47 325 254 731 6 189 677 329 347 657 754 66 275 561 200 166 359 303 982 1065 273 538 923 51 191 221 356 528 399 504 114 34 10 242 758 1062 53 368 297 58 22 571 112 334 230 101 465 547 423 436 725 476 780 1643 339 1002 408 363 179 888 216 1134 541 652 184 822 817 807
447 723 593 356 544 1028 52 456 485 241 547 951 125 22 238 289 3 325 511 101 150 570 1355 584 225 283 221 965 207 231 117 161 321 478 33 763 982 694 53 449 144 345 29 157 401 229 10 273 49 56 460 629 156 1397 470 357 216 498 130 333 860 315 66 1016 201 867 244 1241 102 220 97 182 305 476 347 506 496 714 73 546 1020 110 34 431 320 438 99 423 200 5 24 297 390 36 471 436 23 403 630 1009 1177 129 112 28 135 960 254 646 407 8 566 240 300 783 230 271 579 428 1161 556 376 186 465 622 354 866 177 748 342 828 191 217 155 77 268 174 339 360 660 1072 20 754 652 62 1058 364 172 408 1063 275 540 277 68 260 274 488 427 399 57 361 814 1180 480 411 202 31 257 114 247 51 873 327 612 454 140 949 32 1115 111 291 227 936 683 7 179 12 293 170 78 600 440 1105 719 531 226 681 261 753 452 350 120 509 512 118 329 83 21 703 389 374 265 91 89 731 405 384 433 1 26 43 884 137 319 309 899 601 366 538 505 16 9 100 1159 657 122 239 175
679 36 24 95 216 856 389 31 357 186 581 315 948 319 200 361 886 185 818 175 40 356 239 438 51 725 156 253 668 1016 732 1051 99
286 715 622 231 52 360 274 672 177 289 187 471 95 1167 333 404 146 209 1013 0 157 339 147 40 161 335 101 376 325 357 578 350 251 719 10 456 261 150 82 118 468 191 568 14
622 64 318 492 1122 151 347 22 843 82 979 1180 320 288 652 540 710 740 271 973 375 812 407 257 161 97 417 244 356 450 1076 366 140 9 141 195 128 748 1143 693 191 1054 157 373 1020 145 25 499 406 403 500 47 758 557 254 472 610 197 278 136 1009 229 315 462 390 618 669 53 200 743 201 256 837 938 829 629 160 102 698 399 900 589 57 253 718 296 456 797 423 926 3 297 725 311 888 1008 60 337 1114 49 120 474 208 861 147 249 369 273 98 1023 408 354 182 571 209 368 112 586 561 1016 101 54 230 471 1068 360 437 359 204 275 504 227 703 915 172 862 431 293 16 473 269 502 118 538 552 754 705 219 77 156 117 317 527 231 476 753 396 216 324 577 94 72 217 695 646 121 111 32 622 76 62 465 801 46 647 1237 746 114 81 164 239 65
181 315 389 189 355 476 185 293 320 644 24 157 433 683 796 809 837 864 49 88 217 75 895 112 165 211 676 151 474 302 296 37 778 452 368 47 734 306 240 437 348 191 364 117 1182 502 140 311 1013 247 113 415 230 102 546 350 51 623 531 528 445 529 57 783 20 298 363 73 11 418 142 464 208 53 256 161 95 777 434 200 886 685 77 369 945 196 610 742 365 740 403 209 1240 244 446 540 25 390 1172 195 573 834 321 344 830 492 146 342 192 614 1016 144 6 284 156 201 52 14 166 656 425 82 239 172 423 1054 168 557 435 309 1113 510 155 458 858 145 297 773 150 552 1091 1019 351 48 278 399 862 101 8 1110 333 231 33 23 504 193 607 31 887 549 971 83 253 799 709 68 242 324 307 179 26 76 405 1267 329 29 159 136 900 456 366 54 111 226 347 1197 175 978 657 254 79 60 431 358 354 367 42 219 323 12 647 93 229 86 495 820 563 704 87 758 22 103 527 829 182 288 10 1023 408 173 523 1008 1070 216 305 471 357 114 637 1077 738 228 267 1034 571
536 131 496 471 347 417 877 310 465 318 57 614 24 841 7 17 829 177 557 135 56 84 12 340 52 414 53 10 244 832 231 168 155 68 443 530 389 23 629 50 296 403 181 357 173 29 385 33 484 101 1446 983 1054 961 575 396 1043 366 433 576 657 726 948 718 367 339 159 993 529 544 293 424 875 840 309 643 543 62 709 683 538 345 82 136 291 887 488 336 122 1049 706 156 283 820 919 66 6 521 348 5 83 556 14 528 103 431 480 161 415 232 247 935 412 274 693 778 40 1034 212 276 26 704 321 194 1294 1188 524 799 966 633 831 1445 157 227
530 610 530 1307 62 357 60 776 89 98 228 117 669 350 629 628 257 160 51 17 355 510 243 597 211 456 231 136 750 240 415 25 842 23 191 571 64 656 488 302 47 66 189 1069 31 622 337 79 413 157 446 268 600 29 258 283 203 125 482 502 1205 102 587 573 99 547 196 53 595 179 12 299 86 289 201 76 438 241 754 695 103 32 112 647 133 188 24 36 52 278 568 514 364 106 34 94 320 719 347 572 529 220 693 131 390 549 297 97 307 280 49 342 633 566 374 1196 59 92 87 408 490 247 298 254 731 95 137 586 406 68 371 557 864 336 783 273 77 590 1452 57 550 476 725 615 652 306 198 340 445 226 474 969 260 311 432 309 108 182 291 552 119 1077 363 577 899 101 10 657 120 359 180 172 173 170 388 506 200 467 1104 356 56 387 100 33 5 896 166 758 277 973 154 682 762 175 1360 244 1084 924 403 465 293 118 197 0 528 368 543 538 496 360 204 82 151 174 730 632 527 420 435 458 177 1114 78 801 253 83 140 145 91 63 96 239 471 469 8 242 683 423 270 153 400 367 114 836 427 216 670 159 733 888 464 661 442 407 452 668 637 161 643 389 6
878 79 220 57 368 692 550 947 571 447 527 247 142 1168 193 12 1156 777 432 217 559 95 256 456 108 118 492 218 151 1190 784 103 23 33 401 647 31 320 1034 405 298 431 357 1020 172 114 543 186 53 776 189 386 435 205 1517 140 363 1104 531 274 185 174 501 154 68 530 159 458 182 229 101 260 211 40 280 49 474 581 783 241 173 289 84 50 82 6 704 367 309 179 190 695 475 561 403 288 542 754 47 25 622 799 62 552 136 589 753 1348 144 112 3 197 106 412 778 195 7 480 240 820 8 1006 523 20 504 216 893 730 496 97 657 656 758 78 390 389 166 317 866 1159 196 359 514 122 93 32 239 96 502 369 551 409 361 1011 1307 413 408 572 764 26 888 954 1213 131 94 901 275 356 17 24 329 867 602 421 137 56 614 296 135 209 360 244 51 311 177 471 433 455 528 555 113 889 936 615 102 219 27 424 100 877 230 86 58 76 632 434 709 307 669 905 773 34 175 340 362 133 725 161 253 339 443 191 29 201 464 238 689 825 145 573 795 273 831 5 538 417 364 338 1109 575 10 423 156 781 467 629 513 549 91 668 162 14 258 54 254 231 52 864 476 366
349 751 268 376 761 719 265 1167 1058 997 420 815 115 755 289 261 60 860 43 652 117 1184 51 851 252 360 274 976 1192 144 404 890 807 98 175 48 511 681 1225 824 881 104 666 157 40
107 140 77 364 209 23 656 136 185 117 336 196 60 357 647 120 552 157 1076 289 355 434 83 86 89 403 1159 340 614 502 1114 695 189 52 525
366 336 387 97 146 204 501 783 516 321 173 540 83 552 196 420 510 710 579 66 113 1016 165 502 676 459 356 851 623 634 415 388 895 532 651 1206 112 166 124 189 327 873 77 426 349 209 114 547 665 596 301 994 846 559 452 14 471 628 438 403 6 178 355 219 29 247 10 685 136 371 24 18 474 849 416 511 367 855 504 629 347 138 467 876 706 298 118 309 11 49 613 103 179 216 577 302 904 614 22 423 360 350 1011 69 307 456 455 564 1034 217 190 971 758 191 800 392 56 223 368 569 7 128 311 768 320 239 75 1102 200 888 256 437 1076 1039 1443 174 170 509 23 107 490 528 1067 401 696 572 26 172 201 1272 861 101 553 1070 197 211 31 458 273 361 1091 476 483 73 57 12 51 565 290 291 730 161 41 1013 76 464 82 647 514 181 144 836 147 1104 809 1164 720 413 979 227 762 229 351 208 162 364 182 357 443 297 68 677 406 94 543 324 462 862 109 682 495 657 131 365 506 801 60 95 253 221 156 141 47 62 259 695 79 17 399 154 348 246 621 151 1114 102 646 278 492 918 906 531 557 793 494 176 787 843 1119 823 1036 228 46 370 496 589 148 25 53 970 306 52 366 33 32 231 120 86 140 530 137 656 864 373 150
588 693 550 93 6 297 139 557 235 695 288 209 157 240 399 753 541 587 284 982 174 289 431 49 112 601 113 581
853 807 255 484 115 1448 719 130 1341 491 1131 903 466 395 139 1449 4 1398 72 261 511 1 1409 1548 751 1120 671 680 289 0 243 380
315 229 936 181 887 403 3 244 513 340 7 764 389 469 306 247 357 52 36 543 567 87 89 177 110 96 320 390 973 874 549 337 328 196 438 113 302 221 161 33 590 66 28 528 32 309 220 614 544 781 705 433 289 408 101 291 135 172 456 657 26 556 423 23 834 381 993 350 240 318 329 409 577 529 100 820 31 480 363 471 8 201 197 472 427 118 347 465 273 103 746 555 166 145 435 387 445 864 629 232 50 367 935 10 112 191 725 49 24 726 816 68 600 587 142 114 361 155 179 443 106 569 136 200 77 414 1225 82 1063 1128 154 406 57 125 239 1024 93 86 182 56 140 231 227 683 55 146 99 366
42 43 24 525 350 184 95 10 382 229 216 499 87 211 462 351 4 204 83 413 500 404 73 139 471 695 140 298 44 31 751 96 175 305 153 113 302 357 77 502 594 52 663 47 403 719 25 1006 173 794 49 1206 266 822 124 181 367 396 12 239 30 364 881
130 190 228 364 1 643 97 153 139 464 719 331 695 43 280 87 644 403 370 77 452 10 189 141 278 175 157 814 872 392 1077 656 1224 357 355 23 246 130 751 209 86 613 120 298 24 165 446 25 52 60 177 98 85 103 104 49 350 4 140 413 117 562 305 306 136 577
440 507 403 211 423 191 306 855 577 29 49 208 268 350 652 502 292 771 571 529 60 220 101 204 209 256 118 157 175 103 146 140 401 75 274 289 241 83 151 174 591 513 302 569 622 136 934 247 73 525 452 24 203 1472 324 196 746 217 864 371 740 311 559 364 945 278 221 142 102 226 589 682 661 406 124 814 735 852 229 861 22 93 153 91 31 12 471 216 351 1469 87 25 427 399 840 504 669 445 267 253 707 95 432 68 580 10 182 348 297 86 113 156 695 44 745 23 181 977 288 316 623 17 242 693 52 656 357 120 408 6 342 179 613 1206 100 365 5 77 647 349
151 145 437 472 183 444 613 618 349 46 549 676 482 591 866 24 201 269 174 543 156 22 389 734 632 750 425 49 182 208 28 476 229 368 356 303 1036 311 870 296 76 357 289 82 1290 770 308 900 231 141 451 148 1113 189 12 256 166 665 479 161 531 622 753 592 140 923 307 557 267 373 577 247 181 88 873 59 258 837 321 488 1363 874 467 367 25 102 89 23 760 93 217 801 462 427 34 417 822 501 1259 305 861 499 855 527 595 83 1063 400 52 350 628 399 359 179 364 520 219 329 226 146 158 758 87 266 445 180 253 331 406 14 600 456 403 120 317 504 188 306 458 938 288 829 538 65 336 101 338 470 216 81 629 1039 1 566 114 96 105 347 408 1228 112 108 693 153 512 707 95 423 47 276 209 354 552 474
559 863 638 95 389 10 242 252 706 269 189 223 457 335 585 60 371 390 491 43 950 51 213 331 571 102 357 652 235 115 297 153 767 648 921 139 713 273 420 594 360 570 30 311 350 71 4 1182 1145 960 346 435 104 1343
36 36 807 404 31 750 184 408 491 321 380 95 824 117 289 157 325 719 839 60 1167 508 58 1
152 51 243 144 117 691 98 104 268 960 157 585 404 391 899 175 95 1023 360 269 280 930
641 49 175 652 306 95 10 357 668 403 860 104 278 157 1570 360 427 298 1538 98 1002 189 77 144 51 928 280 899 52 925 153 793 140 305 1077 339 516 695 25 552 376 671 177
915 480 390 240 404 499 814 1003 389 297 657 152 920 6 77 31 29 7 109 492 22 231 189 24 258 140 511 355 734 361 431 433 179 288 101 753 1047 256 141 347 1 50 491 217 12 86 569 351 156 321 392 166 36 115 590 91 367 100 544 364 1046 81 373 191 139 111 502 174 209 379 113 181 253 1069 319 103 311 252 239 247 330 649 500 254 182 57 4 229 150 571 693 49 340 333 5 135 357 546 199 186 695 26 472 66 63 660 314 307 102 277 216 236 68 408 56 157 180 161 47 138 242 360 52 735 329 299 112 60 506 471 200 72 93
571 652 325 251 157 130 72 608 117 1 1292 1129 842 360 511 491 1078 395 568 280 184 48 960 43 243 863 838 567 630 751 214 4 49 1120 60 0 950 466 346 139 681 807 755 289 115 1023 98
437 205 114 864 356 79 31 197 133 462 76 168 142 953 698 501 495 543 900 14 204 408 1197 373 474 376 25 156 469 64 895 1116 289 367 468 604 734 353 231 386 97 794 266 694 946 82 351 862 297 183 1223 347 151 437 200 145 527 216 758 829 801 324 834 886 141 234 456 368 49 242 695 506 307 1007 809 226 60 413 458 101 720 589 140 249 209 338 22 146 95 229 29 207 61 93 219 239 311 1092 296 88 247 399 41 112 832 182 899 208 267 371 314 12 892 221 513 479 317 253 139 211 217 403 1014 52 746 161 191 1054 719 172 499 1077 971 1091 150 777 557 749 364 102 136 628 147 778
452 1220 171 863 491 420 243 999 1120 139 630 395 115 251 85 40 751 1527 280 346 1343 950 1098 289 214 269 104 404 43 842 568 1 157 1078 466 736 60 960 681
741 997 191 156 49 816 289 100 102 166 1607 62 216 43 1512 436 320 359 404 161 273 311 36 200 7 399 261 112 91 280 31 367 60 245 408 357
268 339 77 269 153 1103 51 89 60 594 1202 511 252 364 95 719 289 881 652 348 98 83 614 668 268 144 17
133 198 269 415 563 242 165 647 189 798 643 12 60 715 41 467 188 174 944 266 274 613 739 23 305 209 585 43 116 36 331 120 452 855 890 704 73 364 4 609 175 156 656 555 353 672 814 652 552 1013 355 881 261 525 30 87 51 117 306 1098 252 637 1036 1023 245 370 934 167 510 1224 531 184 48 751 173 651 839 104 565 267 858 413 608 153 35 491 77 403 298 357 971 594 25 49 181 382 128 577 103 83 719 676 268 350 872 644 768 745 1189 1159 144 52 497 140 523 278 861 706 139 11 1167 141 404 289 151 695 157 769 1091 534 196 1229 10 58 213 24 223 158 427 177 106 230 554 95 446 280 246 98 336 1116 136
341 642 1019 587 629 179 226 293 33 170 101 781 103 403 512 63 1180 321 242 1010 840 522 161 166 82 969 287 899 273 610 125 142 719 302 446 111 647 8 445 595 325 255 1278 154 280 682 534 87 783 600 406 676 465 30 257 120 447 49 360 249 1 366 24 64 643 239 16 268 100 404 920 3 435 491 136 68 11 172 86 745 48 368 298 316 175 432 31 331 807 309 762 681 1105 173 181 336 130 669 387 377 53 1179 961 201 140 577 1427 856 229 1126 615 956 490 216 60 471 913 83 56 1123 1172 623 1325 423 95 433 358 92 348 46 276 431 644 70 153 758 844 732 590 357 498 283 134 557 117 479 156 469 29 291 365 1127 552 487 191 47 177 110 455 782 546 405 652 502 427 243 500 1054 157 91 77 254 476 364 247 17 144 176 323 139 346 178 749 700 133 81 873 203 677 580 400 23 547 310 148 977 75 863 862 672 114 746 529 73 113 564 543 329 874 299 79 9 514 297 789 770 735 528 274 801 390 244 200 13 347 124 456 371 734 211 289 396 52
757 160 156 666 58 102 997 356 241 174 618 687 299 357 275 34 244 408 342 51 260 112 137 571 94 622 95 657 0 289 184 309 361 52 66 240 660 561 101 130 115 31 239 719 40 191 321 939 359 630 491 98 256 217 652 161 492 32
45 46 317 557 165 177 207 33 587 667 229 873 156 278 94 173 311 408 158 356 704 656 413 390 735 432 935 354 280 862 893 531 277 801 208 49 235 403 161 101 456 148 31 462 117 1006 125 562 179 181 175 613 269 399 166 9 240 734 63 12 307 470 1357 211 204 502 262 652 87 471 367 693 382 305 153 612 418 644 600 288 527 141 364 520 336 808 347 506 217 297 433 25 57 392 979 239 24 182 109 77 691 552 174 201 256 111 140 120 707 186 118 577 676 299 136 10 78 494 95 254 216 47 102 518 321 89 157 73 82 992 864 351 209 434 93 0 350 43 147 52 22 332 492 36 357 806 112 180 623 200 499 191 329 1 66 1215 876 501 861 121 534 452
283 31 380 433 420 567 174 357 973 1016 993 828 309 6 1069 360 273 239 482 240 600 502 418 753 29 888 571 408 509 200 133 100 225 254 695 275 856 321 508 361 367 1354 256 693 274 449 359 629 161 191 160 694 58 1028 333 217 469 289 622 730 101 89 540 299 316 390 66 669 49 189 899 485 623 144 40 320
885 549 488 260 250 496 203 390 367 365 30 904 611 1435 53 700 556 431 1357 889 377 164 293 405 1054 219 128 92 729 216 342 201 338 125 91 141 501 209 299 1088 1044 1 307 607 288 274 230 58 167 417 757 1064 590 256 321 500 526 613 359 457 159 623 217 772 490 413 1206 462 262 355 1014 239 158 82 363 221 423 676 834 428 189 464 34 161 720 472 179 8 268 148 278 258 111 856 571 643 229 41 14 482 324 320 67 399 73 185 822 361 1317 88 622 758 309 371 1048 43 269 25 26 746 403 297 1092 383 156 11 247 47 690 408 538 140 652 350 987 808 1119 199 271 103 181 65 357 254 1260 476 534 266 245 22 1108 958 863 1056 900 382 818 445 561 87 1074 401 315 100 120 77 139 647 240 591 712 855 180 249 731 864 661 79 145 781 529 277 649 730 354 101 795 764 191 597 197 241 470 432 938 547 10 78 965 90 146 314 94 356 305 683 109 372 351 308 134 327 24 738 435 735 517 317 444 656 207 31 723 136 95 479 693 452 873 557 63 157 114 506 629 233 71 108 460 695 574 614 1101 734 234 150 843 5 51 694 982 243 581 895 707 6 85 515 330 1018 49 386 366 499 550 491 968 426 64 902 471 1510 352 1229 801 466 502 66 969 166 1106 121 552 364 29 200 319 9 298 118 231 102 238 285 915 580 96 347 610 32 174 192 992 38 682 36 61 789 660 492 392 275 112 1141 456 57 523 697 153 1097 93 541 52 368 389 172 147
891 25 140 357 204 348 178 1104 151 120 333 259 68 416 86 196 1294 512 647 1175 719 289 77 83 566 364 1136 17 49 434 686 445 403 173 577 23 1034 228 136 387 52 144 131 189 278 665 407 1039
52 53 94 227 272 323 364 499 144 110 181 145 172 544 79 16 714 635 577 520 368 244 794 289 319 746 433 423 479 99 297 856 487 702 550 913 329 956 415 403 973 432 136 337 188 100 200 377 142 474 664 611 803 189 518 114 257 46 133 1108 1077 157 977 1105 604 76 209 49 96 971 387 771 260 317 170 874 86 203 92 288 336 525 218 592 435 276 726 232 465 938 517 201 987 112 1016 552 394 936 488 438 277 179 384 564 546 781 442 942 306 1036 416 278 867 23 354 657 294 26 762 475 587 122 649 352 135 196 472 754 173 513 739 307 1052 161 445 309 231 947 1233 198 31 113 462 226 211 888 318 357 385 84 17 506 42 93 796 249 66 669 675 247 541 256 366 476 538 253 449 321 131 239 617 779 302 693 569 3 63 622 300 345 216 725 44 502 695 65 310 166 861 406 574 884 456 408 699 480 233 795 399 240 174 349 347 1026 401 83 1114 154 697 70 50 57 242 473 1090 34 311 896 870 654 160 118 392 299 82 229 52 101 365 367 108 169 29 629 267 949 809 241 91 342 758 590 314 767 156 530 677 452 818 176 469 528 390 228 148 60 710 24 207 271 537 547 77 496 281 859 660 275 561 159 373 125 320 190 1151 5 886 719 7 54 571 109 361 583 374 235 682 262 887 258 254 498 1076 251 477 395 293 492 273 1442 919 102 849 618 238 359 482 28 137 38 204 801 586 413 535 284 220 182 731 1028 264 707 68 138 531 431 78 8 103 217 191 6 750 356 1003 36 581 61 734 908 631 330 455 58 1054 1020 906 32 982 285 613 512 208 454 883 573 62 405 1049 665 121 1079 778 556 816 931 326 56 225 527 1178 471 501 20 9 668 47 599 529 616 601 419 141
788 0 950 23 355 357 329 108 595 1083 613 597 261 24 491 73 371 877 189 89 52 289 133 665 198 512 781 1022 158 148 141 432 1559 1069 10 359 1084 382 58 49
815 83 57 59 336 849 855 95 1091 600 695 209 899 911 153 409 357 107 242 402 392 924 531 1034 364 956 101 228 289 89 510 467 461 87 157 58 151 416 133 525 537 311 104 196 858 297 140 1182 427 668 1031 25 265 665 970 10 73 1316 114 181 52 117 305 370 360 451 204 552 565 872 731 51 651 158 971 1254 41 1036 798 415 382 536 1077 23 274 407 1189 298 502 189 862 165 403 136 97 49 577 112 455 306 873 523 77 331 12 476 17 332 39 893 190 1123 434 445 876 86 1067 278 769 846 1013 707 381 656 175 452 60 507 406 350 141 490 860 387 207 512 31 555 144 1018 69 251 676 63 148 647
920 12 598 232 95 613 182 573 68 893 209 226 17 518 156 953 1159 841 468 474 834 552 435 191 60 413 652 711 906 555 528 458 77 945 267 614 445 136 1128 549 212 10 424 749 11 799 205 253 84 26 82 433 56 155 877 124 709 1237 14 177 120 367 88 27 403 971 100 231 853 963 348 229 745 83 86 112 216 530 514 532 309 1482 159 239 201 87 774 820 704 389 656 98 23 685 526 345 293 1019 131 247 434 904 101 102 114 338 464 336 76 24 663 560 347 684 765 364 480 543 363 529 471
649 150 602 293 1040 357 705 130 476 10 758 219 221 1070 314 919 11 693 1268 740 342 511 366 657 571 52 547 773 923 1538 434 644 580 1240 799 787 31 97 209 5 53 474 394 1172 1253 460 166 557 175 136 408 283 147 796 833 647 173 1076 70 172 239 458 599 195 475 29 8 193 230 490 33 399 936 495 1092 368 364 247 57 719 273 698 145 179 231 623 555 454 78 561 904 189 131 1019 377 1073 114 444 165 112 158 182 503 655 244 652 229 34 538 614 196 504 403 831 207 496 278 32 396 764 320 573 1251 12 618 240 607 363 303 192 298 98 405 157 284 80 423 121 660 95 527 492 989 216 47 113 217 81 74 1509 82 471 140 1008 367 62 443 104 76 242 926 163 87 649 307 567 635 164 621 253 837 311 265 362 361 101 425 73 946 456 710 817 826 351 56 333 88 315 117 99 468 707 488 289 61 54 427 1068 401 296 889 913 96 801 738 725 100 288 862 68 646 552 254 888 102 617 275 820 159 120 332 191 306 551 25 470 79 543 783 757 438 24 49 256 83 226 156 435 385 215 576 23 565 235 200 280 77 769 161 694 65 1143 455 155 528 1254 317 6 513 329 22 677 684 1182 354 559 777 734 267 1260 1009 531 587 18 356 374 347 517 934 250 359 103 118 656
208 278 147 356 589 22 209 408 231 112 476 830 829 698 97 426 837 527 208 197 140 219 361 1228 157 101 758 769 151 651 1062 146 437 23 543 872 978 403 773 311 14 249 54 25 156 216 1113 1237 375 368 256 357 621 347 201 452 938 652 12 52 531 82 161 504 900 450 296 507 102 114 324 532 136 229 801 1036 743
351 399 207 356 166 47 102 209 321 52 29 660 256 201 141 217 49 112 438 161 357 501 114 297 231 324 182 34 1 351 939 22 216 462 499 9 311 31 156 354 101 347 288
215 419 50 302 693 307 423 433 683 734 613 166 276 488 329 347 332 60 158 357 552 26 1141 643 93 34 622 288 179 367 447 84 106 95 434 96 464 528 216 103 167 247 479 445 514 529 977 49 342 298 321 366 198 309
288 104 72 280 1078 189 60 719 98 103 52 1184 43 209 1398 1167 95 552 117 357 49 346 652 48 534 175 289 863
278 217 260 4 512 299 355 12 216 508 695 360 103 203 357 118 88 239 10 288 273 240 73 52 133 647 101 635 145 400 108 289 473 1 367 221 31 49 1059
896 96 1063 93 166 97 89 146 88 261 465 474 147 211 161 294 647 305 307 86 6 622 99 649 509 182 118 3 26 191 120 657 267 317 114 1104 600 174 32 556 10 207 557 794 156 367 706 693 125 87 590 247 329 406 357 121 740 273 5 226 311 431 864 403 179 221 170 12 298 177 57 22 354 25 83 550 157 416 364 476 746 677 366 101 58 158 872 456 82 66 81 321 309 291 407 76 217 240 801 36 492 52 112 24 506 201 452 389 145 175 783 433 200 14 195 278 687 479 471 239 257 29 77 482 91 866 103 567 220 31 34 102 552 140 571 113
109 47 622 431 221 719 511 438 92 44 157 568 60 950 342 347 139 331 179 389 95
118 169 236 249 250 59 179 199 6 526 140 337 12 648 662 253 324 778 239 499 182 930 403 612 100 940 260 31 307 595 984 864 423 330 145 589 814 215 101 895 231 216 130 328 76 122 443 181 467 552 244 1059 917 447 292 1009 549 361 102 567 504 157 405 313 262 56 103 3 288 566 211 93 339 1006 863 297 133 320 469 527 303 347 373 740 44 371 256 73 96 444 0 577 1190 32 116 61 65 1196 350 113 571 305 591 529 188 706 501 46 1316 177 776 23 79 804 613 9 53 462 150 474 724 94 1022 556 834 203 482 49 758 668 88 195 456 296 317 726 191 856 543 502 30 408 106 492 359 118 208 224 311 638 598 1272 217 147 908 820 382 491 38 218 342 13 960 220 557 34 263 176 534 389 725 29 555 452 480 24 273 321 1324 139 775 22 269 1135 64 945 927 52 936 10 77 546 198 356 309 623 1211 277 953 540 521 291 172 275 379 357 730 185 75 547 329 351 190 817 721 229 117 1279 148 189 39 156 1002 942 170 86 522 112 221 796 367 861 254 47 627 506 399 734 831 413 209 870 615 71 665 235 873 26 338 390 385 166 387 693 146 247 233 690 770 1069 14 1233 574 68 83 473 33 432 471 161 510 503 363
884 1467 347 136 649 24 445 50 340 307 423 557 203 26 544 529 112 216 321 232 504 610 783 96 135 320 471 293 1049 53 1100 236 77 8 348 33 103 607 200 88 433 716 309 465 156 669 264 431 277 17 201 97 887 561 443 191 424 56 131 84 393 117 140 385 817 549 567 118 124 57 231 1179 209 93 86 49 1016 616 101 363 357 480 317 528 83 877 358 161 492 247 14 707 652 1167 173 52 85 966 973 221 435 166 456
137 31 491 567 101 276 753 5 240 408 83 216 534 586 288 719 108 49 158 982 103 432 180 209 342 423 133 91 52 378 460 403 222 161 36 502 355 179 89 0 302 247 68 734 311 665 599 94 367 340 530 431 357 454 316 600 512 1233 297 1434 189 568 733 102 115 329 649 347 66 38 12 60 862 873 464 1 6 508 254 365 405 321 225 561 781 112 258 496 63 413 307 92 695 581 433 550 86 750 1069
106 144 899 175 251 95 98 331 568 289 497 420 815 48 60 43 608 860 380 652 51 223 117
306 60 144 719 511 807 1202 261 325 376 668 175 72 360 130 48 280 157 289 98 95 484 860 652
8 8 66 140 120 195 284 309 496 67 174 156 229 357 236 359 169 341 508 767 307 184 506 68 547 329 93 54 216 546 166 133 82 1 347 901 277 949 10 1009 1066 915 677 85 262 153 730 103 494 386 240 989 473 351 117 382 465 601 88 557 1083 185 694 317 538 247 49 101 114 753 482 260 346 405 501 139 157 130 670 1344 431 693 360 690 733 368 209 288 136 44 30 57 31 1056 657 77 256 1111 569 102 862 297 680 669 113 175 72 303 33 367 1443 125 402 221 315 802 43 239 403 571 856 112 289 586 39 623 244 111 808 1016 78 423 396 785 118 522 1428 52 275 470 373 179 261 529 325 1108 734 199 492 349 647 1288 53 71 302 170 56 479 22 161 491 587 24 652 801 92 1114 235 487 254 276 180 1054 217 754 186 512 354 245 210 147 278 250 638 21 780 273 472 311 249 5 89 200 860 355 9 649 844 432 447 326 299 330 182 574 735 291 550 1145 818 942 411 12 807 110 191 0 189 320 321 476 241 533
774 1128 832 886 29 110 1339 367 99 189 314 150 106 21 154 538 105 439 695 604 408 436 118 5 771 1314 708 1007 53 730 1026 885 112 42 1486 357 373 1047 145 777 1173 211 34 587 359 215 50 445 125 471 915 609 52 647 75 108 859 31 750 493 354 529 655 174 1086 46 1265 1266 26 617 198 94 361 460 101 356 113 200 433 254 1051 217 618 660 54 36 1040 581 209 558 965 883 1164 32 527 61 878 492 329 260 142 66 973 561 100 338
309 140 145 95 417 179 406 742 208 480 734 893 347 298 479 305 229 1070 577 101 23 321 531 656 232 1035 274 1092 233 219 354 348 676 316 564 1004 633 168 317 197 895 364 35 778 372 861 79 335 320 685 172 350 49 249 47 858 435 438 501 209 369 849 82 881 97 136 408 757 695 456 24 296 543 351 357 373 26 499 150 476 614 450 683 758 147 309 368 518 291 231 60 156 201 1011 1408 194 54 433 613 46 743 1223 874 1076 25 324 10 869 146 126 771 652 832 267 181 114 403 504 247 823 17 65 217 510 215 1018 112 1049 311 495 1036 256 366 261 161 452 413 589 336 329 361 84 486 924 746 216 872 1023 3 278 102 73 751 477 420
702 61 42 239 832 253 112 421 14 408 306 471 885 1028 552 6 113 359 150 499 76 231 47 435 900 101 114 102 474 147 513 589 748 427 558 746 1164 8 211 216 310 244 82 217 501 201 168 189 95 52 215 456 931 368 347 647 862 136 242 338 651 506 321 889 229 892 182 777 730 590 140 527 161 743 698 883 29 195 354 720 25 886 156 293 93 209 57 296 65 858 357 823 66 1237 256 200 320 531 22 197 369 403 142 141 146 75 356 305 191 543 437 285 311 758 1092 31 629 1018 60 1036 23 526 426 203 446 278 58 123 504 604 797 646 365 749 324 911 208 219 24
600 106 474 101 321 229 161 415 740 49 52 175 635 573 508 256 76 152 114 1430 269 297 95 458 296 135 166 311 590 261 571 628 12 719 899 408 860 347 305 182 357 141 217 253 5 60 209 216
291 751 570 140 339 95 51 278 206 175 928 997 899 1116 267 335 1402 40 404 731 552 668 60 251 117 860 652 340
378 189 25 333 695 86 199 5 707 256 355 31 1346 242 711 661 148 502 920 1127 416 371 216 48 571 273 133 209 137 157 145 49 225 357 538 1528 510 118 260 240 94 694 213 287 99 574 103 181 1094 350 108 131 367 289
837 1054 363 683 379 2 92 330 857 778 476 157 725 724 936 901 82 498 533 36 655 576 886 982 629 1168 105 32 57 174 37 352 1530 154 1099 249 338 479 705 146 949 919 230 399 844 1090 581 424 389 592 527 166 9 488 100 307 693 499 1171 587 913 1062 571 111 159 349 182 557 210 1211 551 677 137 1348 792 1241 435 161 329 884 160 1101 698 65 76 1517 667 175 426 164 408 239 694 308 1026 360 491 283 78 864 8 118 754 357 1284 225 21 1227 309 528 685 163 549 207 726 468 54 553 947 1253 931 735 482 1467 61 147 433 496 847 16 729 197 723 474 316 663 1095 383 125 367 827 254 442 687 753 1244 521 300 458 1383 1092 46 81 53 179 323 95 550 992 454 801 1245 220 102 611 764 492 56 94 326 155 66 191 1122 373 734 91 954 874 139 168 529 645 291 438 709 304 866 369 47 610 1009 829 64 574 345 366 14 189 205 714 1240 354 93 226 361 1079 750 253 401 185 261 241 142 317 294 797 227 110 96 375 216 235 1289 541 469 646 6 732 108 777 867 784 229 264 758 938 1113 258 1156 720 238 311 831 978 314 134 169 437 318 5 101 29 601 1330 473 660 787 506 60 586 15 953 421 657 475 1214 368 394 575 284 113 896 79 431 33 122 218 968 240 186 129 192 203 26 494 217 145 423 337 504 297 905 358 632 143 414 321 211 260 604 1 135 573 834 456 342 547 244 58 567 926 50 670 428 480 262 52 269 356 377 989 888 820 231 509 320 580 170 436 219 561 27 727 518 453 889 208 114 132 828 710 1179 746 34 538 212 390 1068 109 960 450 201 472 319 288 556 795 99 471 618 583 256 247 546 462 485 973 62 1070 1236 465 112 396 20 385 290 607 460 3 633 359 649 841 730 273 749 590 328 1028 275 622 678 537 664 156 1016 703 818 560 635 347 200 13 31 796
595 95 573 144 1369 609 252 183 274 157 305 497 130 12 60 153 117 30 4 139 719 261 652 331 87
357 719 519 890 130 175 98 652 335 280 860 325 184 630 511 420 608 289 1220 104 681 51 95 157 60
673 289 77 136 577 371 144 104 387 24 302 152 793 120 563 12 175 117 139 274 133 731 789 69 360 242 652 103 668 364 198 209 529 715 95 501 60 158 140 707 796 355 407 641 1121 1023 51 899 413 676
585 1036 209 577 1023 652 891 196 95 861 151 120 136 25 52 360 350 49 158 731 305 11 382 144 12 157 1077 175 68 959 24 452 278 252 552 269 445 289 357 565 103 403 647 60 86 246 233 10
518 24 861 151 246 656 652 403 77 514 48 676 644 97 695 177 86 23 228 83 350 552 305 340 68 103 60 189 355 11 873 971 365 360 336 51 840 136 278 531 10 298 491 49 133 643 647 364 427 209 52 73 452 1114 190
628 317 60 919 150 309 86 179 471 135 390 102 895 77 161 156 320 208 746 207 78 546 373 647 371 307 174 431 405 240 345 57 244 52 293 22 1016 238 31 29 618 324 216 247 89 433 50 614 695 351 456 256 529 504 24 801 101 242 367 357 204 114 231 229 399 100 56 480 375 253 112 26 302 8 657 435 646 54 239 53 946 442 783 973 220 201 484 321 44 561 556 79 182 191 49 97 368 110 200 209 356 147 355 157 347 196 506 227 408 34 254 1028 226 629 297 3 311 476 260
550 209 49 357 198 117 392 364 371 552 24 382 204 413 387 144 511 340 682 464 95 11 305 157 1126 151 83 242 158 652 12 427 355 176 862 59 781 502 278 751 52 178 280 10 68 17 289 432 491 48 960 140 87 120 136 676 252 452 365 1036 86 58 695 403
75 88 107 149 152 208 232 312 398 417 450 510 515 392 536 548 367 217 639 102 207 22 253 682 701 706 156 791 792 485 537 460 276 109 63 665 203 734 872 528 773 907 924 33 938 303 906 941 101 382 287 987 92 1006 89 651 126 1032 1041 661 834 774 901 468 1077 1087 407 97 947 432 1095 179 544 645 1130 282 539 1133 166 1139 1141 817 264 180 753 514 1155 913 931 916 1165 413 865 586 365 844 758 435 288 1222 452 735 47 499 867 136 112 613 366 607 612 690 321 698 796 551 805 684 50 1260 24 93 6 464 829 778 182 357 879 707 291 479 822 555 467 1258 820 195 568 1148 486 55 328 1101 496 155 1306 96 1178 305 403 140 1022 1206 1110 978 473 181 44 336 1336 373 329 656 1265 896 86 1237 352 1196 1325 806 574 911 504 7 556 163 531 73 1137 1020 989 1390 383 1278 672 676 583 13 141 523 1052 332 351 5 1232 1288 76 226 921 17 425 388 362 815 465 29 1317 678 221 39 1062 188 501 518 858 619 423 224 600 52 746 444 1391 480 100 205 846 363 835 1040 314 278 309 298 271 897 61 675 1039 236 198 1254 1478 1386 799 831 158 482 371 767 873 1490 1275 161 875 1378 330 801 82 1257 405 945 247 953 297 197 823 1011 928 926 372 787 95 378 1514 923 934 307 488 573 771 290 638 996 261 284 550 103 277 54 644 404 347 1554 204 311 614 84 506 1035 148 169 752 78 1116 1446 864 1567 599 1569 25 1316 267 525 794 249 1577 1506 557 1587 302 1014 837 196 516 670 692 856 60 310 474 889 1213 471 459 893 235 58 342 106 900 108 368 409 469 408 560 10 14 1492 1064 717 1251 1113 49 1182 1224 966 1626 38 32 1114 299 26 114 503 628 981 802 836 1049 731 908 571 354 500 254 481 457 458 286 147 491 216 1183 123 476 251 418 542 739 406 339 1574 1018 546 1240 8 547 850 1195 507 649 635 589 784 694 337 296 1457 146 324 12 584 0 1234 219 306 704 535 71 400 855 209 1471 963 21 693 74 816 422 621 239
102 66 225 339 433 3 517 182 401 479 86 647 359 432 319 693 153 232 28 697 130 288 220 31 852 390 599 465 491 527 320 9 438 611 1037 216 202 619 276 677 309 573 506 46 242 1127 360 476 866 586 873 72 345 687 1171 275 183 92 78 702 1215 91 802 436 108 600 89 389 90 652 454 458 1006 942 431 200 262 342 844 217 913 29 43 751 284 45 567 923 363 740 201 154 754 1054 250 121 423 587 699 440 882 189 139 88 561 957 93 977 753 424 460 730 919 8 125 289 77 544 877 166 303 244 265 111 538 991 26 305 96 492 482 114 112 496 371 767 568 528 188 70 157 475 238 920 50 657 406 379 513 317 12 57 856 49 471 673 1452 483 725 34 273 908 362 67 514 589 221 1014 260 32 480 133 488 356 254 298 511 949 76 56 134 1357 905 1378 156 1076 618 1108 110 283 99 173 622 842 404 1051 299 772 592 222 347 7 191 367 315 571 261 98 884 669 503 94 366 474 541 1088 135 403 137 1250 794 231 100 936 1143 1360 660 449 203 30 547 101 508 186 146 302 333 65 321 1034 174 1016 340 1534 595 473 118 62 888 505 357 329 240 719 797 457 239 784 151 960 982 210 630 649 58 247 733 987 136 218 734 307 502 5 418 161 760 694 550 540 323 331 1338 53 456 230 280 52 1246
808 53 192 607 321 174 356 256 240 166 581 221 754 212 36 546 8 136 99 726 7 864 102 275 305 244 552 100 1016 361 118 1026 120 179 217 480 363 340 345 575 232 1114 528 317 544 209 314 816 189 32 113 357 887 101 52 218 10 161 437 479 260 50 709 254 622 203 818 315 303 1020 583 191 828 350 697 362 729 935 9 379 936 978 88 26 57 945 506 135 424 418 311 172 547 81 669 413 140 110 795 801 458 601 12 338 692 293 767 112 24 309 465 584 231 157 951 253 502 742 561 1127 693 852 529 84 156 758 470 474 1046 504 320 612 888 1077 625 56 1460 66 492 531 82 403 1241 488 482 551 220 367 247 154 719 366 288 125 238 20 657 431 347 817 33 1040 76 6 31 142 22 895 182 433 557 280 200 63 147 471 58 79 241 108 103 573 195 62
9 9 133 31 509 404 157 191 599 94 454 186 242 735 240 56 89 95 595 921 342 571 530 969 948 26 355 460 260 750 93 1069 173 88 288 561 91 317 567 50 58 351 725 220 423 920 103 125 485 546 754 471 979 936 140 38 68 118 289 541 552 241 1076 275 256 687 273 112 611 138 32 174 62 1294 329 405 96 57 21 574 873 216 888 746 247 359 81 120 73 538 406 40 236 475 491 547 200 695 1325 581 49 78 848 106 113 729 71 408 135 357 230 277 30 427 1151 7 500 267 137 251 295 337 694 767 618 723 905 506 232 339 753 110 148 226 239 101 326 225 592 432 511 307 67 254 17 185 781 180 1167 66 622 130 136 638 34 108 145 297 1 691 309 367 243 531 361 156 321 139 923 671 221 217 209 730 657 982 537 111 896 10 189 284 24 322 0 153 745 100 299 428 5 856 623 751 502 1002 333 227 844 380 512 99 902 166 83 356 389 77 715 1138 867 179
74 86 640 52 364 403 97 336 474 153 12 734 101 357 103 140 855 862 706 278 794 386 644 676 242 229 22 96 24 555 1023 82 77 156 452 209 492 704 510 5 399 471 95
812 1244 1047 49 361 113 142 655 878 394 154 1026 61 437 216 211 324 527 886 29 777 1040 858 60 1262 1266 513 1007 44 373 215 31 209 1023 314 75
468 541 702 687 241 949 936 673 221 763 753 34 260 188 1481 321 508 238 189 496 905 174 1047 244 384 239 380 669 538 867 230 289 5 203 275 225 456 36 367 503 965 329 618 485
307 355 700 60 629 719 818 547 247 66 431 43 130 72 31 343 115 148 289 412 89 216
134 98 184 719 325 814 570 1023 289 1166 115 175 157 1 681 751 117 807 130 652 491 60 214 1120 519 261 666 243 700 630 824
810 364 571 320 89 52 101 23 239 387 993 49 136 68 100 567 240 190 614 622 200 29 24 423 66 460 156 17 344 173 456 216 841 238 140 403 471 259 302 77 83 406 552 241 120 781 26 151 577 1037 309 449 905 1294 278 174 408 137 935 95 133 31 103
713 547 268 265 731 360 280 82 111 1103 346 440 72 339 254 231 245 118 1 157 357 1023 98 1364 740 240 318 528 431 423 95 244 652 323 1229 1225 484 657 92 497 1243 159 366 200 408 53 116 391 34 570 815 288 187 60 331 293 321 492 925 793 191 243 120 710 83 166 172 52 343 418 380 814 566 203 376 161 43 101 375 668 389 81 1016 585 275 215 273 557 519 1002 158 1015 471 213 144 984 669 1027 274 57 465 117 370 801 3 40 216 68 899 289 405 48 320 851 420 608 997 491 390 703 251 472 404 239 540 315 928 647 620 860 425 654 459 139 568 891 573 552 944 247 77 594 223 1043 12 279 51 189 622 175 93 24 1179 248 930 406 1466 435 182 517 221 76 995 582 456 0 627 736 863
244 48 139 404 568 51 213 360 157 331 851 223 95 1 289 376 117 40 251 899 60 243
607 1164 209 558 678 1244 95 100 527 31 884 611 260 338 217 49 0 878 314 697 361 237 982 373 965 604 288 602 635 535 936 428 1266 477 315 215 640 60 1073 105 1040 355 808 719 1262 78 61 44 256 329 319 1026 513 795 492 617 856 1097 699 892 842 491 101 493 1007 883 394 886 240 869 1047 333 216 57 29 702 154 858 634 939 99 1491 384 1337 940 168 1561 211 655 1055 761 1 1195 113 692 730 324 150 777 58 66 739 290 142 636 819 885 91 669
209 243 357 637 49 30 242 873 60 519 491 289 222 395 719 148 381 404 1059 331 209 407 432 863 371 522 707 1123 287 466 669 380 1069 744 72 139 568 665 534 280 157 1098 643 10 600 751 24 12 58 695 188 807 89 512 614 1196
267 116 243 810 240 814 783 95 60 357 554 269 652 98 157 347 891 229 43 497 997 1042 1023 171 404
821 484 102 117 204 52 280 24 593 141 751 130 930 49 305 371 101 157 608 98 184 860 245 153 357 652 864 630 209 960 140 325 60 731 111 297 239 144 104 175 693 644 1114 36 554 471 392 1023 814 397 719 406 77 22 125 404 347 364 43 95 351 96 654 187 269 115 242 501 247 273 321 408 216 72
535 336 158 525 140 77 196 204 507 165 613 228 413 893 707 798 371 862 120 823 103 381 51 331 364 731 1036 1091 464 452 17 565 306 131 141 95 24 614 289 403 233 1039 68 136 25 626 870 106 181 530 555 608 355 668 175 280 1210 486 534 577 209 267 771 416 552 86 1011 501 298 198 278 97 60 1259 388 652 647 695 63 23 242
578 884 625 491 34 508 574 1001 361 1090 355 750 537 5 71 1059 289 1072 779 899 622 137 488 540 795 989 460 186 702 299 404 36 100 567 729 732 1047 21 300 0 568 723 359 533 753 1022 125 673 67 118 436 216 29 156 908 174 230 275 982 492 185 49 243 939 315 189 66 319 1287 1016 57 611 45 254 767 561 258 694 581 260 428 384
911 611 546 517 1385 294 649 247 135 508 148 360 342 89 669 1107 479 677 121 471 485 101 942 118 1534 482 492 856 580 239 989 567 884 39 154 586 733 108 92 1071 905 315 1056 424 220 449 45 86 1015 288 88 166 191 638 110 897 910 24 33 258 71 1108 767 549 1590 1317 367 53 702 221 377 231 784 273 821 100 275 599 276 410 56 751 802 9 299 687 230 96 693 423 91 812 1105 734 1051 1047 225 103 456 465 582 217 488 590
83 100 4 275 276 283 196 203 216 359 238 694 747 115 83 176 267 784 108 229 342 897 835 408 403 306 389 357 17 0 273 652 254 161 8 571 247 260 46 842 867 432 436 866 660 220 622 600 366 113 85 693 406 89 194 73 86 1114 669 1022 68 856 473 79 730 98 157 618 445 677 293 95 200 469 599 390 284 783 218 400 656 807 435 135 551 81 753 754 361 272 111 738 239 26 55 77 24 511 973 360 401 763 364 258 6 120 595 423 824 592 140 57 130 535 681 110 543 864 566 905 32 1316 557 131 53 547 23 125 901 20 465 211 173 297 225 62 148 154 492 528 561 31 374 172 189 289 326 10 559 550 828 181 230 606 601 409 217 874 118 777 629 29 318 491 240 25 460 33 512 28 456 767 695 34 156 657 888 488 387 235 500 729 105 302 482 367 632 647 296 47 136 485 321 184 530 36 145 377 725 191 91 1034 546 356 597 556 590 1180 299 5 1178 124 179 538 137 405 1 687 84 797 329 337 96 347 723 920 13 204 719 3 449 873 170 72 78 586 614 147 715 438 317 496 746 244 506 577 271 956 531 320 502 475 476 99 472 49 185 52 166 649 569 101 552 66 311 615 325 1016 936 665 770 1205 138 949 635 58 307 471 277
40 40 51 491 346 744 157 339 206 594 719 214 98 950 289 4 497 652 48 751 404 380 863 184 104 175 395 130 715 842 115 139 343 72 755 511 261 280 731 243 360 255 1 960 568 484 213 325
804 417 135 140 114 7 120 305 557 900 74 1090 480 202 269 754 32 66 219 136 657 507 103 91 919 877 56 887 24 1049 6 194 145 628 238 905 300 408 1430 1422 54 189 232 1023 784 350 1544 261 309 55 593 326 1028 573 110 274 556 963 122 796 146 345 296 8 660 1095 435 106 464 347 389 801 321 403 197 538 1159 14 622 181 278 719 544 816 456 835 820 102 1177 101 70 62 220 377 551 10 530 537 275 763 901 1032 34 156 363 253 112 29 949 683 218 118 476 52 318 368 231 874 342 25 88 993 706 781 1237 954 12 161 704 433 607 418 230 523 471 746 293 292 709 936 153 575 1151 385 726 1188 208 217 561 100 1113 22 649 725 1128 652 875 367 50 82 165 1411 76 518 375 1062 618 96 488 58 357 528 241 1258 524 1234 200 458 26 175 424 601 23 180 307 531 768 698 474 84 1303 182 87 340 831 99 529 157 147 354 191 174 360 57 247
583 357 63 597 49 222 52 600 502 595 1022 1389 491 512 189 89 648 695 58 12 355 1074 209 876 148 1084 1286 1239 378
122 174 473 273 784 529 288 238 389 24 89 989 587 561 239 733 120 408 321 244 299 91 325 695 405 629 216 719 52 34 102 1146 247 254 29 179 130 500 590 31 200 58 133 5 723 63 960 93 1009 371 360 220 333 140 30 1 36 108 100 115 491 307 135 638 38 189 856 431 49 305 882 170 57 71 669 191 47 72 505 395 242 95 357 185 161 139 400 355 284 53 469 289 622 240
413 233 310 278 774 1086 452 693 57 467 698 705 794 734 895 297 834 121 685 53 118 96 1172 315 590 181 239 82 433 314 364 801 983 1008 41 645 480 100 548 112 38 758 900 1073 337 14 855 690 229 1237 31 284 418 862 828 189 1267 365 336 94 832 113 546 1400 305 172 354 831 196 1128 458 438 11 368 311 241 654 833 277 1023 971 518 20 796 175 431 989 405 209 1011 210 185 931 777 92 242 323 0 1077 649 338 44 373 675 586 355 135 738 174 889 670 916 826 421 1191 477 633 1217 427 54 423 587 216 59 861 141 292 6 88 23 39 235 226 792 177 462 938 110 437 960 386 500 217 549 289 1070 998 97 331 607 208 12 52 497 203 740 144 5 573 117 114 751 1278 978 24 101 211 73 556 702 195 256 1099 81 22 589 583 678 390 742 207 357 301 946 974 124 531 1262 655 860 569 817 321 529 68 55 116 102 1223 1036 215 401 837 345 773 191 432 799 1240 192 153 276 60 613 293 307 541 320 508 296 1110 84 717 479 3 10 669 142 369 676 417 820 510 872 898 157 240 1049 190 528 881 1136 91 523 179 469 385 29 26 270 61 65 328 1336 8 25 367 75 7 294 166 707 482 313 198 194 425 481 986 513 623 1499 49 95 814 858 399 168 1112 231 87 237 1040 492 1113 1004 156 829 37 232 1337 150 552 540 30 877 356 342 667 350 324 161 340 199 366 182 351 778 689 51 879 146 506 252 468 475 47 361 656 935 139 447 571 1114 768 13 456 303 58 621 629 474 317 550 136 347 628 262 83 544 757 306 103 1138 219 260 86 363 140 403 1119 218 945 329 291 901 726 99 973 93 201 254 221 781 358 1
240 49 707 357 432 552 647 52 403 89 77 106 58 188 133 148 120 40 712 12 189 175 95 350 568 177 406 873 136 407 415 209 151 24
683 141 268 103 120 278 552 209 305 12 83 198 68 153 175 403 614 98 446 357 371 23 267 340 814 136 355 432 652 10 140 77 52 416 1023 24 157
723 223 157 40 582 744 380 842 325 1078 491 245 1 280 1343 289 719 666 139 863 511 630 184 568 251 1120 130 1098 807 950 0
190 254 491 371 103 166 60 862 1167 367 719 1098 695 158 594 108 77 1 235 49 4 725 12 240 34 157 652 960 239 568 256 361 289
82 99 116 122 209 329 340 247 53 345 85 770 814 147 189 101 113 95 239 83 469 110 283 11 364 24 669 78 499 309 816 373 497 112 623 459 530 501 175 240 94 637 274 98 222 427 862 413 45 5 118 251 217 191 187 216 102 140 357 731 232 608 269 876 181 60 798 280 657 719 899 643 751 492 355 960 77 49 157 331 221 52 261 226 290 935 665 12 26 73 1076 755 1461 51 297 808 254 386 544 288 861 1175 31 471 29 399 103 529 502 88 256 339 695 433 144 179 895 735 405 1027 852 22 265
520 325 600 1067 491 360 652 196 17 274 86 0 289 1 666 413 49 807 72 511 95 1077 1202 815
606 652 353 243 1120 280 214 261 289 585 139 719 491 863 376 950 609 213 4 955 184 839 404 497 104 391 60 824 1181 807 751 1116 1519 744 130 346 700 554 72 115 1 325 380
939 1194 1119 512 751 190 151 1206 153 83 1196 270 719 489 305 133 382 52 280 739 392 204 668 11 404 648 534 357 148 502 665 355 139 1074 672 1362 1328 242 862 647 89 501 222 23 175 1199 525 872 136 141 140 1045 1161 331 809 873 157 491 73 173 339 582 1172 59 1123 1031 17 490 274 552 289 130 676 1163 167 39 30 745 977 87 124 652 4 666 613 497 86 158 595 267 1059 181 770 233 403 1558 416 1023 1069 10 1264 24 642 798 131 445 1207 95 144 695 189 1366 409 680 971 251 281 350 1036 568 446 49 77 899 432 1534 1549 252 840 360 209 1389 722 43 177 63 1006 302 681 1126 522 487 786
756 643 519 406 502 565 173 364 904 177 400 228 997 695 23 98 140 530 68 77 1294 647 420 668 378 87 298 446 427 189 289 259 751 104 141
514 275 254 561 862 511 52 1098 357 305 277 465 289 262 34 354 195 247 58 5 240 669
488 239 256 77 24 275 254 566 34 387 357 175 225 49 360 51 101 1034 502 68 66 259 12 125 95 240 203 31 754 9 289 403 302 52 108 1023 891 56 652 329 144 36 91 117 247 189 550 449
798 289 269 668 175 72 950 755 187 807 117 899 85 0 206 243 491 251 380 578 331 1002 652 40 751 360 339 116 1167 814 51 346 815 104
637 135 692 88 76 677 25 882 236 216 56 241 464 140 506 278 971 154 362 547 143 503 166 647 217 423 623 96 863 382 182 527 60 371 83 613 226 52 181 49 172 242 191 321 526 877 363 447 1054 232 267 368 982 366 112 177 145 57 303 24 94 291 367 504 694 227 93 113 888 544 725 480 38 193 297 417 816 323 550 540 388 644 342 738 345 435 499 139 174 357 746 108 501 695 203 146 1127 471 247 476 783 326 31 612 734 54 249 592 361 517 61 920 160 221 277 100 655 141 549 14 315 488 413 403 114 622 189 99 394 351 22 513 5 492 852 895 273 329 302 33 208 136 444 82 331 97 437 30 307 87 460 50 137 58 101 456 1047 147 201 834 209 244 399 454 36 468 1179 316 452 311 229 196 285 758 102 258 347 657 359 1180 240 29 161 231 390 179 180 314 528 34 47 649 211 256 23 183 156 684 337 1011 75 495 784 383 431 8 462
58 62 129 130 31 171 235 244 216 214 307 91 335 76 409 422 425 306 468 544 545 549 52 452 636 112 659 403 671 678 291 574 371 554 608 786 133 819 8 723 360 611 708 22 173 320 310 85 817 874 876 97 883 484 78 909 922 758 933 346 952 141 769 185 734 363 641 652 571 14 242 942 464 460 159 147 1033 239 892 84 649 1050 262 367 1056 568 681 558 426 828 944 778 627 1080 1088 493 33 523 325 143 1 96 518 434 1129 200 666 675 1150 16 985 976 168 86 440 70 923 456 243 1173 827 300 213 1181 1183 482 148 599 1192 55 668 1203 753 1208 65 1209 170 326 106 372 169 1218 793 13 1121 556 979 154 23 715 6 1195 108 839 1249 795 375 950 578 491 873 926 1257 221 252 404 278 88 1168 743 238 49 309 651 978 744 474 437 842 1002 885 232 61 316 111 603 25 314 707 151 513 1063 835 1261 960 445 53 269 136 531 949 597 822 95 433 695 230 488 321 1016 174 57 694 139 293 877 981 866 732 412 42 982 570 2 751 361 338 629 613 160 487 589 1384 44 114 1388 329 1112 1166 280 736 716 594 458 932 132 628 868 340 319 505 920 530 592 198 354 995 274 347 581 229 202 157 123 739 1411 29 217 94 622 368 1167 1262 355 1200 3 891 1336 47 102 912 142 77 349 1073 186 223 166 1223 561 388 509 43 886 480 15 435 693 719 299 27 884 728 113 550 353 1116 246 470 424 702 37 872 54 767 999 851 630 526 1097 890 184 197 1046 240 254 1398 251 205 718 657 875 838 26 499 420 135 156 655 369 206 576 362 521 208 276 856 698 345 24 496 12 432 193 964 1077 1021 1086 1109 36 1164 241 598 140 807 297 81 1513 504 436 479 209 586 894 777 1315 729 1018 1314 268 32 395 1244 145 1339 302 187 256 407 1066 366 66 98 755 529 46 1127 972 771 1125 590 34 762 258 614 609 289 943 858 832 38 247 75 48 580 82 324 444 120 585 1266 454 989 881 660 492 900 9 498 1145 1047 656 201 1022 226 249 801 818 408 462 1119 602 532 617 869 124 267 853 431 1377 700 146 740 1120 380 109 327 1040 837 421 365 547 315 1337 438 219 618 495 303 150 1007 4 275 834 394 231 1229 623 250 439 376 110 725 357 370 781 959 1595 107 927 301 1062 423 450 116 625 757 390 731 601 784 494 1026 273 158 104 253 225 182 175 374 144 92 83 261 557 537 333 179 115 1367 475 191 1098 72 290 17 538 503 264 296 527 1251 543 342 255 1615 604 60 945 381 511 161 1019 89 967 860 207 1433 428 215 806 476 863 528 189 5 51 313 1000 634 373 101 565 477 447 1281 181 704 288 71 245 833 100 904 1542 237 621 829 1486 93 359 56 137 697 780 1005 973 980 0 397 311 878 1042 1363 1241 330 1036 1473 471 692 1023 911 1290 178 295 955 222 824 670 58 502 211 461 118 131 389 512 814 750 785 665 218 356 635 317 1348 1237 1202 852 638 1197 1250 50 680 1491 443
321 139 243 1076 189 30 242 289 104 12 1343 1416 407 322 969 371 49 1 643 60 1560 0 77 355 400
799 959 289 157 116 511 960 491 130 608 252 104 652 842 43 681 891 1 72 214 395 115 719 117 184 950 325 280 346
555 209 861 1006 642 506 23 568 131 409 814 57 432 186 86 60 24 157 151 181 78 222 1031 305 936 1534 1123 809 1394 278 30 260 656 496 11 1023 217 256 83 148 49 635 896 413 960 297 597 99 28 200 177 251 1293 1015 808 939 189 302 52 699 100 510 348 139 173 174 342 603 406 1076 404 971 531 382 103 116 613 534 136 198 403 1011 367 91 269 1 25 640 44 390 128 408 89 273 87 357 242 10 884 229 58 12
593 77 400 12 289 133 387 899 52 357 568 174 240 0 68 1069 117 595 491 420 695 49 189 275 230 58
729 52 1416 921 177 357 30 73 58 10 1285 686 427 935 1159 289 189 274 706 648 144 902 95 175 497
222 427 52 501 595 403 49 30 432 24 331 189 355 139 357 534 862 452 141 181 267 348 1076 103 497 60 568 695 371 873 861 298 133
303 337 303 599 431 251 423 93 343 665 760 321 852 561 367 108 51 33 86 649 923 622 503 899 342 347 488 34
841 707 361 704 60 136 329 1051 614 1020 1090 1006 121 443 781 525 619 642 23 571 256 157 367 267 311 462 29 394 125 226 5 179 1107 22 110 366 883 345 459 1040 209 270 309 211 917 131 1016 10 173 229 403 656 166 893 342 456 221 480 1002 26 235 649 668 198 231 1460 534 321 45 644 557 404 102 113 672 103 687 657 156 663 176 101 86 513 360 216 849 552 1215 1387 31 364 337 863 111 24 424 550 347 52 181 407 99 254 389 218 140 61 53 201 78 698 432 423 694 217 135 1432 464 36 971 225 291 158 118 182 822 172 316 247 112 161 238 150 740 601 357 12 232 385 220 413 33 442 97 467 340
158 168 86 31 290 670 692 320 498 381 693 527 138 310 380 43 474 577 16 423 895 654 151 449 123 340 777 606 392 526 321 291 324 351 11 289 12 46 1223 718 211 432 446 590 1086 60 316 1284 747 338 89 120 604 460 223 801 293 1070 647 975 311 77 407 52 157 648 172 256 887 357 64 25 971 330 1114 215 1019 333 783 778 75 620 327 931 10 209 513 143 305 710 558 156 142 977 520 435 770 150 403 1063 154 758 364 518 497 567 745 669 372 986 113 437 808 1054 568 522 124 861 386 534 33 355 9 139 36 61 361 29 476 0 1073 672 23 886 664 216 197 600 6
498 52 761 191 488 395 34 150 189 321 148 79 293 151 356 719 221 33 114 108 965 46 590 320 421 92 611 136 504 496 747 30 59 311 247 670 942 260 258 70 843 351 73 403 91 622 125 367 294 725 200 543 290 307 62 694 769 552 16 969 347 166 472 110 357 178 1381 251 89 1069 36 188 66 8 100 795 154 423 1155 137 913 435 512 220 407 264 64 568 168 133 289 638 57 366 50 139 297 337 86 24 449 400 567 28 1546 758 29 498 427 1316 509 1063 1151 432 390 156 896 101 256 99 306 491 623 669 610 380 241 275 1022 25 977 595 482 783 273 31 49 291 77 184 873 342 161 9 569 243 377 665 469 600 693 355 361 389 801 1028 767 359 632 460 438
569 120 76 406 937 247 264 140 801 26 317 68 307 528 543 375 211 521 924 573 154 13 358 302 846 931 297 114 212 421 1109 1148 228 151 443 474 743 431 1347 367 46 229 57 506 85 390 1267 445 645 47 86 841 1306 480 469 547 629 100 572 246 216 748 513 820 332 24 96 160 347 610 333 6 669 49 591 191 338 182 122 389 254 34 309 452 973 889 203 476 471 23 435 437 103 172 758 399 83 998 284 14 314 864 227 104 417 56 79 231 321 239 209 156 456 1365 683 1016 136 550 153 364 77 161 719 726 201 705 296 413 746 267 102 646 587 53 101 27 531 170 25 7 434 492 244 179 111 82 1210 368 447 1265 99 142 29 256 306 200 18 220 357 614 31 66 149 433 155 119 408 95 166 396 403 904 168 783 113 293 349 196 366 320 208 75 552 465 704 33 559 52 311
661 216 321 336 510 623 1014 506 356 989 256 47 454 292 492 523 179 586 404 101 183 157 275 897 767 318 100 117 635 5 1245 1047 81 307 86 979 75 436 156 1 58 267 409 864 254 93 923 676 900 359 204 561 319 801 934 753 66 10 329 364 206 52 60 145 475 99 258 229 367 1034 608 102 264 432 702 599 231 36 652 273 960 896 103 472 280 38 618 471 750 29 612 725 584 361 120 285 57 423 260 200 73 352 116 311 982 314 137 440 177 583 1056 669 50 113 406 230 190 491 1046 83 326 276 148 12 220 568 289 855 445 217 22 699 303 965 64 78 694 347 729 697 277 1149 288 23 1211 452 403 186 981 170 622 225 479 114 118 108 53 550 112 221 141 665 136 1013 189 1401 294 687 511 567 31 34 209 166 56 569 540 317 657 571 241 77 660 499 161 25 125 496 239 771 247 88 1539 535 538 427 291 1180 304 405 320 91 939 377 980 465 818 592 564 490 154 873 94 95 400 1097 1006 629 723 449 191 357 49 501 476 96 297 647 649 240 298 541 1071 438 271 342 431 730 1196 401 174 529 381 32 341 6
292 115 1 251 1229 404 325 1002 72 680 700 671 807 652 1493 568 719 851 666 554 289 860
465 934 158 305 588 443 613 184 0 451 106 267 807 49 188 233 776 165 409 512 380 17 899 759 825 647 189 382 406 644 870 935 873 956 595 133 371 890 278 392 340 11 68 770 1042 1504 181 432 357 222 1190 60 10 665 855 209 103 960 140 572 566 530 452 1206 387 1022 781 1031 1366 259 139 531 157 400 73 1182 525 287 568 511 59 403 266 534 261 404 302 461 242 668 148 648 344 600 851 950 355 904 1622 40 86 765 77 1 245 269 675 24 39 445 977 1069 552 83 715 204 695 281 196 89 719 501 30 407 335 672 289 1259 1084 72 737 173 798 491
715 487 175 86 497 427 139 51 98 371 95 49 608 789 404 707 140 181 298 12 1 289 83 17 269 261 120 355 190 30 647 1023 136 751 357 704 762 45 278 809 274 178 104 1257 151 552 77 387 523 652 863 1192 280 97 305 585 60 153 445 43 1316 252 1036 1205 491 860 577 613 531 158 243 364 681 25 719 124 452 360 403 512 209 950 862 413 676 1067 173 189 336 157 117 814 582 204
399 103 161 325 440 101 358 403 335 177 1034 239 85 77 719 347 1116 31 98 340 10 146 283 141 252 52 320 413 68 53 88 1076 217 531 244 350 357 24 166 435 49 307 57 196 289 189 445 303 58 115 175 106 652 200 344 60 157 23
2 2 414 444 328 46 157 618 156 894 538 253 479 321 731 893 417 307 102 95 468 14 140 578 82 974 923 622 403 311 12 368 459 528 521 105 23 438 607 758 329 197 332 995 158 1023 96 161 474 813 836 221 88 34 112 656 367 247 1077 629 437 359 527 58 591 937 8 769 846 817 1251 555 354 146 226 458 179 166 899 373 478 342 363 288 900 613 801 76 25 303 198 561 106 1132 44 201 52 324 916 476 22 147 456 187 362 55 707 258 347 217 182 366 47 189 525 296 305 136 357 93 62 101 1258 308 114 6 504 586 208
834 408 82 112 778 57 492 309 683 718 88 182 72 1539 357 200 191 198 166 84 103 354 157 860 670 209 347 538 216 522 652 52 418 613 410 367 22 814 217 320 373 278 403 140 423 321 201 690 177 480 693 399 733 942 409 50 95 147 101 456 165 973 231 433 12 63 518 136 161 1049 120 311 801 288 46 544 26 49 552 297 10 432
168 268 719 252 666 404 652 60 360 955 130 117 376 1181 491 261 0 1166 1023 751 104 175 881 289 1
685 52 687 141 100 546 78 360 1408 319 531 66 56 431 462 527 94 86 280 50 191 1191 256 540 229 201 82 1540 315 652 561 649 53 57 160 495 242 801 135 611 23 1467 818 108 240 465 460 710 703 646 657 174 647 200 239 209 244 31 884 317 32 275 629 587 189 1008 283 156 472 12 454 719 553 702 101 151 403 740 166 76 22 102 153 297 29 895 516 1108 170 145 216 754 157 219 797 271 204 320 888 254 364 730 458 60 475 120 112 230 480 669 359 456 225 33 1316 748 311 97 130 211 298 307 440 342 137 92 361 384 474 182 476 496 25 293 1004 471 900 118 172 502 185 264 390 357 154 862 161 140 260 1016 571 273 241 347 1143
820 955 719 1101 354 543 46 161 357 499 356 456 801 1265 317 373 476 95 194 399 464 60 683 65 229 926 182 796 50 527 101 433 82 216 1049 76 146 27 978 252 622 618 274 874 474 458 219 1113 189 539 48 52 112 54 197 830 311 232 758 1128 480 529 24 504 208 877 157 835 249 691 408 773 369 426 1188 152 698 269 6 462 1260 621 14 450 217 437 663 375 145 352 156 629 347 231 538 482 201 84 102 62 147 829 256 114 26 253 757 47 417 368 296 309 726 359 814 175
218 0 216 452 571 960 78 209 277 600 133 502 471 613 31 371 956 93 157 305 136 86 101 242 657 180 225 1022 311 1114 356 198 254 320 191 822 222 1196 217 506 460 89 541 289 381 297 5 94 499 340 492
492 78 201 618 175 1020 249 235 136 390 88 5 571 227 420 431 110 537 763 182 264 280 113 668 230 307 347 135 339 302 423 471 502 275 585 547 49 888 311 538 506 12 561 389 408 359 851 814 474 928 161 96 174 114 693 229 239 220 83 99 256 342 157 329 948 361 635 31 6 1203 1257 438 98 53 300 58 418 118 200 102 488 52 108 257 367 240 366 357 866 690 723 150 482 491 1090 117 191 1023 40 449 91 24 657 356 62 321 360 29 261 936 254 186 544 68 273 95 364 755 22 274 376 557 244 21 185 217 320 51 221 505 289 156 32 629 460 623 189 60 100 260 864 251 652 725 166 101 540 144 207 454 231 1028 216 238 309
676 239 452 543 718 170 456 211 33 329 230 307 403 1104 374 84 83 77 363 1019 557 247 293 52 423 205 1082 438 364 24 607 96 794 889 1048 310 350 23 340 179 799 103 622 358 443 140 231 414 17 367 447 185 647 49 945 196 321 614 834 1282 291 338 6 131 389 174 656 68 244 357 316 820 528 161 576 377 180 166 556 366 693 347 530 31 1034 434 73
667 95 60 491 214 243 184 807 115 98 0 139 130 325 404 157 43 420 842 144 652 297 754 289 104 251 511 860 881 666 751 719 1120 51 1 156
170 1 289 261 755 839 404 60 1120 719 104 98 491 48 252 960 9 130 652 1377 395 115 206 608 751 630 842 325
242 507 531 394 274 892 338 268 361 265 157 168 269 1086 382 527 604 314 614 911 1244 339 1018 370 136 858 175 158 60 1036 211 1035 31 1040 144 558 777 29 51 117 246 113 523 49 886 23 97 151 513 536 594 42 437 75 452 1197 142 403 116 252 881 216 165 12 331 652 620 872 140 154 141 223 771 25 95 278 497 209 98 768 769 48 61 704
923 357 77 274 173 1106 243 117 1042 403 511 400 89 665 58 466 681 491 157 305 72 176 184 177 189 600 652 1120 350 1398 289 630 969 1294 148 97 280 120 427 609 325 387 302 242 52 380 133 153 115 214 552 49 40 151 83 719 707 1 395 130 25 10
15 15 63 191 202 124 260 345 350 113 456 208 539 528 544 183 621 642 646 656 663 664 215 363 479 467 311 533 749 752 93 622 28 203 547 298 840 1 849 144 774 175 356 492 925 943 968 219 973 322 672 480 180 506 863 518 43 141 1004 1062 316 181 864 1081 164 496 1113 501 52 179 769 331 628 267 504 502 1149 200 70 34 78 475 250 29 80 369 447 87 11 156 8 286 102 296 221 10 814 328 146 529 525 382 860 895 1224 60 150 347 669 173 256 834 307 781 414 978 552 61 1267 613 95 68 65 695 678 510 1019 201 644 435 1016 364 373 77 23 986 586 652 830 1126 699 399 876 615 831 333 238 117 670 717 290 472 1258 44 698 676 204 629 734 560 797 161 682 469 1101 96 947 218 758 64 1194 258 458 614 226 543 314 55 1086 211 1092 817 97 299 798 1237 159 1228 833 73 945 1023 464 168 503 1183 1055 76 425 1070 139 361 1036 459 289 225 336 174 1110 147 351 223 251 616 12 274 375 235 497 623 778 297 166 599 26 1223 694 1158 743 764 432 742 14 1320 527 1076 377 597 140 229 36 471 157 148 557 16 426 233 750 81 877 86 855 79 368 92 240 158 583 960 121 751 1206 242 103 1485 98 357 305 818 808 661 971 1013 565 367 450 1191 1159 352 244 383 901 392 468 239 253 160 41 276 190 1461 323 746 57 745 858 49 216 213 856 1522 313 112 154 116 355 365 341 1011 685 923 720 123 198 1021 438 31 1540 1077 90 388 1172 5 423 408 522 591 231 1309 293 520 371 94 549 232 278 199 491 56 284 177 207 600 537 153 189 873 1180 151 302 83 799 953 246 101 1048 534 30 939 100 647 879 222 1008 617 75 46 1594 604 193 486 570 359 437 114 607 22 182 453 389 1240 568 530 474 269 728 1018 507 125 433 400 994 556 42 228 197 444 792 445 106 50 559 54 1447 418 542 24 427 82 136 205 861 1558 376 1074 548 499 247 280 340 500 1136 900 1196 1112 320 935 108 813 693 403 372 452 360 324 337 47 142 795 487 1211 773 241 705 981 633 731 431 172 406 315 209 707 249 282 938 1165 820 526 135 514 309 321 595 523 413 329 645 339 405 665 66 709 254 562 33 386 126 25 162 683 748 270 651
553 43 99 730 856 230 125 170 331 100 225 239 60 517 36 297 541 920 359 95 260 189 723 185 319 200 161 751 144 93 899 568 139 449 497 289 66 1 220 561 321 694 251 118 668
51 52 240 12 232 10 96 86 157 795 182 472 186 101 530 364 189 91 158 78 491 118 103 236 230 329 357 389 816 277 432 273 66 557 612 50 1028 89 218 125 431 5 56 112 6 1177 307 665 201 1241 546 345 905 509 256 319 31 94 631 258 321 24 180 135 403 220 260 657 247 156 300 552 209 145 231 438 660 9 311
657 433 52 336 117 656 121 1180 209 140 229 36 17 120 855 337 289 48 141 808 1034 1259 392 970 406 136 178 130 668 971 94 139 86 487 251 630 157 552 102 365 240 880 1174 682 357 565 864 189 925 944 651 274 1121 781 563 280 191 260 814 60 364 794 876 158 24 270 223 977 861 51 594 1067 256 431 571 63 360 577 242 175 730 217 287 103 646 873 359 1006 144 104 371 124 654 68 77 872 676 719 695 200 490 321 216 502 181 614 355 49 267 1039 297 347 403 233 862 452 204 734 501 881 31 98 888 652 325 6 643 138 302 151 83 95 497 25 860 311 809 637 239 647 97 409 432 266 459 265 823 568 278 585 626 460 245 339 101 822 1018 356 413
563 34 56 730 189 436 66 342 186 191 78 725 454 311 440 256 644 361 540 89 1114 125 185 22 188 101 97 600 541 357 660 356 225 157 184 408 571 740 166 695 492 289 57 496 118 982 129 77 905 260 561 754
453 356 812 900 154 853 730 587 80 948 668 657 966 150 375 390 114 351 512 301 1036 25 942 156 54 610 527 77 931 381 297 47 182 5 120 170 789 315 318 1077 278 314 46 1019 893 158 294 364 23 189 1108 61 379 291 76 647 157 413 644 832 79 799 612 740 285 573 649 59 767 239 102 65 260 416 68 367 211 302 82 1268 555 629 174 161 864 22 400 474 56 973 100 469 173 1104 1113 543 160 101 29 225 307 656 510 216 83 240 619 333 49 389 6 473 284 526 460 159 299 321 9 197 887 394 217 746 590 431 869 148 435 718 254 93 201 408 1171 357 623 574 904 212 229 589 52 693 273 172 293 426 40 113 131 752 514 424 168 418 140 506 423 112 146 586 363 136 366 203 440 142 1112 852 415 482 433 267 781 181 531 459 311 361 571 10 121 133 1076 557 628 577 166 472 502 209 1070 456 231 911 244 196 200 195 349 438 540 669 276 529 528 320 296 34 32 60 247 73 205 256 3 53 103 758 283 862 476 654 735 1383 374 403 12 110 1240 406 1180 643 452 523 215 471 487 86 492 88 118 432 336 347 288 467 695 754 226 443 552 465 95 191 234 57 337 277 250 96 350 179 220 89 24 126 607 479 33 1179 783 604 329 253 8 31
77 93 44 338 156 26 31 321 209 573 29 357 297 881 221 373 647 777 78 49 101 56 269 211 182 12 95 274 201 215 125 1097 57 217 628 623 437 423 314 1223 157 154 229 150 617 892 144 113 458 112 216 253 442 289 771 311 635 140 51 471 60 361 48 513 602 76 474 75 102 394 864 61 886 883 1040 53 433 767 36 1020
255 189 102 309 864 216 311 852 256 1262 174 502 244 99 465 100 49 239 436 32 29 452 135 297 242 161 220 112 229 357 307 141 33 372 936 83 476 31 359
835 307 168 153 437 329 31 795 1040 394 900 215 112 256 1007 503 895 82 458 253 725 103 858 70 6 338 36 431 96 60 698 726 156 61 433 58 5 293 32 403 320 901 94 84 655 709 538 886 628 523 385 350 50 635 1223 285 102 480 54 106 311 513 254 1026 710 669 1086 1073 26 471 118 172 218 960 878 93 247 443 220 216 476 314 269 89 1213 947 191 361 527 154 368 91 86 496 528 604 305 473 862 309 436 558 317 1266 110 123 145 231 232 101 435 292 740 573 356 1020 221 683 660 157 622 877 781 357 209 150 347 517 583 945 72 22 493 492 288 421 161 52 137 1008 166 818 758 796 587 88 692 1164 440 540 657 474 195 1491 754 217 652 557 20 34 905 244 629 114 76 367 273 24 56 856 940 53 888 240 340 12 342 1128 753 296 1028 29 571 354 456 135 275 465 113 57 694 742 182 66 321 529 211 693 777 62 283 189 418 7 100
864 247 1432 1062 749 938 292 1213 201 710 24 529 217 394 250 155 6 556 1023 198 256 321 168 65 796 82 196 629 311 179 5 795 492 510 103 93 817 57 403 317 102 443 66 232 347 581 141 424 63 140 405 31 264 371 112 185 135 61 158 458 413 314 351 964 76 746 936 514 357 883 355 182 44 235 183 895 1036 571 216 195 504 180 253 373 236 378 513 94 121 293 96 337 574 100 97 1258 778 359 267 444 363 52 78 435 338 207 150 221 92 1112 1594 998 900 557 831 215 113 1195 211 99 226 540 166 77 294 1276 8 875 663 1049 169 475 805 1097 385 1020 239 50 276 613 32 277 189 1269 91 670 460 208 787 191 456 834 254 945 366 315 1151 88 476 479 590 752 159 231 612 1092 111 368 690 739 635 43 283 152 399 230 54 26 49 209 220 12 29 794 433 1303 505 328 297 203 526 431 147 367 698 275 118 307 101 139 474 329 946 365 931 342 114 161 136
187 22 731 652 25 77 399 112 43 1002 357 12 161 256 181 531 382 68 3 305 140 10 930 278 403 52 101 668 173 814 24 335 391 347 114 136 217 175 956 445 656 196 360 23 97 102 156 72
894 24 278 531 195 186 189 253 307 528 971 103 135 781 179 34 201 1189 247 56 216 428 530 161 272 145 434 36 191 433 1077 158 12 8 241 112 291 182 113 389 525 110 498 364 54 408 231 100 456 275 32 356 919 476 556 320 256 114 309 622 725 220 249 267 465 399 357 1037 488 635 329 583 936 7 769 208 29 6 413 373 57 70 480 31 474 26 342 368 283 125 409 618 314 33 1067 154 144 746 318 196 471 557 479 321 174 62 370 156 96 367 753 118 564 754 1028 95 506 587 668 91 122 232 801 311 544 52 218 53 23 99 151 160 317 888 572 203 445 293 13 707 403 181 86 552 467 492 1347 704 60 126 25 656 629 771 217 65 44 229 271 416 475 1009 970 1265 617 140 102 238 141 1097 571 374 136 361 614 94 172 345 359 244 347 369 442 101 561 849
143 217 101 363 562 610 731 466 6 460 49 321 157 901 309 354 352 106 288 408 719 528 32 76 56 66 657 277 509 649 236 529 88 628 256 293 207 405 796 221 538 1268 58 557 180 458 431 82 57 613 5 273 612 112 195 307 231 215 299 347 289 693 573 474 244 253 205 216 361 52 247 465 135 118 767 113 799 10 93 315 471 24 435 196 433 296 423 303 498 367 150 174 185 480 182 161 517 632 53 549 326 239 12 456 479 531 100 198 491 403 587 523 357
909 329 633 247 161 100 88 174 99 56 57 694 601 200 273 34 320 361 384 496 133 503 216 367 321 68 30 154 307 471 125 5 939 436 599 239 730 544 561 105 488 225 101 139 431 91 949 1097 135 240 230 583 232 66
766 512 77 68 189 86 0 289 73 295 802 148 133 12 89 357 734 977 225 188 597 856 103 600
666 842 146 104 157 197 95 82 289 554 14 280 320 347 807 144 600 10 269 231 1023 652 839 873 130 1167 350 360 824 491 609 226 357 60 148 98 340 184 935 1 191 432 355 751 881 1098 1120
868 117 58 4 101 589 259 654 145 881 1248 590 1564 339 46 713 310 89 1 915 838 77 357 72 261 620 739 408 567 273 538 216 1120 321 719 115 157 622 842 641 324 944 403 102 104 1184 45 179 466 960 222 189 764 143 256 973 499 1285 130 325 482 519 112 171 1512 161 652 347 264 1017 511 1170 1064 359 863 497 166 62 0 860 997 47 156 289 1116 360 629 134 280 52 1273 231 608 356 1341 397 452 229 1208 1398 758 839 1225 476 320 491 404 1343 269 293 346 618 456 184 695 680
254 438 49 220 221 602 471 729 733 403 673 182 317 78 951 31 180 905 315 260 643 1072 597 22 1083 329 1127 699 1026 1156 379 334 29 920 91 100 240 46 36 102 93 63 546 694 491 110 174 896 887 99 1253 154 488 89 389 795 856 571 319 740 103 725 451 238 622 473 754 524 1151 92 5 1047 433 541 1354 803 482 936 612 321 6 592 112 418 351 384 256 47 1177 492 247 230 1114 442 619 67 1215 309 939 307 1028 217 780 695 611 649 423 24 1020 191 292 509 359 101 1125 440 723 888 311 108 496 1115 195 581 692 801 21 618 866 702 342 1079 361 96 84 71 638 326 1507 982 50 550 625 1046 914 1138 537 254 88 485 1241 333 186 304 58 690 62 288 867 965 294 340 161 584 125 148 66 145 475 660 34 94 1142 188 687 505 766 460 949 160 300 407 503 884 133 225 465 105 56 135 12 185 320 623 753 436 222 989 357 567 828 1051 859 601 236 1090 277 129 873 1294 767 1168 52 241 635 273 538 535 529 697 693 750 275 258
111 147 324 439 443 521 579 634 24 651 31 726 342 92 414 296 146 2 332 613 57 972 55 804 1005 817 663 12 869 82 321 46 29 88 314 734 1128 831 13 778 221 363 1037 656 198 474 1240 253 539 1040 293 49 56 381 311 777 191 424 156 544 635 114 619 518 22 668 361 528 858 217 1348 328 479 61 649 339 793 267 849 622 195 717 93 978 123 377 480 106 66 8 258 118 458 758 205 136 154 10 86 1339 307 50 34 76 256 493 14 283 20 1165 796 96 417 893 367 357 180 70 540 26 168 799 161 866 423 1173 103 1095 374 678 1062 247 166 877 1486 16 513 182 305 215 434 607 628 181 277 354 403 963 358 236 1491 370 557 284 291 80 158 226 1020 820 52 514 303 345 1100 504 113 573 555 347 394 135 542 1113 126 101
347 862 381 136 413 971 904 60 24 364 452 809 95 695 781 370 531 117 656 1197 68 719 196 173 49 1178 393 1034 523 514 443 434 566 899 1104 387 83 403 298 144 25 209 525 131 126 23 344 861 86 668 564 530 140 77 97 103 849 872 340
412 161 629 356 93 1370 136 53 367 8 349 307 33 276 40 157 6 375 408 253 657 112 201 476 431 456 543 366 357 52 471 259 47 556 390 76 140 200 1546 622 96 216 182 347 474 12 502 458 695 24 110 389 36 156 217 34 179 101 329
62 17 98 229 596 57 614 641 389 516 656 340 816 200 51 157 77 746 302 144 24 166 153 382 191 73 177 416 849 467 695 1216 11 23 443 251 86 289 408 364 647 131 350 56 83 434 278 95 762 704 809 652 259 48 455 631 446 173 924 977 26 445 564 165 204 245 1034 594 525 935 552 409 280 406 10 87 1067 565 361 668 745 140 1224 691 464 206 265 339 309 719 765 486 891 136 376 526 60 360 530 1548 348 904 471 321 403 25
100 137 189 226 295 302 338 30 235 408 225 29 238 350 674 432 655 181 502 337 121 785 512 351 231 472 583 190 508 656 108 186 914 936 411 294 378 347 549 367 514 571 751 725 1009 161 546 101 11 195 767 136 981 5 757 1079 21 285 68 174 241 194 532 93 820 694 1108 317 342 221 496 492 454 622 239 148 630 427 357 1098 1213 63 145 1107 130 567 428 16 385 475 831 1259 423 1056 112 314 31 333 205 1040 288 209 534 695 750 1149 355 256 199 657 75 401 425 131 517 467 469 329 677 399 700 551 57 900 67 503 196 431 828 1171 683 866 614 437 4 326 706 1263 513 66 479 875 456 687 34 56 316 1258 392 166 678 311 91 278 201 1401 49 287 923 971 284 449 577 735 1284 1236 599 528 611 1138 716 240 3 273 88 754 1008 33 667 247 557 740 670 170 669 102 172 361 323 658 262 1112 488 299 81 772 527 17 405 676 1092 415 440 291 535 356 191 46 649 734 325 211 1005 390 216 1 260 1136 561 254 267 250 200 54 113 103 83 540 465 601 697 1180 358 321 730 82 233 424 74 436 808 365 352 852 315 753 177 586 99 242 53 394 220 271 510 515 460 96 1119 389 208 574 293 303 523 550 52 8 844 403 65 853 118 888 660 1016 319 748 1127 324 217 307 179 1357 416 203 473 151 94 856 173 901 146 1247 50 1054 359 100 777 779 229 36 794 374 494 590 817 125 797 1006 139 160 1036 77 1068 1110 1275 435 283 164 587 306 873 58
55 57 82 102 143 25 17 433 469 196 84 31 616 97 311 112 361 191 801 36 633 403 884 893 475 56 207 170 974 726 347 15 136 302 310 573 423 240 1061 247 345 888 546 385 151 8 86 438 480 1067 12 970 201 342 297 231 33 471 6 748 544 226 705 1136 498 256 434 156 649 29 178 1245 1197 50 366 53 161 34 99 244 364 516 476 820 23 549 125 166 69 26 474 267 858 172 445 695 24 16 374 336 66 707 68 735 54 472 18 154 76 321 693 114 182 669 79 131 615 375 1104 390 552 288 456 61 179 120 1034 77 683 232 293 135 600 291 506 118 299 239 543 227 525 557 561 253 979 95 406 849 103 200 357 141 537 465 559 320 142 9 309 396 431 816 100 228 682 704 83 1090 218 52 101 556 367 147 121 159 647 936 1016 656 479 547 204 776
478 762 120 68 306 11 595 890 452 173 455 736 251 72 487 1302 824 10 1119 1059 861 233 289 416 278 695 1163 700 712 552 1480 224 960 608 955 403 176 1435 906 167 512 585 175 223 198 652 287 157 189 1084 305 786 346 490 128 406 647 365 322 209 52 432 268 1093 409 950 446 77 228 83 1350 51 1389 534 1196 141 177 28 862 242 1375 873 280 722 355 133 148 270 89 1534 851 73 1010 153 371 1178 501 259 59 204 48 140 1310 568 809 188 117 103 696 336 676 24 43 181 116 863 302 582 1034 1327 1479 918 274 364 1551 178 392 106 40 404 1126 380 39 45 525 588 1343 523 58 180 97 502 497 969 60 139 360 243 0 63 491 838 739 1653 190 522 1114 855 1200 331 87 420 136 86 1076 357 49 1219 1294 327 577 104 427 95 781 12 98 151 921 661 1570 30 1006 222 1 1036 770 25 1293 350
420 400 77 325 130 511 144 157 128 491 68 959 666 652 609 280 676 516 43 40 1015 695 860 72 184 261 98 490 502 577 890 862 719 1 755 25 1409 120 751 552 585 891 1034 117 306 175 214 204 289 51 647 274 104 189 268 115 427 455 206 630 49 950 188 420 242
712 4 95 182 719 339 60 652 1117 76 731 253 1167 252 578 474 268 12 458 175 157 353 187 1017 261 269 360 72 881 573 104 628
362 123 357 1164 678 1086 314 61 60 102 883 324 819 211 217 216 52 44 719 338 604 886 477 229 215 421 373 420 256 31 617 29 49 967 189 75 142 209 602 527 394 513 876 150 777 858
441 802 377 298 148 289 977 647 843 1022 262 427 510 1153 199 25 772 140 695 189 856 555 141 913 267 290 1155 1239 1294 492 68 770 781 1096 1301 23 502 1317 491 800 175 169 574 49 511 1084 661 364 713 73 512 676 614 808 330 522 60 133 855 294 139 355 1127 17 299 58 190 567 9 779 280 483 423 235 451 467
889 216 452 663 116 140 95 577 24 136 120 257 510 77 339 720 267 1011 656 161 22 30 514 413 369 563 172 464 124 23 103 157 1183 456 971 1035 644 757 229 153 302 707 552 181 278 814 173 60 144 333 1023 289 191 176 357 904 613 403 310 102
96 119 415 471 603 101 239 623 607 716 718 427 403 201 755 337 492 102 827 460 229 172 529 157 361 420 370 338 357 686 309 68 453 862 350 89 136 193 302 955 135 329 1210 469 960 215 408 31 112 77 84 610 631 365 56 670 452 513 310 200 50 537 254 510 276 159 48 710 433 122 1023 124 528 358 113 83 508 682 498 564 155 209 114 480 57 465 277 479 181 518 347 8 774 52 285 13 1016 399 1013 669 15 781 191 546 110 49 142 95 60 21 877 549 552 24 26 473 154 11 293 656 66 1008 221 600 348 134 778 161 25 216 424 208 544 226 203 99 818 849 9 291 499 100 442 390 315 173 931 177 85 340 883 166 431 247 61 590 231 29 491 423 318
194 355 386 483 170 43 823 468 191 850 247 242 139 227 161 305 200 720 990 266 994 881 801 324 808 49 38 979 462 499 155 1070 10 433 109 501 383 527 212 444 130 23 146 644 6 423 99 456 1110 88 128 97 321 388 47 613 173 233 157 500 82 1009 198 249 201 239 114 746 94 620 1004 211 607 153 209 1023 351 332 357 413 293 366 156 574 12 1006 14 474 855 614 141 102 476 234 647 735 307 1446 287 185 52 4 244 289 162 589 219 164 55 365 978 734 103 101 363 253 425 373 347 136 110 676 339 399 403 1457 629 183 698 371 30 297 597 216 261 417 368 580 140 57 60 87 741 543 1028 415 22
416 198 692 142 378 373 63 1195 331 157 387 287 141 525 695 123 113 530 24 49 1023 960 394 357 52 68 427 338 181 267 878 12 497 594 527 43 305 58 798 290 381 189 1055 44 364 771 873 10 104 60 213 534 1076 31 1086 437 314 672 487 814 168 289 501 678 95 103 860 355 89 421 886 585 148 75 61 513 943 617 140 73 361 728 883 1 892 77 280 211 416 446 1073 206 269 144 29 209 777 804
670 6 230 261 52 269 554 175 719 187 214 459 277 140 1280 22 1586 1071 325 161 117 694 594 357 24 242 432 652 10 60 100 200 612 1017 302 339 881 268 1281 1098 321 239 157 842 408 1430 367 502 98 120 1257 960 32 446 1 243 715 101 491 115 731 25 12 95 335 130 78 1548 860 935 177 289 174 630 305 49 1384 1167
248 140 186 476 583 314 408 480 113 760 102 577 160 254 309 203 864 117 288 6 611 816 725 571 96 546 247 474 936 622 407 557 831 1095 1079 103 694 612 303 100 617 101 442 469 200 540 359 729 485 118 424 356 954 556 394 49 698 136 660 320 818 506 875 523 88 351 58 834 657 57 182 232 275 1244 34 239 781 191 437 260 888 655 271 862 216 31 150 29 1070 456 14 91 369 777 319 526 120 1090 488 62 450 1049 368 291 82 592 211 758 866 709 978 94 264 27 835 801 389 5 361 730 86 1241 98 750 78 306 99 21 51 349 185 172 877 363 23 649 157 550 345 817 723 367 174 194 258 434 544 769 431 110 22 458 125 357 852 528 1028 26 24 154 33 440 561 280 1167 464 435 256 375 221 500 241 503 307 220 905 335 403 32 145 244 112 1016 400 1151 175 578 687 50 326 342 652 385 135 436 726 923 168 608 471 490 179 820 795 900 201 146 740 293 114 982 337 56 7 230 433 25 552 452 137 84 896 691 329 108 231 161 390 496 920 12 68 218 1370 77 629 364 538 65 66 217 189 315 347 860 52 166 311 443 76 669 219 428 670 240 156 142 181 867 302 333 36 273
484 24 280 502 406 935 10 861 675 387 68 1146 873 77 141 153 157 340 58 28 289 103 371 209 781 158 525 1170 534 1022 355 427 52 266 148 30 357 1 140 597 392 63 420 267 189 49 759 23 1206 177 360 613 1609 644 12 1076 739 198
590 243 117 1 860 60 497 72 404 668 346 175 157 360 268 289 269 700 1023 139 251 751 43
584 544 873 357 247 969 156 816 59 479 144 955 497 179 1520 840 364 899 60 128 977 180 158 1055 44 373 494 177 597 740 552 554 1123 184 522 200 1366 359 452 284 112 116 273 269 928 944 627 734 656 322 243 344 793 298 216 930 157 1536 1206 329 141 890 24 863 130 169 38 925 213 367 568 492 842 471 277 822 902 148 1018 574 239 50 306 1088 464 1196 565 594 380 244 1551 305 241 242 238 418 101 63 1015 888 25 336 719 1116 648 315 600 569 206 229 166 49 608 405 500 10 819 226 913 261 22 133 47 1195 321 297 346 1325 104 1480 136 23 1074 403 782 378 730 95 73 518 51 1226 52 85 174 595 371 666 11 125 32 876 1036 839 623 395 806 389 1002 668 404 1172 6 302 505 510 287 660 339 614 295 29 970 681 274 254 798 808 98 1126 400 214 31 570 43 138 317 360 427 1084 0 1229 151 722 48 350 748 34 278 1354 100 19 735 431 870 420 470 682 1261 170 534 185 1219 855 739 483 1257 217 1023 280 4 161 266 457 154 330 979 590 694 531 311 1022 94 92 665 499 547 191 1635 399 309 1 331 881 751 252 354 108 240 236 139 1194 87 267 68 390 466 53 140 512 861 181 78 30 117 12 1376 695 423 408 676 502 391 201 1149 755 102 355 26 950 501 337 1202 585 320 62 153 120 802 578 66 57 382 484 809 289 491 860 823 657 122 496 124 356 613 571 415 335 1369 700 103 1174 325 509 434 67 235 365 222 1016 487 77 1259 1076 97 187 661 81 647 204 480 1246 290 109 175 1103 353 361 856 256 209 232 233 862 506 260 1538 333 118 577 1010 814 265 36 446 115 432 198 189 167 644
135 206 175 104 838 568 824 594 1261 491 139 511 1023 360 280 570 60 376 1466 995 1002
710 83 52 209 1034 357 647 86 487 452 24 281 89 68 77 364 58 695 49 140 722 153 12 189 48 133 652 28 512
219 181 487 133 0 409 89 568 977 380 173 49 400 432 665 491 371 86 251 131 83 289 600 1480 157 1069 243 1559 196 10 360 512 392
724 98 890 280 578 268 72 554 60 175 422 51 1042 719 652 95 261 130 511 85 4 985
285 5 27 783 10 315 488 357 173 239 105 242 247 949 465 240 337 289 549 1109 11 581 73 273 1148 34 325 1151 557 447 55 1104 920 1172 678 115 356 346 205 291 460 431 189 33 232 297 555 135 250 764 148 945 540 110 77 820 622 307 866 68 37 124 1359 122 342 860 681 660 1145 512 740 598 587 76 599 797 586 385 191 1178 136 725 329 567 377 613 763 360 705 456 363 647 283 372 414 862 614 476 101 216 78 100 644 390 202 64 423 254 406 409 335 177 591 657 404 345 491 593 435 244 200 82 32 172 114 859 492 251 1019 347 445 682 53 366 426 133 317 47 362 1090 108 49 104 389 1177 1460 220 13 6 166 403 333 694 438 89 666 425 642 260 1016 359 95 96 57 817 396 966 8 852 1076 56 192 86 528 751
243 166 273 682 366 30 1084 377 189 140 595 222 16 64 103 693 449 610 580 316 1063 534 403 365 302 435 10 600 28 133 262 599 139 1206 124 567 371 491 570 432 209 359 83 1054 413 257 148 913 251 291 49 851 77 179 89 181 357 447 52 308 654 276 24 355 498 33 12 1196 404 9 68 86 321 136 8 293 566
526 331 608 376 144 420 491 265 251 751 1405 95 117 860 700 568 269 511 944 960 594 98 60 289 157 51 245 851 252 43 116 691 48 404 1027 497 104 890 814 652 72 139 280 570
705 590 308 20 560 114 80 320 549 1048 654 567 7 417 709 889 52 193 15 231 412 1112 91 207 354 887 447 37 201 521 1203 366 877 47 919 145 610 194 202 156 465 438 318 70 556 293 435 1061 244 1019 936 264 480 176 84 65 607 132 518 574 764 179 330 64 212 345 310 1295 134 668 283 475 726 479 961 27 159 472 816 749 122 431 576 321 841 53 1240 347 191 1062 21 33 226 169 309 367 299 29 683 205 291 1179 363 474 543 1118 424 433 752 358 905 822 257 316 50 799 57 161 143 834 357 414 112 192 820 937 875 254 1095 329 544 365 1530 528 983 3 95 396 13 385 185 618 734 453 313 182 8 1054 218 1049 718 56 26 1136 101 778 693 232 247 102 135 1348 1213
338 944 95 484 851 459 1280 420 60 950 1023 928 339 594 1421 925 223 881 620 585 641 1229
822 1414 1251 243 73 139 642 751 356 251 325 568 377 4 652 423 43 1 30 842 145 902 289 117 40 452 157 177 400
69 76 95 573 139 289 253 652 668 175 458 60 628 115 12 296 269 252 422 182 157 474 357 72
823 1603 950 199 1069 379 802 733 491 331 1155 1094 808 404 1592 736 508 184 1354 255 341 719 30 1 188 169 90 289 693 567 473 1487 380 779 1022 482 910 751 881 960 460 1270 1627 92 235 1624 134 913 133 377 680 330 618 89 269 1201 600 942 43 1098 700 51 64 1063 1264 613 423 98 739 67 574 1078 1059 669 429 9 690 261 1120 243 609 492 839 630 608 744 856 175 60 355 299 59 411 665 509 1259 842 1083 580 290 822 294 395 333 4
60 66 330 258 540 96 82 699 750 12 319 337 583 914 156 318 492 5 242 185 161 256 867 829 503 103 471 261 108 1115 110 91 1156 1028 130 692 311 34 923 472 309 896 307 78 465 723 690 31 211 877 303 231 763 169 33 56 538 160 106 561 100 454 1046 571 905 166 488 273 989 687 432 113 598 456 290 225 239 326 70 29 216 884 424 172 767 186 275 1160 154 202 581 451 859 80 1378 320 436 52 403 22 112 114 437 444 347 618 101 389 240 729 1016 622 1090 1079 321 479 136 625 574 669 26 498 221 76 544 475 250 262 367 58 537 297 638 442 1164 345 556 908 852 361 754 601 43 818 725 6 673 656 635 25 89 357 1542 342 238 191 474 694 1020 1026 253 801 209 247 244 502 528 936 760 423 283 443 159 289 541 1287 344 587 795 1005 125 217 603 102 546 93 94 1047 260 599 232 241 77 496 99 1646 220 288 36 57 982 1256 174 182 218 135 68 1168 118
646 784 599 108 875 590 685 1539 691 273 357 888 338 209 580 417 587 78 261 437 635 654 1005 26 668 291 247 356 122 110 91 179 622 189 655 241 710 1164 225 172 852 53 253 61 329 458 399 438 818 517 692 289 288 56 1177 47 719 226 623 491 550 34 347 816 105 488 504 112 54 468 435 1115 12 235 29 31 256 25 364 492 151 197 571 1278 303 88 231 820 1079 232 160 159 618 58 65 480 1040 529 150 549 317 76 82 168 561 161 166 905 99 1020 683 1432 345 882 300 102 369 496 70 323 684 62 315 526 750 753 1113 1016 262 219 374 657 320 260 173 456 60 352 947 8 275 218 238 344 418 156 191 923 900 535 52 24 182 113 359 460 258 436 93 725 408 740 79 155 293 877 630 148 573 201 195 264 36 66 57 95 307 68 531 130 476 698 361 174 244 528 135 328 919 186 211 503 368 23 694 403 557 543 106 421 367 50 250 366 198 723 455 1011 978 220 475 404 936 1028 121 729 216 525 424 474 354 163 33 425 754 32 971 181 140 118 1008 14 49 1037 433 1649 145 513 1086 1073 146 628 609 325 687 84 537 306 269 240 144 998 556 292 100 278 982 617 342 862 319 1044 576 651 1090 137 666 86 506 96 254 1168 401 157 1127 10 707 230 215 311 828 309 142 895 540 896 6 321 758 103 147 546 22 154 101 283 5 538 208 114 660 296 601 221 1007 217 945 94 1244 960 589 125
72 83 290 366 253 284 407 667 543 548 521 392 482 465 599 207 747 474 421 681 375 467 768 1048 244 649 778 635 320 506 888 337 247 293 622 1016 261 1100 383 498 118 139 435 1019 400 502 361 822 353 49 298 166 550 278 1066 814 839 799 652 794 34 602 28 198 46 581 408 158 288 1114 1269 13 363 1354 3 254 297 115 367 381 423 17 57 479 245 488 449 182 339 866 216 316 342 282 607 157 760 496 379 111 136 438 242 156 12 191 613 632 329 707 364 240 931 889 163 571 77 289 9 855 973 31 308 462 36 68 258 264 1097 416 552 749 48 323 226 14 257 861 734 86 72 137 657 62 1020 96 79 712 318 619 175 200 458 311 403 205 693 471 472 473 580 66 389 53 390 404 33 354 567 783 321 528 8 417 358 92 557 566 76 497 229 590
7 7 339 320 207 618 166 357 256 506 590 174 347 235 201 95 476 77 317 189 697 321 288 657 647 364 153 140 494 26 394 693 547 238 485 668 239 99 217 156 280 31 141 98 351 366 561 356 216 433 408 608 87 729 297 179 652 389 49 252 97 68 204 890 110 54 881 176 482 102 552 405 12 1455 694 221 479 1301 488 24 730 418 928 66 431 29 867 403 318 231 100 367 81 113 261 47 1024 200
910 257 83 33 273 16 374 526 498 1456 8 438 811 1373 435 719 366 853 377 310 1186 166 293 670
693 512 630 969 40 49 177 325 280 115 10 357 130 807 890 243 72 98 360 89 719 652 860 873 491 681 420 1069 189 261 77 24 289 214
235 117 236 48 715 175 890 1023 210 274 31 339 960 491 252 736 1 95 652 289 78 268 436 156 356 116 139 860 297 681 640 571 380 660 243
567 154 216 900 299 612 254 375 78 544 232 273 66 931 530 291 217 75 70 293 418 801 494 31 211 474 23 146 24 556 52 456 289 56 220 156 218 137 47 622 22 189 100 1076 221 118 114 101 76 204 34 361 200 321 357 528 669 482 247 240 538 174 1115 144 108 33 368 577 476 50 29 110 231
602 861 544 68 46 307 452 781 352 455 102 347 614 873 26 273 229 182 1024 487 1102 157 131 239 771 207 249 60 408 209 518 753 6 267 57 973 158 864 465 174 22 471 857 418 195 50 971 276 100 208 161 443 371 693 217 506 552 456 935 101 221 734 1421 216 96 938 175 254 557 862 740 1161 309 86 970 118 860 34 719 472 311 649 166 245 529 113 256 153 191 530 73 66 135 140 225 112 885 170 103 748 697 288 480 333 590 305 911 77 1034 798 264 12 91 49 822 336 483 701 403 776 537 598 97 302 622 534 297 431 120 613 501 104 53 1016 1138 367 233 114 492 242 816 136 1530 399 569 321 814 274 292 494 29 33 359 95 329 280 1006 801 576 83 151 427 201 382 93 577 340 351 416 565 232 63 1036 52 357 247 10 179 355 227 342 592 285 647 876 87 703 872 23 204 8 405 189 406 31 629 144 474 177 389 44 244 543 231 141 1018 24 1164 345 156 1114 531 657 676 571 820 272 88 25 1196 390 373 777 361 181 235 317 517 433 882 528 547 438 185 525 219 320
21 21 65 488 717 20 345 988 36 1026 170 12 119 1169 1115 1242 936 220 277 1066 387 1291 556 377 1345 707 1386 201 247 181 610 163 1423 443 1269 200 102 186 622 1458 413 888 389 1089 753 693 60 77 67 431 1016 541 329 160 480 46 523 795 723 197 1385 884 655 9 148 166 673 373 7 1287
346 656 555 381 597 400 158 306 355 77 514 502 956 60 59 467 188 340 855 68 403 120 331 1076 1146 552 23 196 49 387 695 298 190 565 512 25 406 1259 490 1294 1114 86
779 695 136 145 1028 474 120 345 458 9 635 359 113 146 571 329 318 200 423 166 231 230 456 413 29 256 56 377 100 254 68 7 275 600 433 161 209 276 217 544 191 480 366 1077 257 247 587 291 57 552 12 220 726 189 403 502 471 77 490 309 445 307 179 240 431 112 83 311 70 178 232 705 99 51 506 360 512 52 25 369 235 321 492 96 320 151 347 158 137 31 33 114 47 289 342 89 101 8 387 241 357 317 135 606 273 801 438 1076 6 49 414 182 754 53 428 140 26 24
230 40 630 274 265 719 280 360 860 157 491 668 98 652 289 325 928 570 139 51 0 175 95
253 62 669 670 566 438 465 606 932 622 567 191 289 141 942 320 887 71 68 239 172 508 389 24 623 9 512 408 33 281 719 170 34 53 801 318 1180 196 347 17 297 342 166 178 996 86 456 362 89 905 435 133 770 471 697 254 476 540 49 502 509 423 231 200 574
123 178 305 26 270 977 175 91 136 10 665 660 487 333 68 302 66 181 534 89 364 355 409 120 408 403 140 247 433 77 432 103 124 83 1069 676 365 387 512 157 657 509 781 392 200 86 566 63 49 1 1226 280 647 28 254 209 60
462 671 554 52 317 6 444 1166 251 608 161 476 65 25 1292 353 147 213 280 325 824 311 175 594 589 368 491 240 629 1098 26 256 140 1 114 497 666 376 158 217 547 613 201 189 214 296 380 347 216 102 582 95 860 156 141 146 1261 98 157 719 22 81 4 408 356 139 420 1343 43 136 101 641 229 208 31 359 399 60 1563 373 231 357 324 881 1473 758 321 47 1398 652 112 814 209 54 46 82 249 618 403 801 499 456
529 360 184 104 1167 976 95 117 60 719 251 860 568 243 925 98 175 807 404 289 491 4 0 842 1200 1 839
448 1148 518 552 31 73 30 797 783 742 556 476 146 209 893 514 201 734 88 317 249 504 320 698 229 140 161 55 66 49 139 324 695 60 208 29 153 351 574 70 557 629 101 383 120 355 357 195 634 156 450 56 114 569 191 205 528 204 233 460 226 200 431 740 240 287 347 364 367 623 945 329 879 87 809 717 534 1077 527 172 685 510 157 307 297 613 363 1014 502 99 447 150 1320 706 408 285 328 267 52 646 862 849 100 801 170 53 373 57 368 173 247 58 47 554 293 242 416 758 869 591 244 480 704 366 468 115 141 837 467 193 396 764 253 1540 216 10 647 231 614 8 168 77 752 130 179 22 103 76 399 1228 82 778 822 834 310 167 86
742 147 216 552 550 80 447 24 385 417 350 864 317 1447 1016 88 370 103 1159 556 197 94 268 22 82 229 919 403 239 84 888 12 192 1241 895 215 368 555 329 9 427 336 275 706 698 161 68 498 112 359 191 530 34 272 531 313 227 366 166 310 577 1037 260 446 704 182 232 305 773 228 321 296 875 178 538 36 1028 95 367 283 288 356 140 100 488 1020 583 117 911 146 159 256 311 7 683 1104 354 231 78 114 1237 1023 1234 33 521 241 1067 10 561 684 220 99 547 364 743 273 65 102 207 51 77 618 613 219 250 926 740 394 470 345 342 361 217 862 455 62 866 1544 623 347 328 97 196 846 401 76 49 412 945 86 1224 445 817 121 31 502 738 887 218 407 240 480 150 298 118 1172 221 1177 544 657 436 622 1309 238 1091 244 157 549 293 790 442 390 208 269 1007 652 818 936 189 431 557 633 93 796 254 1446 333 406 26 1062 172 426 373 83 450 635 253 614 47 170 456 543 195 57 101 175 860 528 309 492 91 141 53 420 905 1143 649 274 1092 413 1013 408 98 201 1182 551 122 468 179 507 96 964 834 425 978 113 165 504 56 396 291 571 110 153 716 25 831 758 540 476 135 816 573 265 1164 29 156 363 308 474 1018 472 186 516 205 458 258 87 174 479 185 136 783 1531 877 526 506 52 746 809 973 591 23 358 247 307 435 337 302 154 357 1040 362 725 306 900
914 356 644 49 302 77 117 60 427 94 140 647 48 350 360 242 866 148 552 613 10 305 261 153 141 216 406 928 652 240 357 297 719 31 104 502 24 86 873 23 706 101 278 347 52 523 12 862 136 260 189 801 511 403 364 256 298 289 233 175 725
687 95 1114 608 153 404 141 371 280 1 578 823 861 563 755 28 340 0 552 1225 862 873 12 139 24 1119 261 890 600 955 446 566 501 175 594 647 781 971 642 652 52 86 41 289 403 944 60 1018 357 158 144 23 228 464 960 204 510 644 209 98 189 1159 406 809 124 336 10 893 364 30 266 331 252 511 181 25 849 178 770 487 928 387 860 497 206 346 695 104 1229 706 814 269 350 627 502 298 614 881 268 77 443 1091 466 305 700 117
795 118 95 289 144 168 513 43 1040 777 652 142 1005 928 216 731 886 154 241 209 771 678 660 29 527 627 883 925 814 211 157 634 858 1002 585 1 1073 655 394 53 40 123 1103 361 860 608 274 602 260 1023 60 338 61 373 832 31 268 1262 339 437 116 44 113 34 314 256 930 604 493 1097 1244 175 311 617 273 280
319 49 67 969 860 31 501 204 156 58 157 491 873 695 702 1034 85 652 243 130 452 405 52 431 305 117 297 174 60 647 273 238 335 235 406 277 17 148 361 101 608 140 34 209 144 719 229 268 446 280 289 275 629 462 1 676 307 357 389 73 95 660 51 1325 57 189
205 242 315 426 69 24 302 189 310 531 444 247 855 197 646 543 196 215 809 480 253 9 102 131 179 443 49 146 498 229 684 474 476 135 630 345 144 6 552 377 174 1104 289 193 527 22 231 571 895 209 336 140 709 1236 687 877 458 219 72 142 201 26 296 499 740 726 394 357 75 52 1292 402 1162 1167 112 450 438 347 77 51 550 1068 667 47 647 13 79 1019 1171 227 703 7 16 1134 344 191 1016 468 323 29 852 173 354 221 516 17 556 118 100 431 60 312 172 945 954 23 318 551 25 1214 864 244 65 1240 456 207 540 216 970 31 363 778 311 14 155 338 176 832 225 548 1201 557 1179 181 833 497 633 757 113 826 61 273 797 406 175 308 472 101 325 434 1037 122 351 719 387 261 1227 1003 432 291 226 792 834 328 682 156 274 657 159 526 528 95 147 99 293 442 21 70 389 76 162 764 309 675 754 1067 776 889 506 1009 410 364 758 120 390 55 408 33 465 971 419 817 182 83 114 549 887 115 565 211 368 617 573 385 321 160 445 20 228 233 1190 208 136 502 117 57 423 46 8 82 168 249 717 166 1049 123 656 200 695 12 297 593 256 576 356 435 161 433 504
706 182 179 435 267 146 52 166 249 406 131 288 284 556 338 423 247 101 371 676 390 351 663 350 366 297 557 305 417 32 231 109 525 153 513 693 895 683 499 355 547 1016 527 217 1035 200 161 1245 6 704 778 158 695 134 140 589 573 159 191 431 204 60 83 65 492 336 768 444 97 456 25 13 414 1011 797 136 156 740 613 746 17 118 253 209 479 24 734 73 121 367 239 462 23 945 471 12 1006 33 53 725 405 120 147 47 10 42 102 96 299 433 229 29 309 207 228 321 510 311 706 26 162 141 139 78 973 864 112 532 216 192 382 320 516 526 31 408 591 552 226 215 208 87 356 852 504 1114 1092 357 438 256 403 396 219 1224 292 77 324 181 796 49 830 22 748 647 514 190 56 670
740 471 101 148 24 277 360 254 236 51 157 161 367 217 150 899 185 371 357 479 175 289 502
817 348 236 266 139 730 200 305 206 210 67 432 221 77 567 294 702 133 89 12 49 235 856 873 58 460 423 299 151 1334 1066 568 66 95 339 289 482 511 501 1178 1076 180 10 552 695 9 267 665 238 767 1127 103 1378 59 24 157 669 188 262 555 355 302 406 177 719
433 344 124 370 849 25 403 89 176 552 131 1067 774 1018 876 614 1106 452 77 577 502 184 904 209 120 809 530 83 768 971 17 103 600 862 487 443 173 60 564 68 23 656 634 24 259
621 525 995 593 502 1034 51 68 77 23 319 652 89 24 140 339 344 452 409 209 530 179 668 173 49 86 189 78
540 92 436 0 1069 357 546 174 361 226 221 1180 526 273 920 657 390 408 512 856 942 240 189 360 243 873 1196 289 557 294 329 191 485 1071 220 949 569 127 619 89 36 491 100 99 568 247 380 333 751 574 179 303 244 216 404 157 465
806 1257 881 104 339 860 95 60 652 280 554 404 98 1 839 48 117 594 609 252 1023 1103 719 1229 139 269 585
169 217 318 276 364 552 523 221 356 242 190 97 864 529 719 411 670 291 296 119 590 239 931 82 243 77 98 851 561 289 1 161 500 81 957 754 418 357 592 302 1114 40 702 888 427 395 408 247 341 512 501 153 17 34 249 93 556 365 579 78 533 87 102 32 52 204 120 38 765 166 534 254 267 652 1069 1180 661 528 555 571 203 273 311 141 124 15 482 71 969 595 278 333 449 115 1276 250 703 112 431 321 567 208 613 581 1422 59 746 597 0 10 902 359 53 244 622 860 151 517 191 770 22 306 547 173 157 280 60 140 472 496 269 178 568 24 389 169 47 630 697 677 118 200 68 259 433 355 57 522 1126 423 863 138 170 43 948 252 186 873 136 399 108 647 569 261 629 240 31 104 440 483 5 79 644 665 29 1013 189 452 133 73 502 101 297 623 387 216 209 406 695 49 390 181 196 158 549 95 657 1071 235 656 771 72 148 256 262 574 856
562 473 492 262 294 1354 856 702 188 210 423 908 989 1114 1235 638 822 1127 693 1322 92 67 567 299 71 377 58 1624 802 449 482 460 199 690 9 508
486 77 22 52 395 299 305 382 458 719 269 28 136 289 275 300 1167 358 89 297 59 566 50 198 960 480 24 273 474 628 1106 112 571 76 665 573 17 78 200 669 707 103 403 10 768 600 357 618 12 58 796 208 321 182 502 781 157 253 643 529
675 230 101 60 52 43 403 240 277 70 239 556 100 389 191 135 298 216 247 794 46 53 423 373 241 333 56 139 623 383 471 88 221 820 175 367 24 931 95 51 357 382 244 12 657 198 49 734 693 50 201 83 261 321 433 57 289 26 707 174 200 320 161
131 192 239 238 273 399 34 389 185 217 93 216 526 120 254 22 703 137 499 367 423 154 431 103 60 660 95 408 1110 513 474 182 102 25 438 1016 532 256 589 150 191 544 496 250 480 125 36 646 42 3 200 456 652 1009 356 864 351 504 471 406 101 884 260 601 502 694 240 852 112 99 412 209 459 979 166 56 647 923 26 345 156 396 47 349 413 735 229 915 91 113 618 460 198 77 401 29 333 114 297 66 96 24 1049 390 247 253 251 520 31 801 173 552 584 141 571 1 945 57 436 161 309 394 68 503 547 49 275 204 366 748 289 179 78 118 189 386 249 267 291 226 462
128 185 279 297 111 677 170 189 389 229 161 5 732 408 91 240 174 888 44 735 60 156 342 207 108 32 31 347 357 94 102 734 725 256 319 57 288 496 329 247 113 629 96 29 220 34 101 216 38 260 191 359
545 49 102 561 321 156 200 220 444 258 492 496 297 730 618 260 94 524 454 229 888 170 113 118 753 725 78 96 367 571 108
70 80 115 159 23 172 257 103 320 348 310 412 64 321 447 37 394 123 527 547 408 190 633 33 577 685 689 18 705 765 777 826 14 118 740 144 221 153 161 347 86 663 961 323 191 390 575 748 338 479 197 232 150 305 968 435 427 534 146 1101 1105 131 526 314 282 368 102 1126 858 719 29 13 356 246 1159 886 363 135 717 656 47 890 124 1049 205 296 65 458 904 209 468 552 767 126 1263 22 1112 178 240 1272 389 50 657 557 1019 617 27 53 610 207 60 502 385 437 139 372 179 192 415 297 164 499 247 769 847 413 799 369 695 231 417 1210 250 309 68 168 823 114 350 881 829 120 113 434 1044 1 264 24 163 121 456 147 1383 405 652 201 211 189 1113 204 1018 895 151 1002 12 423 467 614 82 743 244 73 83 960 1036 720 200 504 256 628 900 332 212 426 217 732 832 76 820 355 613 328 54 93 629 226 96 647 403 25 156 283 166 311 1016 953 472 556 182 307 87 888 864 1240 329 475 494 269 10 781 794 667 253 195 302 100 678 396 973 431 978 227 85 229 738 406 604 676 288 366 367 149 726 542 632 26 358 219 401 142 1054 20 471 860 455 291 1254 560 242 704 631 443 698 362 469 98 1104 344 52 646 945 565 61 634 1092 316 885 254 2 8 590 274 684 571 95 216 954 215 528 3 1531 544 607 758 576 1245 1128 364 293 173 351 155 651 198 361 77 208 313 683 112 88 122 530 30 746 416 158 783 764 453 1138 177 496 1237 140 480 1330 157 371 349 529 834 817 49 79 317 433 709 514 1164 340 1048 324 1491 167 357 796 543 1023 235 438 452 57 6 382 749 793 101 32 170 1279 549 778 476 862 31 354 117 193 531 1540 573 280 97 850 474 623 7 278 924 540 239 787 267 136 365 46 220
497 335 404 578 95 268 1257 85 1023 280 715 1202 274 1116 391 881 731 652 261 353 157 1103 339 668 960 116 1002 60 269 252 627 719 98 755 144 594 104 930
87 104 187 192 543 201 698 430 594 847 404 117 156 553 317 231 850 426 652 179 1048 48 408 787 247 143 323 894 764 366 1112 65 621 55 494 172 471 43 226 121 1183 262 112 504 208 261 229 175 1092 193 368 57 325 321 1260 102 191 399 293 720 369 249 397 239 363 205 758 216 881 244 146 474 450 331 926 953 751 53 833 727 157 376 147 60 95 1070 719 8 830 801 518 890 414 1278 615 476 114 130 1004 33 456 860 438 539 373 743 280 528 80 227 401 792 297 79 329 1019 748 820 717 1530 85 468 14 219 773 629 864 435 604 834 82 711 576 915
876 600 669 401 66 438 538 488 610 161 431 143 289 387 408 262 293 309 753 89 498 70 231 148 52 68 99 333 389 517 357 17 49 291 449 330 59 111 273 423 665 920 599 480 122 71 288 622 443 247 5 103 374 567 460 433 91 254 818 1069 299 694 502 34 366 491 492 367 108 767 200 33 1196 544 37 702 695 244 133 101 733 512 435 251 528 264 77 294 745 310 189 379 88 882 320 633 574 166 31 503 428 936 913 58 887 110 508 239 407 463 550 973 942 159 67 718 179 83 50 29 856 418 1378 8 6 1180 221 1309 72 638 318 157 3 509 526
816 891 184 157 139 719 608 130 72 115 404 890 1 491 117 95 60 630 175 360 652 343 48 681 860 252 289 1023 280
246 239 254 614 226 221 66 364 619 264 501 242 86 530 89 185 95 289 157 200 216 166 49 355 198 502 1023 140 189 382 652 399 329 571 191 21 311 472 518 389 669 229 931 953 321 360 77 63 240 113 156 297 499 60 31 309 293 100 431 623 209 672 318 320 81 390 695 103 497
59 64 241 561 599 99 342 403 103 723 174 512 49 31 329 603 108 83 371 665 982 828 361 240 200 432 622 359 81 356 220 485 34 68 541 297 264 216 36 140 12 601 460 148 942 93 24 133 5 452 364 428
245 516 564 140 1 452 261 751 416 364 647 652 23 95 862 491 12 298 136 175 651 1292 280 881 715 554 552 151 120 666 68 306 1225 719 117 130 141 204 97 695 855 511 403 860 577 242 278 490 25 98 49 209 157 43 77 704 613 165 502 60
314 273 38 357 242 125 730 361 492 217 200 34 166 499 888 261 297 939 24 719 896 130 204 108 356 317 371 239 29 541 53 1079 351 94 1047 36 1 170 754 740 243 157 496 189 4 326 249 225 640 502 174 431
371 154 554 175 60 49 261 88 144 61 150 1058 719 216 1023 139 209 630 85 31 242 269 594 34 130 367 321 29 113 157 881 890 274 95
803 497 136 852 238 145 356 332 233 730 496 329 174 217 504 706 252 403 295 161 273 247 22 740 613 371 508 289 133 307 110 1149 540 220 479 112 538 355 297 26 471 526 1054 166 1480 231 221 182 147 99 311 500 510 433 357 324 492 216 87 888 367 52 347 413 351 157 1206 12 109 10 240 210 31 431 82 945 359 183 337 1059 269 474 253 682 942 180 1009 60 1056 483 135 83 546 158 288 444 14 268 1026 241 156 456 56 189 1 137 101 862 6 718 758 146 423 72 644 141 317 382 24 113 722 53 29 571 200 102 33 913 823 140 77 405 81 350 49 856 570 277 778 93 518
19 19 218 292 300 304 359 394 429 448 200 188 405 485 440 46 452 31 182 105 658 684 688 669 100 743 402 59 456 828 238 504 603 694 357 260 859 309 110 660 103 948 583 340 76 155 475 285 299 692 887 989 1024 549 93 120 537 600 1051 862 262 21 982 133 254 995 630 420 385 225 888 1131 567 1125 308 389 232 730 276 733 156 95 1160 867 1168 465 62 26 503 740 476 298 866 77 595 310 821 36 319 24 17 98 57 79 931 102 597 140 882 347 971 547 936 205 38 297 856 622 584 492 529 1090 556 6 172 652 1009 687 367 723 360 1300 423 725 0 923 441 561 53 631 106 435 591 914 32 1326 290 354 51 118 8 876 920 179 235 736 223 973 1351 1355 366 646 29 479 695 209 518 68 307 590 487 1088 1196 682 766 790 241 562 174 1387 82 496 96 649 569 66 1115 575 433 406 34 489 160 531 708 1162 261 629 1344 211 60 505 1020 1410 135 760 94 1072 408 1385 512 784 356 170 789 753 746 256 166 101 1441 337 258 221 1378 75 1171 702 207 1397 351 571 1067 950 1016 204 39 361 551 601 47 191 148 588 377 56 5 546 202 303 25 949 122 705 112 220 1492 250 1494 509 342 528 726 592 58 754 1460 1235 1079 568 873 957 1505 1399 376 185 86 50 1508 104 424 530 317 438 401 428 251 139 611 345 83 442 239 1097 581 599 635 271 780 1026 52 750 333 707 1046 1037 33 719 1022 326 288 418 145 15 13 884 78 111 302 471 273 91 900 244 638 896 137 508 28 544 99 314 339 88 291 833 818 463 154 70 432 404 623 538 618 565 1350 321 781 216 469 161 1276 1580 703 1180 12 1179 502 362 480 368 129 349 240 965 1014 186 514 758 763 494 229 1329 1217 327 320 84 275 908 943 1316 454 230 685 289 593 939 141 891 61 125 272 1023 49 552 699 1005 942 665 283 697 690 329 550 107 1083 247 668 919 138 150 245 852 1225 1338 657 190 1063 748 257 913 384 470 673 1241 1060 1135 231 677 864 217 473 7 905 577 541 436 226 676 844 970 315 534 431 1255 178 374 264 265 71 311 1151 1178 540 114 22 795 40 1007 189 157 483 875 27 318 513 478 482 1671 1446 212 9 729 586 488 147 1658 1047 113 625
500 32 122 1225 204 480 1114 117 175 91 359 227 79 291 238 1128 112 212 269 629 476 156 1276 157 216 103 293 33 209 311 275 828 6 48 506 283 718 57 77 220 456 172 102 618 465 150 99 62 161 254 433 247 24 95 347 182 899 145 179 622 357 552 114 88 408 104 101 864 309 556 319 418 438 1188 201 482 726 120 189 364 593 905 719 100 861 191 31 253 135 339 232 257 887 22 256 320 1023 98 321 690 229 52 403 272 26 231 105 159 140 652 668 537 356
331 404 101 635 268 36 161 52 671 814 220 189 319 238 29 342 567 91 174 905 801 608 668 78 652 157 247 251 687 578 260 357 154 1167 275 694 884 750
613 309 1040 1061 165 139 1244 7 27 95 796 403 123 274 155 84 1073 577 151 594 232 413 480 60 578 554 1109 881 652 935 30 1279 24 655 809 407 443 345 23 57 389 529 68 70 971 1049 31 464 552 816 434 272 832 452 122 1314 215 212 861 892 150 820 771 983 719 101 471 1197 1034 954 144 1118 668 598 77 49 643 52 159 231 161 313 228 370 363 364 340 50 415 321 1190 26 29 683 357 877 194 433 103 301 318 1265 814 841 1128 528 1213 544 209 135 168
0 0 528 377 522 431 834 380 329 550 83 632 86 289 363 438 389 649 947 423 291 10 1006 179 751 487 665 92 512 1045 672 656 221 432 365 321 466 302 491 521
543 141 72 900 695 51 116 73 1067 23 950 1076 807 177 452 1293 808 660 181 530 771 565 12 153 144 271 151 157 864 960 1027 36 104 137 842 325 43 209 297 140 921 94 1 496 403 133 154 280 928 322 462 29 11 686 416 420 971 719 204 1159 751 214 406 87 138 49 647 175 77 361 824 710 401 1182 600 233 860 117 608 970 274 1013 261 446 76 397 28 666 1023 432 351 228 252 4 10 506 156 750 862 511 364 758 52 216 490 1039 324 399 289 676 346 504 365 357 588 68 488 381 25 630 652 89 706 184 531 115 298 715 278 305 354 269 58 350 502 136 578 31 427 189 24 150 130 336 95 120 858 311 98 1034 103 60 355 256 211 86
552 339 136 335 177 144 935 652 706 762 1167 511 40 552 357 175 60 403 404 98 1538 187 484 350 95 1034 24 52 719 340 12 269 77 1159 68 382 594 157 89 10 668
165 262 342 518 150 57 273 22 740 103 34 408 418 217 231 229 239 725 557 628 5 174 474 256 8 389 347 329 244 12 423 157 361 50 166 154 307 458 356 1020 240 492 554 253 311 94 960 573 76 561 68 260 78 99 254 269 719 53 506 357 652 60 900 179 480 593 189 182 211 112 77 599 471 101 216 571 367 438 172 31 29 479 33 100 247 130 758 685 547 895 52 96 161 79
382 719 216 885 75 452 373 140 511 860 72 274 302 83 832 404 594 364 153 881 604 930 280 339 862 242 728 60 502 104 142 340 652 157 77 49 144 325 204 391 1 1077 24 31 886 211 98 695 95 61 113 403 527
785 511 1473 810 491 420 40 959 807 280 891 104 339 184 72 851 1116 117 497 115 269 353 608 343 1341 666 1184 680 860 1 1637 346 484 1017 652 568 519 157 1103 671 380 1659 98 1042 175 95 268 997 1000 719 289 1121 245 60 842 744 261 139
916 40 60 511 652 1405 960 98 719 280 139 104 251 213 842 325 4 184 404 346 839 115 289 1 1000 1120 157
842 150 95 1115 920 191 38 767 503 887 795 78 690 247 200 53 135 361 57 93 103 29 947 159 161 1473 540 552 112 480 26 71 294 677 649 433 867 753 88 217 23 699 1028 118 590 36 401 492 173 989 366 54 86 203 220 232 113 5 231 302 240 802 195 599 818 949 905 6 99 186 52 460 179 91 550 896 528 884 244 638 657 479 981 1006 622 436 856 154 669 33 108 354 299 571 110 198 136 435 230 329 256 1509 307 496 82 66 101 303 403 518 137 890 218 67 94 357 189 273 221 241 754 260 311 697 476 584 50 593 517 734 538 320 275 174 982 125 431 8 561 258 100 702 412 321 309 254 46 347 549 166 587
751 289 130 175 652 719 269 511 751 60 1120 184 860 72 397 1058 960 360 51 807 95 157 404 380 43 1220 346 4 1121 842 630 680 715 339 1023 824 1117 331 964 1 104 1184 214 353 395 608 554 261 959 1398 280 85 1015 491 115 950 144 1343 325 505 1280 814 48 839 582 274 1519 1328 1131 578 251 1098 609 139
942 452 873 140 52 935 157 209 355 10 68 158 12 1023 614 153 180 652 63 141 24 95 672
305 139 851 755 157 751 269 243 668 280 842 184 95 115 491 713 346 289 117 268 1120 960 630 130 511 944 339 251 98 652 0 1023 1405 252 4 1
640 376 95 652 491 175 432 404 570 863 700 695 24 177 928 43 144 77 140 268 68 98 594 736 104 608 30 1023 484 364 280 371 139 187 1
108 145 176 632 299 611 36 797 660 110 186 256 669 258 128 185 1051 108 174 300 884 732 284 873 509 94 401 649
519 405 87 492 351 191 221 49 474 60 549 46 179 456 65 73 329 298 66 488 57 182 311 5 778 321 356 383 269 556 704 249 768 466 305 823 292 22 644 20 100 140 229 573 157 84 139 253 76 246 103 355 207 181 403 357 408 354 216 159 471 1182 86 254 11 367 209 389 431 118 114 373 528 614 320 102 366 303 480 413 293 864 198 1253 161 26 432 895 136 175 88 147 324 1013 307 153 364 172 297 217 497 758 547 261 755 201 230 1006 629 252 94 12 707 30 368 801 1018 382 54 96 476 152 141 452 189 347 552 518 10 112 506 872 166 62 99 256 24 82 6 146 208 156 101 244 278 557 52 247 317 652 734
182 20 377 498 593 479 592 250 311 801 670 534 657 359 58 280 172 147 146 285 551 49 557 238 308 342 635 12 389 216 321 52 693 877 406 413 900 200 513 666 209 166 669 76 543 738 179 338 103 456 239 329 268 502 1065 324 226 309 550 351 262 244 173 476 207 1028 24 264 191 549 26 390 8 102 297 275 460 288 82 715 296 423 195 114 474 88 65 807 47 473 552 740 652 136 367 597 405 93 719 38 56 320 6 357 540 408 27 201 36 229 511 355 231 538 253 314 54 354 175 604 254 211 356 492 256 506 491 112 77 433 284 816 53 22 57 403 482 230 1268 317 118 751 34 347 822 25 1020 333 796 55 529 141 60 818 142 135 181 361 864 221 31 218 182 189 217 269 307 261 83 84 100 547 860 156 78 431 157 471 712 101 170 29 509 204 517 89 1037 188 161 63 783 622 46 646 99 184 366 629 273 1151 373
512 873 336 298 86 63 406 1104 133 614 739 287 416 1076 97 381 209 49 196 861 1196 12 167 103 228 25 1034 490 432 23 141 445 467 140 120 204 387 409 676 652 1558 1136 452 464 514 173 502 188 855 178 355 419 597 695 552 246 403 190 60 862 501 24 360 400 413 1114 77 364 181 242 1434 565 136 267
800 83 228 873 934 25 106 676 1558 876 613 173 298 402 209 647 120 49 259 523 501 490 432 204 452 24 502 336 103 278 695 855 525 403 769 340 552 651 77 23 365 364 86 136 1210 68 242 825
736 454 482 244 209 284 230 982 145 512 101 389 657 506 289 1097 256 58 12 1115 49 317 78 31 52 333 873 225 157 103 725 66 552 247 618 239 690 179 474 471 102 156 34 297 174 356 357 133 508 367 59 695 277 24 89 1 502 189 1084 188 36
739 182 86 1006 96 94 623 50 170 1090 21 1389 1112 665 243 818 321 571 333 327 436 100 469 625 256 420 154 496 547 979 843 342 948 1593 99 630 105 876 238 5 503 748 351 1072 233 729 43 204 923 196 428 1206 529 118 725 221 435 562 661 471 156 500 454 813 1253 135 480 180 14 1127 303 433 632 186 232 47 1 646 1460 631 266 460 647 198 340 404 6 231 357 272 478 258 290 66 1026 62 68 320 920 508 649 309 498 166 184 434 556 1344 78 139 242 1453 694 487 315 908 610 886 183 216 629 950 20 707 1089 719 83 220 795 13 29 884 174 84 544 31 492 864 753 1165 1225 581 509 93 584 236 106 229 70 133 140 110 40 528 36 570 9 462 591 1641 491 550 128 302 191 297 982 534 750 482 225 863 57 33 244 355 635 317 311 389 12 1259 887 240 1492 723 234 200 359 285 280 299 767 398 540 512 202 356 64 367 345 432 288 325 137 366 693 431 88 980 60 226 914 347 329 936 586 26 138 319 819 289 91 125 669 239 181 699 1108 423 479 1014 275 1247 1016 260 408 102 146 179 361 38 781 820 363 1079 402 17 730 209 337 633 535 599 101 939 501 161 430 277 324 271 695 1099 847 502 157 1675 82 1269 52 538 112 888 247 173 488 189 53 49 611 323 1245 34 395 346 326 185 1145 24 390 108 873 618
3 3 124 131 160 307 6 324 377 449 368 256 511 161 193 527 88 264 577 434 217 573 817 822 526 209 166 864 176 329 643 49 320 768 849 77 26 460 740 348 649 432 340 1089 362 796 287 497 492 758 560 79 590 96 183 1119 778 365 65 59 675 408 487 510 296 242 413 656 571 254 1245 367 616 150 157 714 95 247 418 53 1054 52 700 355 140 338 667 118 707 549 93 197 315 191 226 257 336 588 358 134 103 142 525 682 456 1210 177 893 887 749 172 734 445 473 97 645 404 215 476 13 435 862 1056 285 120 267 8 38 499 9 710 291 113 83 1138 151 1018 718 1049 383 465 468 244 366 888 396 167 555 207 321 1076 934 540 431 30 239 101 200 755 351 139 233 689 205 316 1171 227 732 357 240 231 273 657 528 277 614 12 111 852 797 309 664 610 181 1092 328 479 208 423 46 387 64 24 1143 945 1077 654 774 442 794 22 502 198 947 23 633 587 961 596 221 612 195 1619 382 29 302 196 390 199 629 695 754 471 400 203 298 1034 515 317 32 644 216 1100 33 1016 403 158 834 818
855 83 86 382 695 518 11 365 762 774 393 95 134 126 971 934 427 840 745 782 487 68 10 682 647 89 173 977 377 1076 614 60 23 267 1123 1469 355 719 103 233
161 246 40 340 12 120 136 151 350 647 849 971 1067 769 124 507 23 689 403 198 613 131 406 809 357 510 77 861 906 336 83 52 302 24 1034 178 10 364 177 911 278 140 934 452 209 525 381 60 552 41 348 464 977 514 103 656 704 416 762 904 443 25 445 614 523 196 531 228
445 360 491 144 824 95 652 223 171 668 863 51 578 116 568 1364 608 814 570 793 265 594 243 245 279 960 48 1243 420 928 519 585 582 0 671 72 955 1229 731 187 903 1466 713 838 60 627 1225 404 391 280 851 289 339 484 1015 98 139 466 891 346 997 343 999 268 1027 331 1421 736 104 43 925 1392 1103 620 213 860 700 274 899 1002 995 1 380 40 497 1023 248 459 950 376 1405 175 157 251 1261 815 117 930 944
874 420 157 652 95 115 289 360 719 251 268 491 98 1116 206 1023 570 339 860 959 104
941 184 608 652 48 594 98 1561 960 353 4 1 420 511 585 280 104 60 139 117 157 751 719 404 289 807 130
898 502 360 320 1063 862 291 670 518 98 435 8 652 348 498 526 166 310 60 633 718 293 52 77 276 89 17 37 366 590 594 365 179 36 143 1106 177 124 140 33 745 15 1054 178 778 83 257 321
656 72 40 594 4 578 568 157 184 1402 652 719 335 511 325 1202 48 1166 274 641 261 466 95 1343 484 175 130 339 144 851 1292 1017 881 289 60 104 554 98 115
847 307 41 355 687 547 387 434 510 11 141 151 970 156 177 298 200 487 38 140 166 77 68 1176 360 136 259 139 92 326 623 9 270 36 971 408 305 485 452 745 280 204 189 176 254 960 565 209 113 552 1138 319 233 311 611 512 1631 501 47 399 174 1023 306 243 246 260 583 393 118 770 534 10 427 378 443 63 60 762 124 1108 856 509 613 769 329 95 191 389 400 278 538 447 17 357 297 1016 500 22 1076 102 600 94 497 49 116 30 220 112 317 23 502 57 1034 128 239 241 158 181 454 190 1 506 873 1411 103 371 34 1126 87 98 24 455 1114 440 822 216 1558 295 365 884 321 108 86 814 221 225 67 1036 390 31 969 157 491 269 91 138 125 1542 855 133 782 336 735 1069 432 490 571 734 704 676 723 693 518 120 240 196 131 382 288 367 656 273 403 229 765 217 12 89 100 702 364 531 460 361 289 276 861 354 694 980 862 351 238 199 252 173 51 1082 242 584 59 647 1013 101 251 83 707 754
879 652 77 647 24 103 614 68 765 189 12 278 445 177 95 52 97 357 40 140 336 420 261 552 86 403 23 695 340 83
698 117 955 245 274 751 116 568 175 60 899 881 719 652 251 95 144 268 139 497 289 491
117 168 310 369 189 154 9 532 531 485 176 86 757 316 748 833 858 689 438 904 178 14 926 401 131 670 298 348 181 695 846 112 854 196 320 654 219 161 264 1112 179 456 297 114 447 1136 536 95 826 889 52 445 147 685 762 381 172 502 758 3 564 409 317 370 209 47 467 476 872 364 1019 253 970 552 393 621 293 270 1197 1260 368 126 97 853 1070 77 781 173 257 1004 403 175 523 31 520 217 543 443 24 455 29 664 23 65 832 201 216 773 419 82 864 190 15 156 801 361 124 392 33 347 68 408 79 633 504 101 140 143 103 435 60 291 724 506 136 743 452 75 660 1067 336 144 559 783 8 647 1030 600 54 568 741 809 651 1167 899 274 322 668 16 862 356 231 861 211 18 120 406 596 62 37 25 197 366 469 572 204 228 51 76 1091 434 911 182 357 377 239 102 12 6 975 117 229 437 516 499 166 265 17 359 1225 458 49 106 246 1104 278 474 165
738 24 157 392 502 400 280 695 72 222 862 86 452 48 427 491 387 43 49 512 355 873 190 289 153 209 600 117 0 140 28 643 175 40 52 568 360 534 58 60 357 675 251 608 861 432 404 89 644 652 77 189 131 331
782 201 667 94 78 755 361 76 3 181 438 423 725 1127 309 137 587 1168 874 82 79 317 34 435 31 406 1 553 404 77 29 513 278 556 888 174 310 622 43 256 191 8 1363 318 426 362 231 552 400 188 527 211 1009 1008 800 403 381 247 540 998 112 635 390 113 973 269 216 50 306 646 24 1107 182 454 5 425 1102 1320 120 982 543 12 81 220 157 200 434 828 253 591 342 436 964 467 151 146 623 455 150 660 857 32 297 239 209 647 1097 784 399 101 359 298 573 938 368 569 145 1269 49 415 1040 960 156 651 314 320 208 1151 66 204 197 1003 608 22 1164 25 801 275 218 23 54 994 472 159 1068 100 669 1115 97 136 900 1228 244 289 479 354 356 860 783 738 114 505 450 375 571 469 946 1190 502 268 323 431 718 91 694 421 46 683 265 103 311 271 307 495 360 51 615 217 57 829 1162 1316 229 561 140 978 437 746 230 394 629 476 47 364 14 618 175 121 118 498 754 161 264 474 296 417 932 293 408 288 212 203 817 506 852 111 714 102 758 538 617 374 144 577 333 895 730 221 95 1005 652 18 1211 154 471 490 240 740 98 805
11 11 96 123 199 56 77 60 221 480 240 207 153 288 556 469 591 88 761 146 775 383 276 157 862 220 209 890 103 757 945 693 431 418 976 284 491 49 1015 7 130 155 73 150 50 432 385 401 53 182 135 216 102 812 124 29 578 254 193 194 142 229 331 59 136 217 1118 28 566 67 987 357 691 749 554 530 76 792 1206 1268 843 340 901 399 367 14 935 879 360 282 197 345 172 24 900 379 112 1229 336 527 33 533 947 456 86 139 891 986 670 794 707 1163 294 526 786 366 586 25 189 291 388 518 89 610 57 529 195 1406 531 528 817 27 377 1421 552 307 337 656 278 972 512 522 121 685 1058 424 355 838 311 52 83 1389 778 1034 606 452 1022 93 22 166 403 133 1101 580 433 449 614 262 338 981 1119 904 165 1165 500 342 492 816 231 678 206 13 481 745 955 532 681 173 161 649 657 479 26 1405 1338 325 831 347 100 245 101 1192 174 435 148 1533 604 373 630 310 423 1049 235 404 364 257 8 1104 607 324 392 751 619 47 999 1054 654 299 365 889 247 179 92 1067 134 354 348 590 408 140 10 716 677 415 665 899 1048 167 925 734 65 953 205 631 277 858 320 236 158 305 17 861 178 39 405 959 344 180 233 781 796 181 852 744 321 256 551 293 1056 244 842 961 1223 413 226 1138 822 549 82
566 83 12 24 233 600 86 387 1034 357 103 73 487 1 643 140 350 751 355 77 1076 403 552 695 502 781 242 704 41 39 68 175 443 1196 11 139 151 1069 289 136 765 131 97 432 251 157 259 652 406 95 141 10 153 209 331 49 365 133 873 60 120 404 158 28 17 23 280 25 446 298 98
257 153 280 243 380 60 331 404 252 289 594 139 568 652 346 95 116 582 360 157 48 491 751
541 98 630 404 554 807 184 157 681 280 48 751 842 325 719 85 243 360 568 1 95 251 491 261
479 705 216 178 158 278 746 5 1009 748 1092 427 121 403 232 350 886 695 846 140 435 161 211 615 65 77 122 177 794 297 936 56 6 942 547 317 973 1237 456 54 1016 464 191 162 405 244 556 34 95 253 26 53 814 450 179 47 426 366 60 112 208 543 153 155 1182 143 27 256 480 621 226 299 293 1039 310 656 156 758 175 444 455 1217 302 233 52 135 101 652 801 83 1180 306 220 292 640 471 733 499 514 120 324 141 254 250 134 470 280 320 557 97 368 102 364 474 82 629 734 166 345 698 447 931 590 24 184 87 193 57 283 33 231 732 1531 476 864 147 399 10 783 647 157 86 289 172 822 311 130 396 357 50 22 676 49 495 683 552 438 200 80 960 382 1018 1583 1185 390 433 309 1054 291 1174 340 1114 204 170 360 371 12 25 339 492 862 20 351 1112 926 573 73 425 890 146 417 142 911 527 1024 239 207 354 114 834 375 1166 76 613 1290 273 31 201 990 589 17 591 404 247 423 408 136 347 528 751 363 663 185 453 109 229 321 296 1036 645 719 298
780 491 104 274 1405 243 98 420 289 269 681 960 251 755 666 719 130 511 261 280 325 144 157 860 484 40 652 213 115 214 48 72 585 814 4 1 139 608 43 751
390 834 734 1070 201 101 33 211 253 728 456 628 65 167 52 403 242 338 142 685 182 140 320 41 57 1100 421 60 549 462 100 431 88 368 572 197 219 156 158 54 357 76 96 796 984 444 347 351 864 1237 216 12 114 22 479 209 1147 207 47 926 543 719 31 6 504 647 161 112 135 278 458 24 437 468 717 373 614 978 758 426 70 435 820 293 329 99 150 305 10 474 198 656 471 307 556 837 607 698 208 102 492 166 408 121 945 757 136 217 350 1023 218 629 247 886 613 191 1110 179 323 321 282 364 14 354 297 529 861 172 25 367 23 544 82 231 1109 778 1041 311 95 973 683 256 296 375 103 249 528 971 252 573
394 222 61 204 406 990 389 773 1294 556 21 1034 1304 619 53 293 1191 333 364 249 88 431 285 657 433 1328 544 76 577 288 366 1100 309 400 1091 296 189 408 444 314 1049 1234 144 363 367 612 698 474 1367 477 368 321 27 1008 847 1134 54 446 147 614 201 732 1037 453 734 17 355 141 1162 1348 816 534 182 717 834 858 207 953 801 25 122 278 332 359 425 31 6 101 529 984 136 1019 740 200 155 45 430 629 1260 99 168 19 317 320 354 297 142 794 197 758 669 738 334 1028 590 195 809 50 1004 55 29 112 514 279 56 26 543 771 476 877 528 170 221 1142 92 704 23 404 191 307 120 390 571 615 140 1182 755 647 172 396 1016 146 494 931 1054 527 526 799 116 971 357 560 820 85 239 516 749 521 328 1036 1265 919 57 1213 64 351 242 607 310 60 1086 77 525 270 709 1550 244 347 465 417 764 247 973 579 456 1040 475 504 855 219 8 42 862 388 1517 216 452 159 208 492 156 864 506 360 162 253 150 158 48 114 104 549 746 1014 751 100 160 646 557 797 298 75 403 628 1070 68 621 139 583 82 375 573 695 524 399 161 726 379 205 232 329 291 502 46 1322 480 52 283 22 1240 623 302 832 227 1 12 123 102 135 437 462 443 1267 1257 121 685 613 313 143 426 103 311 468 819 181 231 841 62 663 211 471 1237 299 464 98 24 79 831 826 421 479 229 538 7 783 18 63 344 356 49 345 65 80 861 14 337 30 778 252 1642
65 69 167 172 161 76 232 334 367 143 435 58 403 523 590 645 46 426 311 571 193 166 276 721 68 405 437 308 754 762 613 61 360 661 190 869 156 888 614 915 310 87 607 323 971 260 131 774 565 288 1011 160 886 354 547 415 1057 591 100 228 15 336 861 734 1036 170 633 670 151 350 416 421 465 57 862 1193 1197 256 200 438 657 53 685 333 446 719 1091 141 120 340 414 33 52 38 236 254 482 501 864 229 710 31 201 195 895 165 329 456 244 382 411 102 528 550 726 348 362 1211 375 198 44 142 363 464 175 509 516 321 826 527 1086 118 834 373 294 355 298 889 219 577 615 176 873 623 81 274 60 150 431 695 572 796 291 534 569 217 82 1019 22 11 88 506 758 98 296 242 669 73 302 408 471 644 926 267 514 158 93 970 931 548 147 226 134 556 173 231 948 216 96 893 817 510 221 140 812 704 29 14 783 1136 808 95 54 146 113 235 364 529 159 413 309 297 499 79 655 434 211 717 204 215 49 676 56 518 250 629 455 197 239 1223 458 137 742 209 247 284 313 196 356 656 1407 401 474 467 6 628 75 381 112 77 580 269 210 610 12 199 136 406 282 328 5 741 306 789 740 47 678 468 552 127 559 101 665 1100 549 801 17 253 314 3 668 651 157 520 900 92 139 649 1016 32 502 764 26 301 447 179 24 399 117 50 265 768 307 1054 109 757 1112 390 647 337 564 492 1172 389 121 1004 683 476 208 1104 305 138 347 181 104 18 10 357 351 40 935 543 25 180 168 8 182 913 114 469 366 83 737 472 275 30 462 23 449 97 51 587 1258 290 205 126 370 293 820 191 525 452 315 262 814 843 532 849 752 870 911 13 526 338 86 486 277 544 557 278 1006 504 443 378 479 702 1070 432 203
610 1167 487 995 422 909 40 641 157 60 552 568 95 1257 644 355 180 668 339 484 985 24 512 459 452 719 115 68 1017
899 689 614 565 49 707 257 97 751 204 111 455 17 1036 647 932 552 531 404 9 452 407 52 487 716 222 23 428 131 151 280 235 1114 472 654 434 340 862 179 734 490 73 31 1104 389 200 117 697 600 89 230 693 406 814 1469 22 1136 372 1179 890 289 95 33 765 1031 299 140 783 51 174 318 120 293 904 361 102 1182 443 139 356 971 453 861 400 1215 742 682 470 1067 1069 321 87 309 719 357 86 156 355 298 475 196 173 103 99 130 797 1034 365 1028 1210 175 403 467 528 75 157 794 336 28 83 136 718 435 181 501 77 66 681 161 364 176 899 566 1039 310 68 80 110 675 48 24 860 269 56 320 60 348 124
696 133 550 263 316 62 221 643 445 294 1 186 485 638 88 600 782 333 693 1343 66 122 979 307 99 658 856 1575 21 1534 582 1542 289 873 942 238 664 1016 303 374 103 750 491 71 255 297 323 362 329 454 283 1352 714 670 1063 672 342 427 1354 540 96 315 767 254 92 667 669 1289 9 987 665 220 595 687 691 586 210 1206 784 1528 320 49 203 1180 601 697 395 1098 91 1022 1467 1559 135 389 611 781 166 588 526 902 372 163 390 1123 118 848 262 884 807 34 1071 599 458 243 616 101 465 969 176 1360 677 610 1264 980 1571 534 127 95 1178 36 1134 498 33 1031 1236 867 490 590 1065 148 239 113 47 733 346 105 184 859 657 377 111 989 824 73 200 1076 1171 851 367 1059 110 786 327 466 1088 1413 366 606 568 400 405 828 78 284 83 673 174 16 154 226 913 440 68 1460 432 699 273 780 190 393 712 379 361 275 173 435 449 349 522 188 511 423 89 321 250 1084 161 1145 475 694 597 817 225 137 299 496 260 502 0 482 508 512 64 487 1500 1184 438 719 125 842 877 661 124 326 473 409 587
901 157 200 446 43 357 260 935 280 305 58 311 95 78 52 40 380 652 174 153 428 161 1 30 104 182 57 547 125 89 360 22 254 98 247 26 860 10 389 269 139 1225 189 156 404 24 755 87 268 359
642 12 340 407 24 157 502 719 403 49 222 89 23 188 600 68 190 130 86 771 181
156 240 0 360 611 1 288 241 289 148 494 179 280 356 357 78 294 299 217 56 587 657 125 118 866 5 63 60 694 254 736 101 629 584 401 169 273 497 342 58 157 329 12 113 359 99 361 673 355 503 561 161
112 138 669 700 357 547 942 390 491 34 57 318 96 275 29 244 243 49 567 88 814 333 108 77 725 9 174 156 950 239
48 49 175 577 11 22 399 10 198 157 403 357 100 12 256 77 6 230 300 297 161 382 68 153 340 445 544 66 173 446 196 52 60 350 644 408 83 239 97 531 249 87 183 635 719 222 103 140 23 151 1039 647 364 89 452 136 942 73 305 347 652 330 120 613 209 745 302 552 156 24 227 228 361 78 179 86 278 95
773 87 48 652 274 157 153 24 403 140 364 10 519 98 89 12 131 136 265 176 204 120 175 117 357 189 23 613 95 151 52 144 77
93 113 222 95 383 431 394 423 137 249 355 205 992 488 819 581 592 1158 290 96 1089 216 586 142 61 276 86 314 506 47 221 886 600 377 166 367 92 256 365 876 760 347 154 578 479 734 842 297 884 8 1357 601 329 474 288 496 492 692 413 247 730 226 477 12 913 491 1054 34 643 373 60 1456 1069 108 338 861 376 361 289 342 133 1056 179 64 1107 947 457 977 1047 33 356 186 1539 36 207 1546 665 49 351 750 1164 209 534 148 94 109 44 337 307 31 181 364 513 1026 371 89 258 29 599 321 93
505 329 112 191 22 1016 161 317 201 623 371 432 557 923 556 211 314 93 33 198 721 195 231 154 24 166 796 52 321 103 571 342 475 311 61 111 754 403 1008 94 5 221 361 367 12 88 76 57 474 100 423 102 254 538 240 473 90 31 53 113 491 29 529 200 266 96 347 492 65 337 794 581 247 108 852 283 256 8 288 657 303 182 156 307 244 357 101 431
521 1465 1017 1421 620 1166 43 1398 955 1448 668 627 497 641 585 60 995 175 1078 1395 925 930 331 339 48 1436 206 116 719 1121 391 751 98 353 1561 255 248 280 1409 268 736 881 139 261 594 4 1027 1341 959 950
141 173 393 459 642 189 404 350 751 1293 1 10 695 45 28 157 406 357 403 1006 181 86 222 58 552 209 49 1534 177 1015 491 360 502 83 487 23
829 153 321 340 366 175 52 200 549 428 277 807 78 623 281 613 695 382 779 114 492 102 56 1 83 359 89 292 269 652 49 136 209 158 181 297 180 367 444 289 389 182 408 360 216 547 612 260 17 482 309 161 423 347 471 63 157 238 247 1114 729 24 584 231 288 330 534 712 101 873 115 201 502 693 191 177 485 403 10 706 554 942 135 254 887 189 418 221 357 600 12 329 935 719
870 95 170 185 329 1069 359 695 767 360 622 101 319 657 538 60 995 408 200 289 561 333
408 12 269 380 873 969 177 862 814 404 209 860 52 10 1 1196 406 502 117 89 305 242 652 960 484 68 491 72 120 48 98 1084 243 357 157 133 452 289 43 360 322 104 58 280 86 600 695 251 49 77 141
597 274 40 552 1077 357 899 189 175 52 577 881 10 502 403 793 252 24 77 1167 1023 140 851 95 339 1002 242 668 23 652
438 72 700 1405 808 1406 600 67 58 144 261 802 269 568 519 733 1493 668 199 669 9 1395 98 115 719 1058 353 843 423 680 899 235 652 498 511 1015 891 681 0 130 751 245 810 508 379 497 838 299 157 117 40 567
598 499 76 352 189 773 253 197 147 520 994 543 62 622 368 1260 311 589 182 758 6 82 347 357 504 450 229 629 532 296 217 426 938 829 618 1092 753 628 46 317 1237 408 491 161 58 417 145 458 801 373 102 456 14 52 621 216 146 474 219 112 114 54 874 757 47 65 354 437 1113 356 538 359 101 1101 375 256 915 698 476 1122 978 81 527 201 1183 231 156 1044 1234 926
764 321 647 348 751 203 87 131 302 140 10 423 357 24 11 89 60 83 48 704 350 554 652 862 204 103 403 1024 136 511 124 120 173 73 400 86 39 325 364 719 133 68 355 502 117 189 614 594 393 455 177 278 17 77 130 365 181 49 12 4 404 406 881 745 491
269 620 117 713 252 144 608 95 48 98 213 353 976 200 652 842 585 497 959 1121 925 43 104 130 554 116 1166 251 814 139 60 609 819 157 206 1116 243 891 111 52 85 1 51 1017 269 280 214 860 568 331 184 955 1181 751 4
551 471 389 669 76 490 289 25 547 31 191 182 709 834 231 502 302 656 364 272 50 17 219 23 9 253 156 350 101 623 615 133 200 93 438 748 274 229 390 321 409 176 12 57 329 464 291 49 6 552 103 211 95 106 100 83 166 366 403 904 228 136 340 89 309 244 647 24 801 432 18 283 77 864 408 474 131 644 247 360 141 349 47 333 117 179 278 657 98 559 68 492 220 26 62 1016 889 357 416 406 209 172 695 423 60 445 216 140 765 254 196 208 633 52 161
917 456 56 347 374 244 155 217 549 131 92 179 382 166 216 799 253 433 820 76 8 254 707 103 262 370 458 161 82 6 309 201 363 321 357 10 120 256 12 544 101 31 610 207 368 895 373 77 338 221 173 264 17 288 311 526 66 352 590 95 408 480 367 693 513 465 112 231 52 435 998 158 479 305 518 529 60 829 172 350 323 24 14 573 3 219 157 834 247 1197 328 68 628 978 296 510 208 229 269 474 113 189 215 61 615 191 315 293 195 542 118 182 50 226 656 354 114 63 938 167 181 695 55 742 431 26 318 340
762 568 95 570 890 72 40 491 339 252 1 175 43 807 1229 116 269 360 223 950 60 652 519 51 851 117 608 157 144 98 187 751 585 511 1167 404 343 289 268
252 570 497 43 157 95 60 969 130 346 261 305 49 432 413 644 459 115 357 1196 960 243 184 83 30 252 103 355 1206 86 331 392 98 12 736 251 489 77 153 140 289 1123 501 360 242 568 209 1229 371 863 534 136 63 139 944 427 1076 751 512 1074 52 842 141 10
935 89 502 512 139 58 969 1022 0 387 427 404 652 133 534 157 180 289 40 597 177 873 860 409 1196 12 443 446 357 1069 243 49 148 899 600 77 736 242 672 665 95
271 28 652 364 502 501 139 89 407 49 209 133 24 267 695 355 289 707 870 1022 597 873
146 228 387 860 891 95 251 863 49 43 1035 51 568 242 0 497 28 289 30 1379 274 139 144 98 243 209 634 459 873 665 357 77 141 177 502 360 60 1559 117 157 10 12 189 331 420 736 585 652 280 364 41 809
469 360 274 491 694 1023 652 98 276 280 34 238 860 665 157 52 1479 1126 404 95 814 175 153 268 289 427 311 36 265 251 1 39 73 928 116 51 104 585 10 177 446 230 48 420 960 58 60 618 339 125 357 297 382 189
658 492 217 556 479 76 359 488 23 186 1004 209 366 108 138 367 156 273 550 735 405 628 347 277 1016 160 274 623 981 541 161 920 239 189 139 499 262 98 125 670 423 299 29 337 900 587 271 172 241 503 36 473 349 284 93 571 12 506 289 137 66 100 870 288 942 801 78 297 53 730 250 253 88 309 416 433 677 568 221 860 540 315 408 695 254 754 357 34 1 216 913 333 351 103 323 683 895 244 512 180 1108 226 431 133 664 174 148 81 767 379 438 384 183 251 527 693 356 302 729 496 669 428 307 321 31 660 864 783 401 458 476 354 694 182 77 238 26 380 740 866 102 24 47 99 295 256 101 257 750 111 260 200 586 1076 191 79 403 311 460 49 592 675 390 474 179 320 465
405 479 725 53 357 382 342 146 15 338 649 583 34 159 138 401 101 816 431 740 140 113 723 12 329 196 186 456 208 231 173 207 303 544 610 296 356 452 6 492 50 22 947 92 618 216 70 374 719 321 191 1092 147 417 879 801 33 465 47 372 892 491 179 480 268 770 361 852 394 630 211 253 136 923 982 1007 158 644 96 474 24 14 298 705 842 76 707 161 471 366 529 23 1348 362 82 273 360 49 52 1244 240 1105 750 174 935 142 320 888 86 13 241 861 314 895 423 238 114 57 105 513 571 794 44 125 256 177 458 660 145 100 56 102 472 73 323 325 421 506 623 317 758 32 305 99 93 10 528 157 389 181 549 1047 289 195 1004 182 66 244 217 108 118 65 17 433 36 557 189 131 945 31 242 942 1026 876 307 166 37 137 165 247 26 221 799 112 590 1240 435 537 373 604 834 260 587 88 311 293 488 790 103 633 201 540 29 288 580 591 642 154 236 61 503 91 309 180 403 254 367 363 546 818 796 556 60 277 5 347 209
511 612 92 221 264 307 88 592 0 528 693 973 1375 233 357 466 586 977 931 852 638 764 342 449 822 108 96 491 512 360 143 52 502 291 236 389 549 247 173 817 303 34 1104 86 192 460 665 445 902 562 24 423 380 669 530 404 550 258 55 347 1019 1317 633 11 242 26 514 336 332 736 8 133 561 1001 157 366 834 177 492 273 320 989 10 780 50 1063 734 180 179 1417 277 983 1378 333 526 216 367 992 567 622 610
671 189 136 95 23 647 631 86 60 140 357 24 552 614 652 97 144 40 325 103 350 12 364 259 10 278 1538 872 715 261 719 360 117 68 274 403 177 445 83 420 267 52
217 280 269 346 251 157 652 751 491 1 139 719 144 289 1098 60 339 116 681 331 51 43 1519
322 459 668 51 98 1002 223 10 49 893 944 60 652 434 116 1229 1018 696 95 731 644
735 188 648 452 643 95 977 722 661 60 597 427 1452 327 1069 209 403 153 73 0 1534 1600 133 77 224 595 406 552 266 464 487 39 1022 51 1294 89 1416 148 501 1 647 1172 870 565 1259 189 25 136 281 140 176 419 707 1325 566 407 873 387 497 24 371 1126 289 364 1031 400 1226 1114 490 512 378 600 432 157 336 58 1316 1331 204 28 141 1076 676 17 59 103 577 855 120 588 1389 365 117 770 695 151 305 969 665 956 934 1175 49 762 502 1034 1568 298
580 1506 1053 669 662 509 1428 780 1354 897 1271 262 449 638 482 942 665 1127 989 1022 210 1252 1543 690 802 1549 1378 423 977 1362 1288 1334 508 699 618 169 1536 1235 199 1520 567 779 498 887 751 188 1255 574 767 1069 1114 1481 1233 407 562 693 71 473 63 856 9 1541 1546 59 702 524 330 882 460 1390 294 1083 89 289 133 235 299 822 908 600 719
216 420 117 43 466 1 214 719 139 380 863 751 950 157 325 744 346 4 554 243 72 40 491 511 289 60 960 860 130
67 74 150 264 314 76 403 283 240 61 474 123 317 764 803 835 544 289 573 357 271 282 218 340 55 413 10 480 84 232 531 256 668 329 552 101 12 540 339 778 68 875 195 1253 949 159 137 635 1279 275 272 602 307 31 776 311 1324 320 394 335 29 122 318 135 964 300 431 154 157 342 100 421 551 54 936 1370 363 91 726 790 1348 220 719 1312 239 933 709 53 622 389 313 946 471 27 1295 6 57 274 347 458 253 309 433 52 408 443 1095 196 572 103 106 424 247 197 24 194 1037 1090 919 144 528 231 7 191 146 82 344 607 70 583 161 387 23 252 437 14 50 852 887 1077 817 385 296 777 367 99 491 8 598 793 1190 303 56 46 182 113 118 136 62 202
274 668 928 0 339 484 391 51 48 1002 1229 274 1023 98 157 268 519 944 280 175 43 860 652 116 930 251
410 890 578 175 157 652 568 289 60 325 184 715 1023 681 1 719 497 960 1243 98 95 269 43 130 213 511 0 261
323 60 216 239 31 29 320 289 200 166 184 479 130 404 491 268 652 157 240 471 346 630 860 179
925 118 209 622 512 555 1460 137 517 311 399 897 54 1386 828 428 19 1253 76 276 750 658 492 874 123 145 603 822 476 692 174 740 93 1428 1639 79 505 697 329 29 573 91 58 304 456 896 1090 649 288 161 88 758 256 22 34 612 384 225 1492 567 219 660 443 546 105 31 670 17 211 643 1294 368 342 294 571 436 777 760 1355 258 498 1097 1177 271 795 780 699 592 218 488 317 53 908 1046 818 729 247 50 905 1115 460 133 220 982 635 543 496 125 834 321 587 32 78 966 216 817 550 1127 694 423 841 526 241 185 198 581 12 303 767 1020 49 101 599 900 1026 36 254 754 240 154 114 66 540 901 71 186 172 803 513 746 1489 485 725 112 577 236 753 260 583 723 182 230 262 102 618 537 238 611 1257 300 657 337 1037 159 502 99 275 1237 980 506 437 867 9 129 538 981 936 181 1255 1481 403 702 942 475 221 938 235 314 796 96 856 361 440 21 474 738 5 1151 1344 923 231 561 480 541 367 417 62 217 394 299 914 882 155 965 911 24 888 355 1135 277 920 1378 108 866 136 273 347 354 239 103 884 70
234 466 104 863 1220 184 719 187 1 652 4 157 98 404 269 568 608 751 1436 130 117 325 955 842 43 491 95 1116 289 807
57 60 96 229 311 23 307 161 274 34 136 24 191 364 278 415 26 403 350 201 22 31 547 91 433 445 57 52 363 614 1104 347 101 464 240 103 577 283 17 99 56 1028 144 408 357 668 231 247 68
794 360 585 43 98 357 289 491 568 60 652 51 52 502 755 404 117 339 175 380 40 89 1 48 608 95
786 60 213 4 944 280 620 98 842 814 116 491 950 269 157 223 115 1229 608 104 404 459 652 252 585 289 420 851 95 881 925
332 729 342 1046 156 367 247 511 319 216 538 180 241 584 550 220 21 95 299 34 260 174 101 586 884 380 669 49 36 592 262 100 856 622 78 496 404 965 541 154 587 693 288 166 108 24 867 96 5 118 818 66 567 53 473 1156 273 244 750 611 289 236 491 561 91 571 428 56 599 89 9 125 277 186 815 92
701 51 120 139 1067 745 178 24 343 860 1077 261 336 98 597 1167 1104 409 1023 675 269 72 376 357 106 719 614 177 175 40 577 131 278 514 762 452 956 393 445 1042 600 17 406 77 1421 387 340 86 502 525 781 371 1114 97 552 652 870 173 184 242 1106 189 348 157 25 83 23 1172 403 491 568 302 364 731 68 103 935 585 1210 1190 695 151 165 955 136 443 862 274 140 904 1472 360 69 643 196 1136 12 1017 793 407 95 851 52 950 167 365
224 438 56 154 77 102 211 832 5 254 33 895 197 247 29 240 586 191 209 342 862 321 347 538 504 112 137 577 432 31 543 172 725 135 860 156 110 216 416 366 93 20 440 166 1193 179 189 165 291 456 52 413 361 150 409 201 790 174 758 852 91 471 75 675 740 299 718 629 49 320 227 239 151 145 79 484 403 746 408 23 476 95 364 540 60 22 274 971 204 633 221 571 1009 982 103 160 200 275 6 34 101 618 801 158 783 229 1007 357 339 652 359 311 241
570 24 302 693 754 492 1054 367 217 31 98 431 83 180 49 60 336 447 256 166 36 329 243 649 491 321 216 289 479 203 643 1217 276 231 342 860 93 377 291 157 108 280 175 117 484 307 34 669 247 33 277 366 352 622 230 191 209 92 179 360 29 438 347 423 528 43 139 357 561 47 221 608 86 95 182
704 683 665 652 113 408 116 261 6 357 273 480 418 511 36 385 719 94 620 260 200 677 356 359 623 730 24 496 491 247 375 217 925 137 139 99 213 736 101 585 618 571 161 29 280 544 26 640 361 135 118 647 235 252 4 50 700 1047 751 179 125 347 351 499 216 492 239 43 52 240 269 297 404 289 49 877 321 28 950 232 95 1 174 157 189 243 156
655 291 225 1097 1168 965 130 604 601 157 102 135 702 456 172 22 189 492 496 217 488 179 111 52 1016 293 476 617 454 1026 1241 230 114 318 365 981 436 654 56 528 900 703 740 161 491 145 730 105 94 53 221 143 91 697 719 394 271 112 1009 356 435 1108 783 852 209 936 342 321 884 357 630 319 920 99 226 311 698 546 581 247 390 47 447 244 1072 432 191 260 31 586 867 33 320 101 361 1214 1422 1051 735 296 288 817 354 201 646 729 273 568 154 401 350 1171 5 46 29 423 325 587 125 895 36 465 118 262 57 185 164 615 9 778 10 238 375 8 256 216 95 239 949 173 211 1410 896 475 923 254 231 384 195 513 67 599 556 108 754 174 842 16 129 979 758 403 240 347 442 307 156 431 705 699 142 694 856 359 888 150 687 571 540 982 583 526 362 326 62 160 21 275 317 177 166 660
276 139 157 130 104 289 280 839 497 60 960 175 72 116 269 719 751 43 1 491 252 261 851 184
388 185 280 1 157 1219 454 71 94 427 492 695 11 568 512 1325 376 1167 289 31 251 661 638 642 501 389 538 153 223 440 597 139 480 275 113 571 969 277 644 856 4 222 382 260 851 574 818 331 214 611 960 612 177 98 161 58 360 537 1194 60 73 321 40 30 497 189 390 10 93 511 694 681 238 269 305 795 842 243 130 770 95 672 273 236 814 723 357 52 719 509 144 550 652 751 254 184 505 618 541 599 1126 905 1241 319 630 860 229 491 660 570 101 754
473 355 1074 95 388 855 139 63 588 25 534 595 427 30 1206 1069 446 60 222 148 512 597 357 552 406 49 23 242 73 1076 266 24 371 600 120 181 209 10 432 171 52 695 502 289 157 128 993 568 346 501 141 736 12 298 28 43 364 873
167 265 140 404 512 131 585 487 652 87 483 427 209 656 43 382 491 497 510 49 1045 600 1116 855 306 287 184 355 86 514 647 73 25 1126 261 400 181 60 872 676 371 681 452 117 554 331 4 1114 608 644 281 387 188 302 769 10 157 1 719 360 707 175 242 630 52 280 862 432 83 95 141 893 233 695 177 136 1325 77 1316 807 842 104 115 204 960 1077 68 925 873 196 525 1036 597 48 357 269 305 189 130 881 289 139 30 751 12 274 511 403 98 332 120 502
937 390 83 229 874 65 266 743 783 307 244 154 347 97 297 77 120 228 296 676 973 52 514 373 431 102 1113 189 1054 3 758 113 317 143 556 112 589 136 57 386 873 363 151 1092 140 710 399 79 101 383 518 456 375 94 971 628 833 31 142 403 293 208 196 1009 510 110 131 734 200 239 406 356 211 156 242 359 442 773 355 769 161 527 1237 504 885 320 647 828 103 388 49 179 663 417 528 370 147 34 705 864 146 247 100 216 84 1329 604 25 114 253 227 29 549 613 328 458 725 408 471 366 523 321 135 557 1019 15 76 476 474 354 257 834 44 607 182 396 338 953 499 357 226 576 66 361 82 205 219 416 166 614 191 367 62 53 502 886 543 17 201 831 1036 32 746 336 1095 61 37 435 978
746 925 289 404 608 960 95 380 269 652 491 187 1023 1229 245 578 60 268 346 117 243 98 40 944 376 51 175 43 331 700 85 1421 157 144
546 801 698 131 136 685 432 72 358 409 289 1076 864 588 814 219 623 420 710 52 408 100 421 200 17 77 669 529 630 476 403 456 357 118 583 68 285 104 364 329 361 609 506 207 751 296 164 252 46 1027 857 32 159 189 615 57 438 192 134 86 120 141 163 266 1254 175 147 368 1169 111 629 513 55 826 743 990 156 734 323 468 213 554 216 762 155 298 121 1036 139 657 31 167 1384 29 12 101 413 256 297 791 872 125 809 351 570 328 416 23 204 161 326 957 518 293 543 173 474 354 646 41 233 158 75 48 740 719 311 571 1009 1433 386 889 97 228 423 855 490 22 197 338 162 98 130 778 608 613 1044 229 166 369 140 794 181 317 399 647 590 469 683 112 495 325 26 253 336 1016 208 356 307 783 656 235 371 587 247 365 738 1312 1034 477 394 435 549 1008 172 497 291 366 556 33 1601 4 471 1121 452 150 261 65 60 179 725 425 532 267 36 614 145 499 621 926 676 81 823 64 359 418 227 309 209 500 746 37 278 874 340 240 151 367 322 895 191 900 984 8 95 651 196 758 444 242 775 388 83 607 49 1095 160 13 834 431 333 1458 93 1152 705 320 334 375 479 528 552 511 406 349 294 178 239 460 1143 53 1330 142 573 453 860 502 540 79 114 526 116 231 833 211 373 221 61 182 1228 230 347 113 280 383 652 1067 6 886 947 771 342 56 249 931 324 417 695 201 3 76 862 447 465 396 355 47 591 217 117 193 102 244 80 470 1 25 881 504 1018 390 520 730 157 82 525
175 290 381 12 493 501 513 150 497 459 776 31 585 793 340 868 373 878 153 971 364 1005 446 536 211 439 274 634 216 190 60 582 617 61 204 604 338 29 564 420 477 728 331 464 876 403 301 558 1244 228 731 23 570 777 1197 892 437 416 1259 516 1337 692 860 490 117 165 49 568 98 187 781 0 394 95 885 298 157 41 577 678 392 43 168 415 819 1314 1086 861 237 869 627 324 1073 883 223 391 44 739 51 995 652 655 1026 1262 858 413 314 1035 404 1002 175 370 151 1225 771 1195 142 770 668 736 970 265 154 899 215 863 935 360 113 421 1472 209 75 1139 1486 361 602 1039 1164 1367 339 42 123 806 800 1047 1173 357 1223 1040 1302 809 814 1007 1023 832 862 1091 789 565 815 376 68 189 116 925 251 484 1027 180 886 502 1609 289 545 944 527 141 24 144
854 335 608 175 60 960 1181 289 130 755 144 104 652 1023 269 214 376 274 280 719 380 890 860 325 1220 331 157 261 1 630 51 1192
623 357 89 561 124 401 247 438 174 852 33 29 291 137 622 488 105 256 153 600 52 156 253 12 34 298 303 189 403 342 347 166 307 289 750 179 68 182 36 8 157 423 221 361 17 60
73 85 368 408 357 356 156 95 793 114 217 482 470 404 161 538 97 22 201 216 209 890 256 731 347 157 189 317 629 311 504 81 76 182 112 801 622 101 231 141 46 976 339 253 145 102 359 52 187 82 229 955 618 12 354 399 668 1023 476 814
663 58 298 357 204 289 1059 534 222 568 512 1568 1259 1528 1618 188 89 432 695 788 30 49 139 1522
699 652 104 824 85 404 568 719 814 1184 582 4 960 807 60 346 0 1027 594 881 139 255 554 144 497 116 98 175 360 950 681 280 1 274 289 252 1023 1225 751
930 409 510 719 413 552 899 572 530 614 280 173 502 228 555 644 652 376 151 52 769 11 381 103 416 68 406 124 531 175 25 781 196 83 136 153 246 370 120 177 643 189 86 336 365 131 98 252 668 445 87 274 140 89 357 1082 298 181 12 971 403 814 144 1189 242 893 278 60 443 393 1106 577 209 339 157 305 289 631 707 656 387 1023 1077 340 204 350 117 364 525 77 23 49 176 267 302 24 141 306 190 73 1076 911 1013 10 97 695 360 427 935
273 665 613 848 302 157 107 175 40 10 133 17 407 522 466 89 12 52 1170 357 95 661
686 60 594 206 274 48 860 955 755 339 891 1548 85 40 997 1166 976 666 104 691 1117 484 1 268 245
214 113 477 496 355 101 479 497 311 351 739 361 538 885 94 314 806 373 431 5 754 211 408 150 38 32 324 518 260 338 571 60 167 1026 63 142 209 623 156 100 527 216 118 541 1086 819 399 678 673 199 42 31 36 858 347 1223 341 44 288 886 876 290 157 161 317 242 111 29 49 75 492 66
363 320 288 613 145 77 492 399 207 550 101 31 156 29 734 347 6 57 683 357 239 431 140 273 408 571 528 561 657 240 307 168 622 354 52 256 191 154 34 24 137 172 458 361 864 189 556 291 311 99 247 179
379 1246 216 211 571 108 275 866 438 230 390 703 38 113 513 142 672 1022 864 57 640 1074 728 235 281 44 96 256 476 22 42 876 232 644 377 698 231 280 367 394 797 60 886 500 646 528 1211 611 992 655 405 629 356 277 573 947 1123 302 265 314 50 111 1195 386 1361 503 253 354 11 665 544 1219 309 400 1040 236 170 936 777 220 421 179 95 347 473 147 191 693 1076 462 506 399 139 798 613 373 1414 82 612 509 781 47 240 36 504 141 244 623 152 1016 973 93 239 1146 102 568 357 816 61 169 193 758 118 31 427 338 12 739 207 28 456 128 452 746 529 103 337 320 27 1105 112 818 538 662 311 158 305 832 194 351 494 451 726 580 140 30 6 1009 861 59 550 34 189 76 389 649 669 329 273 921 94 156 182 819 534 488 366 1206 432 480 403 474 730 242 99 801 331 323 58 565 482 290 32 499 292 210 53 157 251 200 84 359 722 1491 566 635 446 477 1020 146 364 267 274 408 589 5 632 754 63 54 296 188 46 1056 109 249 307 732 501 208 401 725 114 342 229 217 796 153 62 575 352 604 209 355 360 258 73 52 530 520 622 676 1073 14 592 616 289 198 368 541 888 557 288 417 247 49 161 254 185 1055 492 712 668 471 1086 333 883 734 24 753 433 81 226 308 431 497 321 221 527 26 643 297 201 437 65 673 317 86 180 101 710 195 597 441 931
166 263 413 139 66 652 101 297 288 157 216 287 128 198 890 502 170 1219 103 204 175 280 371 49 501 251 452 242 861 181 614 647 355 661 734 700 117 141 30 52 1196 31 104 357 6 364 95 77 209 268 153 360 356 1576 29 273 87 1 873 140 60 161 213 156 12 862
373 305 261 523 446 141 140 613 960 158 719 24 136 30 180 209 289 153 531 25 403 175 139 23 144 52 165 357
650 17 387 646 1238 235 617 561 498 527 291 151 473 1022 952 214 133 1375 492 31 1269 584 361 184 1252 725 368 243 981 390 540 49 1552 3 931 400 1074 460 285 97 1207 173 141 1191 1504 242 902 589 599 862 600 724 326 449 178 588 384 347 219 1536 350 741 672 1025 559 957 1392 1371 260 1245 38 750 1071 1088 895 87 1383 1502 657 1169 1327 96 128 1398 1123 1563 172 948 1361 586 406 565 1066 1084 1226 920 1565 886 567 287 889 320 943 140 870 269 266 495 259 1379 638 1546 528 910 251 1357 298 289 256 1126 1052 843 508 86 1146 293 59 161 570 501 341 1500 1362 1047 288 925 592 1571 543 359 330 182 949 1573 852 416 371 670 435 734 429 1515 991 295 494 851 1577 1155 1543 1578 1474 968 1581 479 91 423 255 239 744 407 557 499 9 554 469 697 29 1138 767 95 1179 427 1268 817 1527 4 496 355 481 393 568 732 1069 511 860 300 819 756 41 680 873 357 739 1201 1063 60 1590 523 166 5 613 1591 881 360 888 456 782 595 1078 366 319 1592 1142 127 179 81 801 1223 424 482 842 114 848 405 380 992 587 1199 547 497 382 410 115 71 10 440 16 1232 138 1534 170 977 244 6 690 1390 503 1 63 89 1308 217 349 1349 733 134 969 317 1154 961 1215 136 315 950 564 918 629 284 1604 458 73 24 64 174 1510 1054 678 1606 779 112 101 913 154 665 203 220 48 102 1454 1014 264 512 1389 552 1373 1320 157 333 1193 222 374 207 675 713 702 119 807 669 824 67 441 302 1416 98 1149 647 82 52 763 558 263 728 506 227 262 1387 204 118 257 139 472 504 960 331 1352 1354 109 1015 399 827 939 447 93 491 1520 1211 686 230 431 487 1620 1243 1407 542 1621 329 1473 522 1094 164 535 404 156 463 199 783 633 276 389 305 310 32 786 1334 471 401 195 748 502 247 1236 1480 1230 1630 75 1227 722 856 1442 652 1076 229 979 789 688 500 413 900 466 1294 1507 649 1196 642 1065 1636 698 185 11 1490 457 1378 1233 1016 57 1264 147 538 325 351 342 695 1120 261 37 651 22 0 710 231 307 751 372 444 177 94 395 1638 337 377 681 593 1107 1098 23 476 121 637 703 1059 1384 864 987 1635 660 1568 714 1603 736 993 108 656 780 364 297 189 1461 294 250 15 863 532 356 667 546 735 130 677 420 719 113 465 616 1008 216 111 1184 994 844 882 403 1129 1315 30 165 569 623 176 392 211 1360 818 209 61 1151 582 1124 978 201 897 887 989 78 77 1560 579 270 470 489 308 1019 143 432 137 643 1409 1024 299 8 1325 997 1009 615 876 68 1290 183 311 510 306 853 1036 1494 200 1003 655 965 908 446 662 718 40 1343 986 740 234 210 318 100 622 630 225 254 483 923 1010 785 1321 18 1317 758 1105 90 43 33 362 1641 705 574 66 125 280 809 283 394 58 150 1004 553 273 513 1143 1127 1477 192 1576 120 619 169 83 240 36 1658 1467 534 1285 148 153 1200 947 327 53 142 1575 922 1666 1668 316 45 765 408 365 379 1145 524 12 676 541 160 597 411 323 1001 1674 1180 1452 221 79 644 942 754 92 226 745 72 1281 661 563 958 124 1541 104 267 1678 1048 1246 730 1333 1497 47 1679 1219 1615 1680 1608 526 290 1681 56 106 191 271 346 438 223 1050
464 179 612 166 357 235 198 5 530 920 652 99 750 492 471 433 482 239 799 887 575 702 600 289 320 297 254 275 200 571 34 260 288 1047 36 408 547 767 10 989 186 568 355 538 157 57 38 238 936 161 277 52 24 56 88 216 101 345 795 629 209 389 100 49 649 151 170 754 240 118 31 103 636 302 631 89 129 541 189 625 180
897 934 49 200 1302 356 434 207 506 587 247 706 52 695 60 254 94 359 1123 302 529 888 111 516 623 216 979 23 808 677 31 145 151 271 514 280 307 457 415 555 256 73 24 58 464 767 490 102 361 170 754 647 492 217 401 83 646 337 154 53 571 501 669 561 473 682 47 500 169 235 431 317 1077 383 229 266 239 388 351 427 497 209 403 502 432 518 130 740 195 297 1108 4 190 467 66 614 661 156 413 801 88 547 330 141 288 29 329 342 574 183 86 240 908 125 1211 862 276 230 1 347 460 189 971 849 355 730 405 228 977 267 350 452 136 855 1528 629 357
905 1076 148 1316 505 178 723 5 256 635 403 196 242 113 1197 120 331 95 873 78 60 406 307 859 200 174 934 1077 136 601 864 400 496 186 49 140 725 936 501 409 77 436 502 267 490 766
103 141 161 321 58 311 181 220 432 95 442 297 120 170 72 22 25 357 86 513 389 156 5 323 460 229 103 24 118 247 147 394 108 1016 801 274 320 240 113 355 862 151 32 571 36 1011 100 29 438 403 101 201 76 17 670 204 911 329 49 200 275 195 923 97 351 350 864 289 288 52 12 50 56 137 431 538 361 136 613 703 10 186 125 23 359 1259 528 189 406 157 888 509 356 174 730 216 158 131 190 150 191 1076 278 669 567 856 242 211 399 140 239 523 683 209 88 273 262 112 734 644 1034 60 34 31 423 552 740
921 102 140 101 1387 1059 561 189 112 141 983 652 62 600 129 676 179 24 28 182 403 364 321 157 238 289 440 508 518 342 512 231 432 180 137 1068 209 51 725 99 938 1313 53 864 78 147 297 22 479 185 60 612 694 89 161 200 66 113 538 221 719 357 260 471 49 77 369 635 166 1120 982 763 657 882 52 695 216 502 293 501 309 239 120
81 22 121 182 333 399 101 53 191 797 56 282 297 289 382 153 758 17 179 91 629 383 336 862 146 226 161 26 675 388 211 247 646 209 47 68 1006 534 479 637 126 549 471 221 483 518 677 647 29 136 155 240 371 113 717 367 502 822 971 510 355 317 595 86 720 356 514 719 178 390 193 244 231 293 386 200 351 229 604 10 180 82 57 109 734 44 77 49 166 277 156 31 408 1016 216 239 678 138 329 431 834 1 357 373 291 614 160 783 529 590 695 242 24 70 25 589 99 325 405 347 103 203 501 260 337 266 320 236 233 1018 452 52
296 643 736 242 130 873 719 600 139 512 86 289 89 133 251 568 117 77 360 49 331 695 1034 502
791 161 140 226 983 900 49 923 47 181 332 307 1026 108 837 328 61 163 150 282 389 377 113 479 757 364 413 373 352 523 131 6 486 52 197 321 320 607 338 233 221 710 371 356 931 329 704 1353 219 247 734 195 798 530 7 93 201 82 677 794 23 238 431 971 102 635 118 50 86 467 403 27 433 10 799 817 367 217 101 236 685 503 368 146 568 56 390 288 415 531 135 29 209 92 1032 142 277 103 529 861 464 25 44 297 316 207 198 883 284 435 293 254 179 294 633 1258 267 100 514 405 296 42 354 106 774 63 26 357 506 136 462 24 188 549 324 208 520 590 758 347 525 12 159 781 156 555 121 22 88 1006 471 147 57 314 96 966 337 423 1020 1036
233 196 189 752 97 339 382 124 83 144 98 157 165 77 1132 523 1077 8 25 484 443 117 1229 274 289 175 776 928 176 120 223 1161 131 656 140 403 360 511 514 952 141 228 613 107 433 814 686 95 774 668 280 17 549 568 102 387 69 1013 112 177 209 1172 860 717 944 173 695 404 862 136 305 459 86 1194 246 893 834 899 1309 11 682 1179 445 585 1316 204 376 298 552 427 130 851 364 153 706 1106 23 644 51 1023 302 278 68 934 1189 502 846 60
677 491 289 1 1027 568 751 213 331 43 376 713 585 497 223 280 824 360 570 700 60
46 47 139 156 83 87 376 82 30 17 357 554 364 52 356 278 267 367 247 881 242 25 594 873 518 392 486 23 506 654 4 157 861 53 65 229 569 97 209 216 651 77 849 643 266 49 51 608 681 117 191 6 525 297 177 233 1077 60 872 293 566 291 365 862 98 858 1063 434 175 1039 370 531 141 85 124 471 239 1116 499 261 246 89 565 325 552 302 1023 842 44 403 355 408 652 120 136 893 329 24 228 140 226 614 86 204 48 413 167 934 809 321 347 555 719 452 415 629 467 647 707 468 665 682 511 161 860 274 695 109 31 95 855 101 891 336 781 479 959
71 81 267 403 324 769 82 789 607 329 57 435 612 363 25 452 496 399 758 357 801 215 195 142 241 646 471 278 359 1134 746 844 497 209 55 201 808 919 305 458 288 685 764 145 613 757 408 479 401 698 355 386 247 125 33 388 97 233 5 226 253 141 413 468 528 1267 697 834 79 367 161 95 328 182 931 12 78 975 628 166 476 14 249 192 444 236 1006 203 717 311 146 109 58 158 239 1004 114 366 150 76 525 431 368 136 829 180 22 356 573 873 1446 277 181 101 437 527 895 296 492 864 704 292 375 978 211 571 351 218 93 54 56 477 307 337 221 526 474 149 49 189 235 216 656 91 364 231 405 998 174 179 828 338 499 506 557 31 323 196 427 945 191 504 1540 740 352 197 152 347 317 118 208 456 794 172 297 217 285 52 155 6 219 147 112 256 75 354
721 259 116 117 157 652 49 1023 68 52 251 289 502 280 51 1069 404 1229 60 376 175 268 83 98 95 695
196 370 455 151 165 97 140 585 278 890 1076 719 51 552 265 117 577 525 608 652 23 565 52 144 280 306 175 695 403 77 928 157 302 427 381 445 656 49 58 416 87 298 860 1104 1116 364 153 350 136 647 12 104 261 531 120 332 1036 274 891 502 704 73 72 98
591 594 647 376 120 1106 467 774 1104 971 899 77 83 228 124 745 131 840 809 242 568 1192 459 1102 177 11 17 614 302 814 175 695 223 60 173 686 348 1319 117 406 762 682 24 445 176 25 178 95
370 806 394 886 513 361 558 314 211 150 154 602 209 216 373 1195 61 142 31 858 1005 421 338 29 692 44 527 113 728 60 1026 1164 324 301
633 423 418 272 543 733 207 375 889 1295 100 555 572 1482 27 347 118 154 320 1172 220 357 103 542 157 549 227 232 1024 340 676 312 560 685 527 203 339 167 413 212 408 95 704 937 328 1383 385 469 196 874 820 299 657 1303 33 831 717 577 208 832 112 193 318 68 382 84 181 514 309 1032 285 1227 1237 305 14 278 978 142 1276 472 1265 211 24 216 1213 576 504 217 1244 998 1040 764 389 231 683 424 1268 564 593 983 835 82 110 467 480 124 1347 20 799 552 308 1019 302 1594 1118 11 226 8 709 56 598 101 1467 414 166 509 1251 409 778 719 159 544 29 706 667 221 693 367 282 247 69 447 434 774 358 1049 283 953 7 1115 2 345 146 80 443 1100 1269 420 291 1077 746 833 102 71 197 432 57 610 875 363 638 313 954 966 107 1128 179 703 336 1498 916 1143 834 192 645 510 783 218 841 781 54 366 351 435 847 607 726 629 147 1021 1112 77 684 364 468 531 66 862 1279 777 338 415 919 205 471 935 936 3 200 321 1101 433 575 961 136 79 656 70 846 122 307 332 140 1109 1062 99 417 757 286 106 60 160 853 887 604 126 548 1048 816 849 135 117 551 442 529 149 267 1446 809 23 521 452 55 1210 37 114 1185 194 621 710 403 752 525 176 47 528 254 412 971 50 96 465 13 1277 161 1148 143 239 1110 390 877 191 526 1104 513 1106 26 350 1183 201 168 872 240 293 10 1530 1348 546 470 52 175 1429 530 718 792 1258 131 134 556
643 175 191 492 1026 210 273 288 67 561 121 113 405 1020 399 289 574 547 82 1180 506 529 81 367 683 256 182 93 294 317 423 5 471 479 569 47 611 258 556 342 229 513 174 166 66 260 465 160 139 1108 541 557 732 203 583 262 668 307 568 321 290 217 38 108 735 276 408 200 751 254 161 341 157 96 337 1047 195 587 101 99 622 31 571 226 169 330 102 694 673 239 549 1453 496 908 475 134 361 357 939 356 404 145 94 207 888 499 216 170 1211 60 118 34 462 52 112 240 649 655 235 285 179 373 818
849 608 289 420 52 360 491 104 72 49 213 280 274 755 502 890 427 144 1199 189 58 43
300 10 623 153 140 280 502 189 25 209 156 287 30 400 700 275 408 49 371 43 506 177 382 48 117 103 647 979 571 360 732 289 652 98 242 1114 68 347 161 73 244 675 216 1090 668 570 329 247 355 403 125 392 307 274 614 420 1175 376 22 229 565 157 427 568 60 944 94 357 855 644 365 12 95 492 446 534 935 139 597 31 239 808 351 141 52 629 213 682 745 51
565 640 900 350 694 795 1046 1 209 991 1460 595 78 174 24 200 884 599 10 63 914 153 254 141 99 384 100 52 186 603 311 137 475 428 537 1097 673 380 351 220 105 330 118 856 139 319 367 585 93 241 427 36 258 1026 669 240 980 723 101 355 129 888 730 735 488 873 502 939 965 538 288 317 125 304 34 337 725 256 29 262 361 506 597 485 145 321 466 1379 260 297 294 38 5 94 699 697 492 235 49 936 112 30 969 198 54 920 269 217 91 359 623 357 108 454 16 644 315 660 657 185 189 1079 73 160 867 102 479 1020 300 156 57 275 751 66 496 482 225 356 503 766 462 273 574 561 693 896 243 216 505 635 188 238 541 729 750 818
80 92 105 31 184 270 395 360 339 441 86 475 157 408 508 297 584 72 687 359 225 117 716 718 660 744 264 284 843 767 315 62 36 910 864 859 77 554 896 229 404 488 802 21 807 567 240 435 1024 275 104 492 100 502 908 702 46 1114 1046 719 622 130 491 1059 144 729 361 734 646 185 319 888 222 186 677 638 355 479 57 102 9 273 506 1071 145 449 384 49 582 482 259 438 226 156 133 255 1287 120 664 828 324 1060 870 67 98 1334 232 787 254 599 356 371 546 682 681 81 487 238 577 601 1385 571 174 693 822 518 680 56 200 179 268 942 249 108 526 739 914 442 103 58 166 821 603 723 473 189 1200 540 243 440 5 383 32 276 570 140 288 1 884 606 965 1241 1074 110 436 423 217 652 1127 936 1105 1317 258 64 66 629 380 856 1069 1233 512 101 111 1120 365 78 798 201 754 783 460 524 1001 818 815 59 154 299 611 801 844 333 980 511 141 45 428 128 397 780 289 221 697 29 34 387 982 216 88 16 188 218 260 949 513 239 496 96 1492 99 579 595 211 220 129 694 465 867 574 751 753 318 779 379 1592 643 418 1460 366 389 51 657 561 342 203 320 114 293 535 1072 235 1163 1245 960 262 1143 199 0 623 326 538 89 351 139 920 176 630 730 93 1142 1047 115 1647 125 191 1155 244 695 330 148 597 703 118 537 592 587 948 1354 91 94 53
387 1265 507 120 68 1276 200 387 293 787 1028 715 846 1110 444 1103 682 33 578 350 614 1257 629 296 89 774 385 1295 297 616 893 336 340 354 412 1166 348 670 1309 6 936 864 963 470 129 657 1148 323 1217 95 25 253 364 607 1116 277 609 72 738 109 135 948 219 201 358 651 1042 238 990 310 1112 1356 80 946 147 244 586 521 674 621 877 197 889 693 12 283 53 194 504 98 309 363 447 1179 580 886 82 236 357 957 573 847 86 961 204 243 678 488 861 972 834 131 46 1011 399 589 543 590 548 49 769 577 953 523 79 719 724 981 106 423 1061 623 144 179 746 630 480 456 111 202 428 426 684 994 302 170 161 560 405 1054 978 544 434 743 813 547 1178 468 424 931 1182 233 77 191 97 251 1455 631 88 416 926 414 1194 778 10 944 773 78 142 1446 124 532 518 557 729 784 267 7 783 217 461 345 11 216 17 57 781 598 26 919 154 717 140 125 1136 286 875 1101 1095 685 34 591 604 413 452 974 321 1036 433 239 593 916 668 261 837 397 177 1070 718 435 307 716 272 698 525 173 1019 269 600 704 156 14 476 1530 1531 471 64 1006 198 549 182 383 960 13 388 141 184 47 1499 22 757 554 298 853 159 911 613 862 530 23 312 555 1171 900 208 247 490 1391 829 707 367 431 984 100 157 792 421 1077 221 1034 117 2 610 506 408 516 1067 196 165 313 192 203 9 232 528 849 118 75 556 455 734 1447 3 151 85 535 83 136 855 531 209 143 114 240 368 1294 155 1060 254 378 748 229 727 514 69 324 794 212 510 178 373 87 831 99 292 52 390 1113 438 865 308 937 153 509 705 214 278 731 280 268 1167 418 15 458 472 1303 102 218 8 339 335 51 1347 1158 60 1062 382 552 403 799 1089 683 174 257 647 40 841 576 328 110 112 48 464 656 225 890 55 175 536 172 1202 1188 511 1018 396 305 282 801 193 84 1237 375 231 366 291 409 249 73 24 130 20 259 56 226 502 325 450 822 832 904 347 445 1 260 836 764 132 215 1104 1277 477 389 1044 417 495 306 320 646 1046
127 29 212 219 313 465 244 151 114 347 320 615 631 231 404 85 23 831 294 858 717 155 315 173 706 524 166 307 445 26 6 172 350 677 175 552 95 335 408 144 514 1061 7 764 471 1109 1112 442 375 27 846 332 510 820 168 550 196 190 24 140 52 521 97 801 177 1019 438 57 555 227 363 516 201 120 1279 136 978 674 278 239 147 632 291 416 762 366 309 242 657 247 107 191 504 68 51 435 382 656 254 403 336 1077 25 887 86 83 370 53 17 87 530 47 344 374 101 159 310 456 423 153 434 443 568 528 409 181 932 216 339 935 783 652 864 1251 543 476 668 464 413 204 261 73 633 156 889 131 189 103 125 192 357 302 812 33 69 117
549 432 103 350 443 955 51 404 1102 133 416 246 23 771 120 364 409 158 382 455 861 445 68 840 1538 209 12 17 1106 357 140 514 656 298 525 899 452 552 11 289 73 10 668 413 647 682 1104 86 175 1067 305 704 846 204 60 124 136 58 267 336 95 406 178 376 686 189 52 774 77 49 144 131 516 403 387 157 862 1085 565 83 652 302 24 577 151
470 323 586 752 247 65 549 833 310 1092 329 192 1048 576 1054 175 98 249 820 734 622 288 34 93 794 342 60 307 1257 193 166 362 252 947 179 226 607 693 974 367 983 328 591 1306 105 438 431 749 834 64 557 33 321 652 47 865 96 216 95 556 998 291 207 366 528 363 117 568 337 778 205 139 468 8 417 55 258 44 1110 331 285 479 347 423
747 26 1112 417 191 622 363 1383 1004 79 75 864 423 629 172 1054 178 182 15 543 33 1019 46 231 31 124 29 89 86 179 170 60 244 355 141 528 205 707 160 99 57 186 82 151 68 476 23 247 66 6 34 1106 193 260 364 403 310 438 557 318 101 321 17 209 291 52 669 571 499 78 465 324 408 693 216 357 594 93 87 53 156 758 226 8 366 240 150 471 546 177 633 166 185 161 307 125 600 719 347 834 211 257 584 103 490
44 45 1104 1106 346 810 298 1319 77 380 24 355 608 83 676 600 139 407 95 89 1456
826 751 855 25 456 351 160 174 403 226 501 359 777 250 523 725 473 247 189 1195 123 939 88 828 1407 408 740 458 444 971 96 254 103 357 506 98 660 125 67 323 342 368 550 611 534 895 31 83 294 527 471 81 1026 1040 63 87 490 862 66 278 1020 1260 114 290 361 437 1149 82 685 697 256 307 331 8 1487 55 1354 137 900 549 1401 22 1175 617 819 678 499 386 516 538 209 50 136 1 602 235 644 249 1006 287 292 112 401 75 496 704 93 583 908 168 413 271 208 102 216 382 947 145 154 863 377 191 23 649 508 834 1047 510 211 1005 355 354 692 295 801 503 505 58 1266 49 317 622 367 360 329 179 1383 504 181 497 427 190 217 298 242 288 888 29 34 156 322 1170 399 118 253 760 314 613 475 1219 1209 161 258 356 515 260 1070 730 640 158 150 494 364 269 758 769 479 371 338 52 303 62 113 204 1558 635 239 54 4 431 558 623 205 219 116 94 38 373 710 1108 543 1055 141 101 882 698 432 1009 273 153 1107 394 789 979 474 337 283 599 904 457 1247 415 240 513 282 492 1097 1234 44 532 388 804 561 955 305 390 47 1110 61 184 926 406 267 571 64 221 1286 772 1575 673 311 426 297 60 312 229 214 5
270 357 446 656 427 387 502 770 695 140 289 665 483 371 209 1069 190 1123 534 355 403 86 287 51 873 60 95 148 497 196 251 141 672 1104 322 133 175 595 336 305 676 266 501 1219 17 413 189 432 512 382 136 392 49 1264 306 568 487 131 68
618 345 883 709 1018 627 452 566 175 118 1237 8 197 52 717 249 944 57 273 549 47 142 427 146 834 96 219 404 140 644 103 652 382 947 832 324 820 49 1100 1229 159 424 192 953 528 161 12 10 1019 1062 421 305 571 46 139 207 101 102 141 877 835 280 309 614 198 527 205 444 978 153 887 861 114 510 311 552 715 613 1036 531 829 547 985 135 196 1013 1383 1077 269 471 267 621 25 1016 336 403 1110 698 960 426 24 56 328 470 256 643 226 799 413 456 158 363 232 33 50 209 906 203 268 773 26 84 468 321 282 208 357 719 201 433 155 438 147 1112 86 88 504 399 13 383 87 983 1446 544 695 585 373 193 385 529 1257 23 233 1006 231 296 607 389 261 1109 525 556 113 156 181 1336 576 577 136 543 55 425
352 213 665 329 691 538 133 260 112 243 77 1016 273 433 1 471 600 156 34 0 550 522 12 99 638 740 52 432 189 569 254 690 491 57 188 259 94 400 942 24 669 136 101 873 98 174 58 860 175 671 357 73 380 856 725 71 1084 406 302 240 40 289 49 239 269 161 496 333 86 561 1175 89 128 882 436 359 251 347 418 275 216 969 125 661 888 230 191 623 268 512 693 134 629 10 102 157 32 68 288 120 148 5 22
867 599 1206 920 401 476 888 79 538 138 199 260 170 550 734 201 177 36 607 166 349 973 772 485 812 329 473 324 3 142 633 499 109 128 137 130 377 52 746 546 687 230 197 93 310 204 299 678 208 799 729 754 492 543 1003 513 18 778 154 191 368 61 271 188 211 770 94 347 586 361 147 174 88 899 797 120 673 730 1 114 112 471 156 307 610 657 55 557 164 323 160 1097 326 695 48 408 121 1056 354 34 102 1059 285 829 172 942 741 291 222 376 43 947 98 205 216 101 325 1004 735 751 203 280 554 6 732 1151 108 669 571 614 693 342 367 60 699 118 356 125 911 284 283 879 294 801 26 24 157 185 5 357 141 640 896 1123 317 432 541 390 423 785 289 527 304 239 428 31 1054 518 1019 179 479 145 161 1079 629 189 290 99 1076 111 547 100 505 864 604 500 660 649 399 30 318 315 584 939 254 49 873 986 235 646 502 92 53 530 794 1114 72 273 66 33 998 719 438 139 1179 884 867 217 623 209 181 520 808 1016 506 96 183 366 337 874 240 926 559 247 648 78 277 32 106 1070 1613 498 488 705 856 297 226 748 496 697 360 83 406 914 207 577 355 200 11 561 1445 73 257 535 431 386 229 242 47 622
367 895 61 1007 113 256 886 577 1198 777 736 739 43 421 172 986 331 51 710 394 271 297 289 94 361 1320 863 501 664 142 513 168 49 48 280 156 862 311 1164 60 154 1491 490 216 75 314 570 44 585 228 31 469 274 211 655 150 420 1004 860 223 527 876 209 29 141 116 1057
99 136 364 403 572 175 297 754 767 51 360 406 6 864 103 561 77 239 209 577 12 298 1136 268 114 34 117 31 68 83 196 95 17 695 24 443 445 524 86 111 336 26 652 506 278 140 97 25 157 547 862 400 656 141 289 138 21 306 530 200 47 647 156 423 49 131 124 180 204
389 77 491 360 89 365 133 31 17 273 550 108 30 235 83 66 623 52 449 229 139 251 98 404 88 60 240 36 238 124 49
94 6 471 864 21 261 719 856 207 622 31 191 49 57 81 101 360 221 24 93 52 289 5 53 179 200 288 166 112 866 317 592 258 320 367 390 240 695 418 329 216 102 503 571 34 816 321 351 108 357 254 725 118
933 75 274 211 594 216 361 144 585 459 48 280 1073 117 728 43 944 1080 814 421 513 338 31 885 60 142 331 61 886 497 883 290 113
344 98 842 807 1098 395 72 568 251 243 346 325 630 751 130 184 719 40 104 289 139 1120 85
781 530 404 570 242 24 177 23 63 86 25 652 52 446 648 770 360 647 331 60 103 274 209 608 1023 534 364 243 68 860 98 644 157 175 153 899 357 133 222 213 631 355 89 30 280 12 305 140 95 1084 413 340 1 49 139 267 969 861 781 501 144 83 10 519 1034
220 360 98 289 144 652 51 343 95 814 0 1015 420 851 274 268 139 608 251 491 736 346 72 1 380 265 519 731 585 497 213 582 568 243 48 43 339 860 404 891 863 1229 157 117
159 239 347 118 244 561 665 366 423 66 471 586 488 590 9 288 89 53 295 254 669 479 654 1016 550 320 629 195 203 273 166 649 465 367 567 191 498 492 57 94 389 299 260 93 46 693 307 622 652 449 321 148 473 794 517 247 1063
907 979 515 269 65 49 80 559 746 250 8 350 76 310 1558 770 561 856 1008 445 195 288 405 1211 388 231 987 527 475 787 324 431 462 203 587 133 492 5 451 523 192 1094 377 471 12 529 383 151 3 664 753 56 931 260 88 153 66 147 111 408 47 118 357 446 262 623 528 170 913 181 356 482 657 30 567 34 531 460 447 547 249 595 502 307 216 698 338 366 591 165 285 24 411 79 172 874 779 423 614 182 241 309 1134 557 453 75 145 347 421 208 303 415 57 675 199 649 6 399 179 741 424 1009 276 193 479 52 549 102 900 797 23 365 200 61 321 183 78 754 315 323 908 67 730 166 29 18 538 1016 556 263 97 710 707 150 159 142 237 63 613 174 368 247 1196 33 256 131 139 382 734 586 330 371 895 1039 780 53 209 83 401 278 114 526 801 221 459 289 211 864 1054 464 175 274 973 235 573 207 173 417 571 1036 452 822 77 22 284 317 476 201 745 390 140 655 552 367 802 604 320 677 32 156 305 1237 456 16 10 226 849 299 818 499 1114 669 355 504 520 403 341 342 191 93 457 646 392 9 292 843 178 190 239 676 375 103 229 386 695 435 311 483 11 1487 876 693 354 796 293 100 333 1676 506 474 233 136 329 217 101 494 92 740 161 148 31 167 758 141 294 473 291 518 94 290 861 794 253 162 945 46 778 112 25 808 977 1138 328 91 748 297 198 654 580 351 54 500 406 812 244 1083 783 577
348 299 220 0 10 509 1063 9 254 491 597 78 824 316 315 969 96 242 139 288 660 395 428 672 571 512 913 677 169 695 423 526 92 1071 680 337 870 567 498 156 200 616 238 631 318 366 390 873 866 379 503 965 649 488 36 1108 214 767 275 547 101 622 852 221 251 540 538 174 1045 260 629 273 473 936 342 407 887 91 125 546 438 763 586 209 910 135 989 541 449 592 287 321 16 487 88 134 89 49 59 780 225 148 518 843 236 460 517 465 179 1200 1155 177 822 259 58 291 32 436 130 57 319 133 38 502 276 593 217 151 638 103 665 333 166 31 277 33 157 45 1180 1522 818 654 534 1226 86 896 290 522 574 482 357 118 307 405 289 73 671 902 669 781 807 243 46 1066 330 635 377 754 81 56 702 30 198 230 485 884 580 1145 110 960 844 199 329 186 734 729 980 719 380 99 1069 93 346 1016 693 601 367 1201 479 949 595 12 257 1120 431 432 794 361 590 802 53 203 643 71 52 8 856 657 389 420 942 67 747 188 400 418 950 378 1084 50 320 347 600 568
926 289 669 420 665 89 333 652 1378 460 594 71 360 638 400 767 133 1002 92 851 206 9 856 449 95 860 1022
714 647 350 52 177 403 278 530 1077 77 531 360 97 357 209 68 652 614 136 87 305 298 103 233 406 24 196 120 267 83 140 157 1106 49 11 151 695 175 1034 502 23 144 849 10 95
163 255 608 43 360 554 115 175 51 890 380 184 331 1 274 652 681 755 243 630 265 104 289 404 268 491 251 206 144 1124 950 519 130 261 95 1377 117 4 511 719 280 98 157 1192 48 72 325
825 24 331 56 32 587 528 465 740 862 496 546 357 949 90 442 166 160 540 1076 62 244 273 151 492 77 554 1628 719 657 687 524 1016 94 240 300 571 1028 361 130 320 95 57 53 241 256 518 347 307 220 60 200 66 374 86 191 818 289 593 254 68 611 29 311 460 471 21 204 100 326 899 189 725 1245 10 884 250 283 971 97 7 136 512 113 108 110 118 359 443 260 557 247 561 440 583 34 511 487 686 137 31 433 101
777 363 313 209 1320 6 557 32 155 583 474 669 863 329 468 112 93 403 749 247 99 101 273 456 29 31 571 216 229 139 201 226 8 734 307 371 740 113 151 79 471 100 389 22 156 382 231 159 191 140 88 56 362 368 1279 30 136 166 758 61 57 367 53 777 212 852
6 6 59 266 389 189 499 182 29 229 365 191 753 299 161 138 538 401 614 38 154 524 231 355 217 511 297 746 120 359 816 99 534 1123 52 808 1206 502 354 357 185 172 491 408 77 340 209 403 256 47 240 249 378 102 216 141 145 94 101 160 31 597 660 432 413 873 148 496 125 311 111 789 76 327 647 170 406 392 801 732 156 535 361 730 211 1 862 693 49 490 140 290 242
890 415 644 868 402 935 849 24 83 327 113 1143 781 347 1517 52 155 27 1028 984 438 480 704 686 794 181 292 231 57 529 549 107 1227 1077 267 157 256 389 1104 70 547 543 544 358 167 613 359 797 712 771 350 525 572 318 1067 614 200 803 531 191 530 311 518 1049 1032 816 102 337 706 95 471 656 122 932 354 154 746 938 60 406 278 514 413 1383 408 12 161 1101 846 179 443 159 431 502 552 173 150 403 433 10 668 340 198 142 209 23 103 49 444 1178 759 112 367 203 1471 302 99 571 50 537 7 189 971 216 114 232 135 56 721 385 357 432 120 283 1013 346 158 434 126 993 136 86 201 360 336 555 247 1082 196 160 26 131 375 344 698 182 309 442 778 510 100 1328 66 528 345 933 211 877 631 31 17 593
828 691 157 252 339 609 719 60 1166 860 95 608 731 48 98 1116 814 668 116 269 274 652 144 51 928 72
284 613 189 403 140 22 387 652 12 657 357 120 102 191 29 350 1159 247 136 404 305 177 10 342 52 485 23 95 216 31
603 1051 867 281 436 371 203 90 502 191 695 540 135 896 442 320 6 109 234 32 987 700 472 390 654 186 1156 160 48 329 713 47 411 404 475 244 275 201 121 31 22 1009 965 646 100 913 638 220 361 57 1155 200 53 816 357 89 39 98 567 431 946 936 86 251 485 465 169 652 101 161 66 511 318 687 568 280 78 469 49 394 471 977 240 389 346 500 355 973 418 748 239 216 677 299 1180 1460 1063 229 544 364 690 600 884 242 958 387 708 1145 491 36 9 863 546 174 423 1179 408 111 247 356 599 43 112 83 211 482 154 243 94 289 1016 693 593 380 225 125 740 326 735 189 303 156 72 574 60 367 384 95 498 518 139 260 460 273 29 108 751 734 359 166 487 782 534 499
459 357 1 339 594 251 772 491 719 403 177 184 512 568 945 40 0 502 157 764 95 43 175 346
225 442 391 691 101 339 72 671 36 436 347 359 357 496 179 295 899 930 57 538 380 856 66 112 479 100 161 1047 471 289 52 309 182 284 697 174 78 517 1410 982 95 491 99 754 256 561 361 93 254 31 125 657 936 34 360 216 240 767 581 244 144 593 668 818 1 32 649
429 1 321 357 331 594 72 175 660 330 34 574 280 1479 95 297 51 755 779 26 622 139 751 225 101 5 243 63 860 141 30 144 427 1023 695 491 289 725 793 148 117 652
929 173 406 49 120 762 189 416 10 364 403 77 1034 577 409 87 136 124 289 17 647 502 278 652 25 719 682 177 552 23 24 1104 151 455 52 68 600 467 97 140
718 25 873 23 652 510 209 77 514 103 452 298 104 274 1076 432 131 173 120 242 49 862 51 280 83 95 511 289 1316 86 302 136 98 306 490 445 140 577 175 1077 278 403 971
665 574 108 693 873 730 243 241 1020 1145 139 99 217 66 512 0 346 357 93 843 85 418 538 541 239 908 260 816 94 660 960 955 290 506 235 174 404 50 157 754 428
733 157 198 251 140 52 242 644 305 12 432 68 357 77 209 355 24 49 25 133 95 873 613 189 406 647 204
203 397 95 117 863 995 999 157 48 144 51 360 1 668 568 60 594 839 43 719 1231 261 814 130 280 325 4 98 807 214 72 751 652 860 713 1103 353 1181 930 274 815 630 289 511 243 1229
574 244 51 475 52 225 321 174 34 66 357 40 31 189 95 251 102 83 569 156 356 311 240 200 36 367 333
27 28 0 266 360 365 49 672 59 196 357 12 911 77 371 30 198 522 459 1059 404 83 60 305 144 432 1123 676 274 652 1206 514 41 190 180 98 139 242 1034 665 380 443 387 45 977 177 631 157 355 1006 280 68 644 392 136 1022 643 25 204 647 932 1 289 483 331 78 86 1114 222 340 781 406 487 24 251 156 1422 175 339 233 695 133 491 863 10 148 600 188 512 51 935 95 52 403
616 157 243 120 239 471 189 387 24 460 34 965 108 440 840 130 622 219 186 357 200 969 311 753 742 36 217 297 327
517 86 104 497 103 189 686 1346 153 876 382 647 370 52 77 501 140 427 355 242 893 719 10 60 873 672 23 267 209 552 266 483 452 378 769 392 1116 302 849 204 25 97 613 432 136 83 1206 676 403 595 35 656 278 510 41 49 95 11 1006 12 246 490 695 855 141 534 274 1074 862 971 17 73 371 117
238 117 157 704 17 552 400 12 846 531 745 357 1036 77 1194 115 175 443 136 120 25 60 103 409 151 173 1013 140 98 851 446 223 823 274 350 661 467 267 24 51 652 190 707 131 647 620 1182 181 124 403 770 339 209 564 719 23 189 1082 327 153 1002 280 306 420 523 525 427 452 406 289 925 73 144 305 387 86 1259 643 11 565 1077 336 278 4 165 49 10 298 416 68 490 695 177 1172 434 332 196 1205 1421 265 382 364 899 445 95 1136 52 204
223 302 136 357 175 60 86 656 577 89 99 25 124 177 186 668 96 173 364 28 693 568 1114 95 140 33 83 24 371 23 120 150 52 309 762 365 593 1034 17 445 31 204 647 49 191 1106 342 97 695 552 484 178 502 68 652 862 157 278 176 113 200 531 852 1067 376 77 400 344 340 29 131 1031
95 118 128 256 242 416 278 216 530 131 34 252 158 133 146 656 63 340 436 556 68 96 166 137 211 858 191 452 905 239 432 89 238 185 254 229 81 189 173 230 78 86 776 836 198 151 677 511 767 866 531 443 660 1076 125 657 176 695 122 361 423 572 196 692 694 12 240 1115 103 136 389 95 360 275 920 413 825 541 639 982 6 101 179 320 329 433 83 108 367 1031 502 406 480 407 342 299 405 471 600 634 434 704 893 544 233 50 860 258 464 474 445 52 561 403 1197 182 60 538 106 274 514 24 715 209 17 5 226 1049 309 781 575 288 25 40 220 273 156 289 1250 593 1146 181 355 99 277 85 49 547 552 1190 357 46 856 881 294 349 23 174 200 36 823 262 260 622 465 241 408 77 669
30 31 193 205 216 156 197 253 254 319 249 561 598 465 179 773 101 884 99 161 949 799 373 155 390 527 55 86 1003 229 58 26 893 267 502 757 861 474 366 217 174 438 108 538 629 359 172 503 656 151 367 895 332 250 801 573 834 356 389 166 864 209 470 66 732 982 244 746 79 103 669 291 456 88 794 131 141 369 57 150 194 33 571 278 102 221 24 476 321 76 196 160 46 555 409 480 280 135 240 491 652 695 557 44 114 247 146 147 34 1077 315 12 350 275 580 523 492 768 311 154 685 467 408 163 644 965 5 734 388 556 77 363 433 56 368 22 1009 1054 657 136 351 529 413 6 506 14 23 437 82 52 100 435 888 405 513 923 112 182 189 53 337 181 232 471 1113 220 207 83 142 1008 663 462 198 201 273 158 233 87 403 32 231 3 615 385 1082 7 239 646 913 371 614 544 303 837 347 1016 364 320 751 297 305 528 301 299 219 8 285 307 926 274 208 25 514 1151 269 215 1013 309 486 877 382 540 938 354 211 97 879 357 740 651 61 47 65 345 200 144 920 406 635 95 444 293 434 510 725 504 647 445 191 140 121 68 16 900 613 226 284 157 778 758 60 328 464 585 953 213 296 383 159 256 338 431 324 526 49 106
32 33 56 357 456 96 100 201 231 528 12 173 106 309 17 196 635 221 211 1013 557 573 544 179 25 345 1119 368 945 166 57 31 149 781 529 668 919 150 50 159 32 91 23 5 628 97 253 435 408 107 561 555 247 79 615 540 53 230 194 314 84 220 22 318 704 161 347 433 458 364 725 58 167 831 68 474 578 1020 82 174 99 1276 525 241 817 852 7 191 336 552 622 182 311 218 320 200 6 366 344 269 76 350 342 275 165 375 818 101 403 155 198 254 140 135 864 447 629 24 657 144 471 367 10 571 340 217 438 1036 118 136 425 181 52 29 935 291 114 26 293 476 726 531 936 296 239 240 256 103 480 467 283
432 188 657 1047 501 648 77 739 29 400 314 502 141 60 1053 427 1 116 595 289 297 31 140 150 49 152 862 873 108 12 216 672 357 58 95 71 98 52 299 695 200 73 157 734 655 1069 148 503 796 652 754 577 403 181 1389 175 561 367 861 103 243 153 969 239 189 209
604 485 767 566 9 754 597 92 571 403 942 110 91 355 12 538 174 908 5 567 262 807 342 449 89 729 950 622 299 148 101 588 702 49 694 1069 329 216
89 108 254 729 754 49 342 687 94 1142 471 31 221 256 693 125 57 275 541 923 36 361 238 240 482 492 180 502 110 185 329 273 896 571 488 750 277 189 260 5 359 91 1047 390 311 101 174 239 289
558 145 799 249 1191 389 1334 57 693 78 309 217 0 88 629 181 209 159 172 931 53 110 231 33 690 140 449 732 68 67 26 238 705 20 125 86 740 307 1056 31 136 567 211 102 43 500 189 174 55 160 767 320 328 730 285 779 413 297 528 79 303 764 456 474 179 538 244 60 669 506 1457 864 247 200 356 7 49 82 614 423 71 801 61 141 182 856 135 254 510 521 526 498 16 147 607 154 52 561 191 403 347 229 315 321 351 268 9 260 517 656 364 220 146 283 219 59 447 99 646 29 22 239 408 118 216 367 193 242 161 357 814 97 313 148 936 114 196 1006 465 56 1240 979 94 638 363 888 6 221 360 299
913 613 344 389 24 846 719 647 375 336 549 120 60 52 547 889 438 321 100 231 350 68 156 482 629 1128 507 159 17 253 335 302 552 841 656 124 1148 220 1104 102 799 849 89 1328 51 403 631 244 179 182 36 413 241 1034 40 98 291 573 53 12 87 62 320 347 264 309 670 161 20 1381 614 274 103 444 464 196 1348 365 1067 1429 34 1167 474 452 83 339 117 936 135 136 357 10 531 771 488 77 361 837 101 695 191 510 267 178 95 144 706 406 226 86 56
758 471 433 33 113 24 341 226 289 329 347 229 542 567 157 500 103 408 89 1094 364 53 273 268 150 121 102 77 311 852 683 112 83 225 600 189 191 544 31 735 540 320 75 618 411 93 740 423 326 22 556 216 39 321 169 299 517 101 81 462 337 84 355 29 86 965 1354 12 677 474 913 460 399 221 1105 367 240 722 92 396 50 49 20 772 357 174 574 262 693 199 1022 366 330 118 178 657 148 34 297 47 749 220 418 64 438 432 111 865 58 156 56 482 904 844 480 552 254 895 138 302 547 591 134 183 235 606 442 580 91 100
692 1061 698 390 872 1348 153 919 53 66 841 6 357 161 683 504 114 103 389 403 239 24 652 846 89 101 197 647 147 46 543 471 1113 201 254 177 146 83 136 758 22 289 773 406 368 23 156 200 182 408 369 375 212 217 704 480 443 244 417 112 577 14 97 801 363 12 26 56 347 82 32 431 253 875 318 84 296 256 191 25 155 1623 231 385 278 350 309 1251 135 320 693 159 102 10 651 476 62 2 140 57 474 528 219 600 464 321 68 456 52 124 433 837 120 70 76
104 108 298 407 571 133 140 460 136 9 403 101 510 552 502 181 387 31 148 649 382 95 315 379 730 58 242 89 52 586 873 125 71 897 862 228 66 719 189 305 49 519 669 25 364 240 693 23 535 647 652 351 118 416 656 531 400 843 695 273 77 184 153 86 498 10 357 297 161 325 229 1076 24 200 420
754 1 665 77 1602 355 570 321 58 134 17 960 30 124 245 1104 276 48 518 289 263 83
142 214 554 139 251 609 115 930 60 1 751 890 397 360 1000 630 1274 1116 815 280 839 144 959 719 420 1409 268 652 98 1444 1402 274 289 641 72 736 851 1166 511 184 1548 960 1560 860 491 157 395 700 95 130 1229 881 335 950 1261 4 261 269 666 325
228 166 550 273 179 33 247 108 264 1 258 377 342 649 581 561 622 216 293 96 226 307 423 320 34 937 435 511 599 374 9 291 310 528
250 99 357 229 583 638 740 156 758 102 368 31 93 161 471 88 22 5 367 101 321 112 209 140 24
281 141 432 361 346 629 660 354 389 31 324 474 333 496 166 623 29 1 399 1211 351 342 137 512 189 36 49 571 366 491 170 276 242 329 297 586 367 751 307 359 207 864 34 500 92 185 216 86 649 321 311 43 269 517 695 256 288 541 561 88 349 1107 93 506 289 403 401 247 94 497 230 404 243 150 47 148 479 392 303 160 355 138 156 179 993 60 200 534
759 9 623 117 23 122 364 464 56 309 251 864 657 172 49 1106 278 502 99 229 131 144 311 1179 433 254 644 133 490 321 471 445 68 50 768 432 360 480 783 101 17 423 403 95 178 695 196 176 253 647 1049 100 211 217 160 26 204 140 24 136 302 406 216 77 47 552 177 89 765 239 408 83 590 559 438 357 103 86 409 228 348 179 141 12 374 147 646 904 531 544 1028 209 333 748 200 416 689 146 289 113 656 350 191 106 31 366 190 166 151 340
25 26 98 221 301 602 456 54 831 50 7 886 912 166 242 966 82 510 55 57 200 1040 20 583 468 480 375 834 1037 628 528 443 11 309 345 1100 211 363 24 10 215 342 23 231 350 156 758 1281 122 135 507 471 408 368 220 634 33 29 62 1190 113 191 1103 364 984 1005 423 320 293 433 189 572 317 555 155 783 799 1272 719 339 983 544 878 136 168 179 526 205 434 656 1432 313 416 1348 22 267 232 668 60 860 95 1164 370 1110 196 87 1279 8 361 160 479 1148 540 1383 752 27 858 683 274 112 513 877
114 154 64 9 180 588 179 472 356 662 99 16 780 821 729 88 390 697 275 965 53 1001 191 195 611 601 91 93 784 1060 231 435 226 299 86 318 482 753 254 802 541 133 217 34 58 289 309 297 52 174 571 341 492 949 695 936 670 62 586 366 1235 379 112 361 307 509 244 465 77 134 317 337 649 438 1177 32 277 856 528 460 852 616 57 110 239 480 1069 1024 488 89 546 428 24 320 1022 387 8 540 423 125 432 853 200 442 561 118 46 143 103 503 50 508 108 485 29 238 657 411 733 550 345 365 82 302 1059 283 496 203 156 330 173 1016 70 47 942 487 568 230 367 221 342 21 169 272 258 293 71 529 982 406 610 113 5 502 1105 363 449 78 1127 638 310 284 100 433 622 567 137 669 186 500 734 145 235 31 600 1509 981 276 1196 291 26 740 552 1046 587 512 271 260 816 329 683 498 607 866 1155 590 973 1020 273 694 656 66 94 828 185 896 754 812 236 315 623 599 913 1468 580 595 83 491 96 247 454 288 569 405 767 1180 36 92 20 56 408 347 549 574 473 316 135 747 166 170 148 592 0 33 1056 49 544 618 910 67 38 389 1028 581 161 723 101 300 262 319 68 357 385 359 377 471 216 693 1071 220 111 665 189 285 257 240 1206 1253
654 231 20 817 102 302 618 350 525 373 781 320 1042 312 299 837 25 324 820 719 50 704 31 382 796 560 209 293 794 613 762 147 354 937 273 84 657 106 179 575 456 309 357 165 604 36 155 345 552 100 1020 221 240 328 142 150 182 166 630 834 829 159 467 946 1054 44 174 709 99 1036 6 831 607 216 342 550 58 1257 668 112 408 244 145 666 140 307 96 215 901 477 914 208 249 391 190 239 254 1044 175 305 296 573 690 311 1166 435 184 757 130 12 480 543 367 49 14 22 294 707 80 557 537 136 114 352 474 706 693 103 104 1430 118 953 1019 258 531 778 260 253 256 5 200 201 98 1090 95 110 233 26 425 1008 82 746 146 660 930 101 24 364 329 207 61 893 510 827 13 121 247 978 458 339 321 517 161 1223 151 622 528 338 549 1023 590 895 649 23 181 1026 288 389 347 822 635 52 337 1544 57 93 303 10 561 356 153 547 54 492 403 156 861 551 135 1040 529 325 368 269 404 738 900 363 152 984 53 1049 88 217 76