0 28 37 61 15 14 36 2 16 17 42 5 32 69 0 30 49 1 59 48 68 35 18 27 24 54 62 6 66 11 10 12 20 8 7 43 67 58 3 57 50 51 9 41 29 44 53 55 4 56 21 45 34 19 13 39 46
1 77 70 74 73 72 76
2 115 93 100 79 101 98 109 108 91 87 95 105 114 104 90 106 103 97 89 85 92 82 78 83 81 80 112 96 84 111
3 144 183 170 134 186 137 146 126 151 178 121 184 164 188 129 189 187 149 127 154 157 180 128 190 122 120 125 158 118 173 147 182 169 181 138 159 143 139 123 133 167 117 141 136 161 131 142 135 132 168 174 175 152 162 171 165 130 179 185 172
4 260 269 228 199 215 204 261 201 216 238 210 220 274 265 264 262 270 254 225 259 233 271 229 247 232 276 197 257 235 268 222 211 236 258 203 200 196 252 198 246 253 202 208 263 239 251 255 213 272 195 244 223 227 221 230 205 194 256 266 224 240 206 241 192 234 207 193 275
5 278 307 362 315 312 316 350 282 323 298 338 288 283 300 320 333 330 285 321 354 336 279 339 337 322 286 287 327 281 341 326 318 357 301 293 280 355 319 289 328 296 313 360 303 324 335 356 291 310 309 352 295 346 331 347 284 317 305 361 340 294 344 343 314 308 299 334 329
6 370 423 373 406 407 379 412 415 384 378 387 395 426 386 419 369 376 404 397 411 368 422 409 400 389 365 434 366 371 428 403 385 427 418 420 410 372 424 430 433 435 402 394 399 432 398 382 381 437 374 431 392 367 421 390 391 413 377 401 436
7 485 508 518 528 442 459 441 480 500 514 511 489 524 471 505 497 444 446 488 493 523 448 487 529 507 501 513 486 491 522 503 458 527 498 474 478 504 451 439 472 492 460 470 526 463 452 453 525 449 450 475 473 465 517 506 462 468 438 515 447 519 467 521 512 461 509 476 499 445 454 495 520 440
8 557 540 588 579 559 549 565 536 534 543 564 539 576 572 535 554 548 547 541 591 567 532 546 574 577 560 552 531 566 582 544 571 592 561 570 562 581 586 589 575 580 563 568 584 550 583 569 551 537 545
9 615 608 596 622 614 639 612 628 619 611 638 600 632 605 610 606 616 641 647 595 620 653 617 613 594 602 604 626 601 648 651 623 636 599 618 645 598 656 642 629 644 625 637 655 654 631 597 646 643 593 627
10 729 712 719 673 670 693 662 675 689 701 699 688 671 694 696 663 700 695 679 659 668 678 727 660 692 661 676 723 708 718 703 664 685 691 713 720 724 684 704 722 711 665 658 687 714 669 680 672 666 707 702 697 710 721 674 733 681 726 690 705 725
11 740 737 755 736 746 735 743 738 748 751 758 745 754 742 734 747 756 739 741 750
12 788 767 786 763 782 783 765 835 816 821 801 822 759 762 787 838 839 820 833 760 837 804 826 812 766 773 840 774 798 781 824 792 834 779 807 810 829 775 808 806 823 772 790 479 796 830 828 799 793 811 771 768 764 809 780 805 791 776 778 827 794 800 789 777 769 813
13 895 870 859 879 893 878 876 904 865 461 871 868 863 884 860 886 899 867 888 864 891 898 882 849 869 877 902 881 889 854 866 853 844 873 843 887 903 846 901 905 894 890 862 855 848 851 856 872 861 875 900 897 845
14 919 918 940 961 952 927 977 956 946 981 923 924 982 945 950 965 921 906 915 964 939 932 913 908 925 960 974 976 979 963 934 949 909 955 947 972 969 930 984 920 937 929 943 941 980 959 944 447 914 954 922 942 951 948 983 957 967 917 911 970 931 933 926 958
15 999 1022 1001 1017 989 1021 1026 1016 996 991 1007 986 995 1020 1003 994 1014 1019 998 1002 997 1015 1004 1010 993 1009 1005 990 1008 1000 1006 1027 1012 988
16 1054 1055 1035 1050 1045 1082 1046 1064 1037 1049 1080 1051 1076 1063 1034 1033 1039 1066 1070 1030 1044 1068 1073 1057 1077 1069 1043 1056 1029 1052 1081 1048 1085 1047 1032 1042 1071 1072 1065 1060 1040 1074 1041 1038 1062
17 1137 1094 1132 1147 1118 1106 1146 1123 1093 1090 1109 1121 1116 1125 1149 1095 1143 1105 1103 1107 1120 1119 1098 1087 1091 1110 1138 1099 1130 1122 1104 1108 1115 1096 1142 1114 1148 1128 1127 1145 1136 1135 1102 1097 1101 1113 1139 1129 1089 1131 1124
18 1160 1192 1169 1190 1158 1167 1185 1164 1193 1187 1189 1178 1166 1161 1171 1163 1176 1170 1184 1188 1153 1196 1159 1172 1150 1197 1168 1162 1179 1173 1183 1198 1151 1186 1195 1156 1152 1165 1182
19 1200 1199
20 1262 1252 1221 1233 1219 1271 1261 1230 1263 1245 1217 1255 1249 1258 1241 1228 452 1235 1240 1248 1268 1210 1237 1234 1220 1206 1256 1222 1236 1242 1246 1211 1238 1232 1215 1239 1218 1227 1224 1250 1205 1226 1259 1269 1264 1202 1225 1216 1204 1223 1207 1267 1254 1266 1243 1244
21 1288 1289 1306 1291 1345 1308 1338 1275 1274 1325 1328 1287 1347 1280 1301 1297 1273 1344 1282 1309 1330 1326 1307 1298 1278 1305 1272 1304 1303 1292 1276 1342 1336 1312 1340 1283 1333 1317 1331 1293 1343 1341 1322 1332 1316 1285 1335 1319 1318 1279 1294 1337 1321 1300 1327 1296 1311 1334 1324 1295 1348 1281
22 1362 1415 1373 1429 1419 1403 1352 1365 1414 1376 1393 597 1379 1364 1391 1372 1382 1384 1395 1396 1378 1401 1357 1430 1370 1422 1397 1413 1399 1416 1377 1366 1389 1424 1411 1427 1381 1355 1425 1420 1400 442 1405 1421 1212 1398 1426 1432 1434 1431 1417 1433 1353 1402 1407 455 1380 1356 1350 1412 1410 1409 1375 1367 1386 1418 1363 1404 1406 1390 1428 1360
23 1495 1451 1489 1456 1439 1459 1487 1467 1458 1490 1472 1443 1464 1482 1446 1436 1469 1485 1486 1471 1462 1481 1447 1493 1499 1448 1496 1444 1463 1450 1483 1461 1438 1445 1492 1466 1494 1488 1465 1497 1468 1454 1476 1498 1479 1449 1457 1437 1470 1441 1452
24 1512 1565 1577 1543 1524 1533 1582 1558 1573 1561 1520 1508 1503 1532 1564 1500 1559 1538 1507 1554 1544 1572 1519 1571 1534 1552 1518 1511 1521 1581 1516 1522 1549 1557 1540 1553 1556 1566 1510 1517 1528 1546 1509 1527 1547 1568 1539 1530 1535 1542 1575 1545 1504 1576 1563 1526 1578 1529 1514 1515 1548 1506 1501 1574 1567 1555 1513
25 1652 1599 1623 1591 1611 1609 1640 1588 1645 1627 1622 1604 1616 1617 1635 1632 1646 1641 1628 1629 1642 1643 1602 1607 1613 1637 1630 1610 1621 1589 1606 1584 1636 1594 1595 1590 1631 1648 1612 1619 1647 1587 1603 1634 1601 1615 1649 1586 1633 1600 1598 1644 1585 1639 1608
26 1731 1737 1698 1699 1679 1689 1673 1705 1661 1678 1674 1686 1186 1693 1668 1722 1654 1685 1695 1675 1715 1696 1704 1730 1716 1725 1657 1735 1702 1724 1669 1717 1732 1681 1690 1658 1672 1677 1670 1682 1703 1407 1708 1718 1701 1666 1660 1688 1711 1691 1662 1664 1683 1687 1692 1706 1727 1694 1713 1734 1663 160 443 1656 1700 1723 1736 1714 1659 1655 1738 1684
27 1760 1774 1745 1753 1740 1784 1755 1756 1793 1779 1778 1754 1785 1794 1765 1805 1769 1739 1790 1773 1746 1747 1770 859 1801 1806 1797 1766 1743 1786 1771 1744 1763 1761 1789 1803 1742 1752 1800 1799 1750 1795 1780 1802 1804 1775 1762 1748 1768 1782 1757 1788 1783 1749 1781
28 1824 1838 1819 1848 1818 1854 1837 1861 1807 1836 1846 1858 1821 1839 1850 1835 1859 1847 1834 1845 1820 1855 1812 1851 1826 1808 1844 1842 1813 1843 1829 1857 1832 1852 1831 1817 1043 1860 1823 1856 1040 1833 1810 1814 1822 1825 1828
29 1862 1932 1883 1904 1903 1923 1887 1898 1884 1889 1870 1866 1905 1920 1878 1874 1929 1924 1885 1922 1865 1926 1886 1934 1911 1882 1917 1919 1864 1881 1914 1868 1863 1933 1871 1888 1892 1913 1872 1875 1916 1279 1910 1906 1930 1896 1894 1901 1899 1869 1867 1909 1935 1908 1907 1925 1895 1877 1921 1893 1891
30 1977 1962 1943 1936 1941 1955 1954 1952 1965 1974 1981 1961 1972 1983 1986 1964 1988 1950 1957 1953 1948 1969 1944 1939 1958 1978 1959 1990 1973 1949 1987 1984 1968 1951 1956 1982 1938 1993 1963 1945 1966 1994 1980 1940 1995 1979 1975 1985
31 2032 2060 1996 2019 2013 2043 2058 2048 2004 2022 2025 2039 2042 2065 2005 2068 2047 2001 2059 2014 2033 2029 2052 2030 1999 2057 2061 2008 2011 2037 2049 2046 1997 2016 2020 2031 2067 2007 2003 2023 2028 2056 2063 2002 2015 2038 1998 2000 2034 1408 2027 2040 2021 2012 2051 2036 1056 2017 2010 2066
32 2085 2113 2101 2131 2127 2077 2115 2136 2133 2090 2110 2092 2118 2075 2111 2122 2140 2091 2114 2093 2079 2076 2088 2081 2071 2123 2086 2124 2119 2103 2109 2089 2073 2126 2132 2138 2129 2121 2137 2099 2074 2134 2070 2141 2116 2084 2100 2120 2108 2135 2105 2106 2094 2080 2139 2130 2069 2142 2087
33 2171 2180 1039 2145 2164 2157 1030 618 2178 2163 2167 2150 1035 2162 1047 2181 2154 2170 2175 2169 2151 2160 1054 2165 1044 2143 1043 2149 2168 2156 2166 2153 2179 2183 2158 2176 2144 2147 2185 2173 2184
34 2206 2211 2220 2223 2237 2218 2215 2210 2190 2225 2230 1628 2233 2226 2186 2188 94 2207 2197 2228 2214 2235 2217 2201 2194 2224 2222 2240 2236 2243 2242 2191 2241 2245 2212 2234 2239 2199 2203 2219 2202 2196 2200 2238 2213 2208 2232 2189 2216
35 2292 2280 2249 2289 2269 2268 2285 2259 2300 2288 2287 2246 2307 2284 2253 2263 2294 2273 2248 2267 2250 2255 2277 2265 2296 2295 2247 2260 2261 2275 2272 2283 2262 2258 2305 2264 2290 2293 2276 2256 2266 2254 2298 2304 2302 2282 2257 2306 2301 2281
36 2352 2333 2316 2330 2360 2364 2326 2359 2349 2323 2310 2347 2317 2311 2309 2315 2343 2329 2345 2367 2348 2339 2327 2341 2332 2370 2356 2376 2358 2319 2372 2363 2320 2328 2344 2350 2325 2334 2312 2342 2362 2346 2361 2353 2337 2314 2321 2355 2335 2368 2351 2313 2318 2373
37 2384 2382 2386 2412 2406 2448 2414 2403 2443 2420 2435 2458 2419 2436 2416 2381 2396 2428 2444 2450 2438 2421 2424 2455 2418 2442 2465 2447 2402 2394 2452 2397 2401 2395 2427 2439 2463 2398 2423 2445 2389 2379 2410 2385 2460 2466 2434 2391 2433 2380 2429 2415 2441 2422 2378 2431 2377 2392 2462 2425 2408 2457 2383 2411 2456 2413 2399 2426 2449 2451 2464 2409
38 2471 2520 2468 1056 2479 2489 2495 2522 2502 2496 2490 2491 2488 2473 2515 2513 2511 2533 2525 2514 2493 2521 2498 2527 2494 2507 2486 2526 1913 1751 2501 2499 2476 2478 2492 2497 2519 2470 2509 2534 2532 2472 2524 2475 2535 2516 2469 2481 2477 1822 2531 2485 2480 446 94 2508 2500 2503 2510 2467 2512 2483
39 2559 2572 2543 2568 2546 2540 2587 2580 2550 2576 2566 2585 2555 2579 2539 2552 118 2567 2544 2573 2537 2554 2578 2545 2584 2570 2538 2556 2577 2563 2561 2542 2549 2560 2581 1907 2586 2583 2564 2565 2575 2574
40 2622 2593 2616 2625 2603 2624 2606 2617 2588 2601 2591 2598 2599 2600 2589 2620 2634 2609 2602 2619 2612 2611 2613 2623 2618 2614 2626 2632 2607 2590 2597 2608 2628 2630 2627 2595 2629 2610
41 2666 2655 2648 2673 2669 2641 2654 2656 2664 2649 2670 2657 2659 2647 2672 2644 2663 2651 2636 2635 2667 2640 2639 2643 2646 412 2662 2642 2645 2650 2638 2658
42 2728 2699 2734 2688 2687 2712 2696 2732 2735 2726 2685 455 2701 2711 2733 2736 2720 2725 2683 2682 2679 2694 2744 2680 2715 2718 2730 2737 2714 2743 2695 2706 2686 2681 2692 2745 2742 2716 2738 2713 2698 2702 2722 2703 2684 2709 243 2697 2729 2689 2690 2678 2719 2700 2723 2739 2676 2707 2674
43 2751 2750 2752 2748 2747 2749 2754
44 2794 2799 2770 2801 2802 2756 2798 2803 2758 2806 2764 2779 2780 2766 2797 2776 2813 2765 2771 2769 2816 2811 2800 2471 2762 2790 2775 2761 2796 2772 2805 2784 2774 2807 2757 2781 2808 2763 2773 2777 2787 772 2789 2786 2767 2791 2768 2755 2793 2785 2795 2792 2819 2815
45 2852 2824 2847 2867 2845 2829 2865 2872 2843 2857 2850 2841 2860 2855 2849 2863 2866 2842 2823 2870 2834 2856 2820 2840 2868 2858 2822 2854 2862 2701 2861 2864 1382 902 2844 2838 2839 2831 2825 2836 2846 2869 2828 2848 2492 2853
46 2883 2894 2898 2877 2907 2901 2899 2927 2888 2912 2924 2890 2886 2900 2920 2928 2917 2916 2904 2889 2913 2895 2932 2918 2908 2925 2933 2878 2902 2905 2880 2906 2897 2921 2915 2896 2882 2876 2893 2919 2922 2930 2914 2935 2884 2887 2903 2911 2885 2929 2873 2926
47 2963 2994 2959 2983 2975 2981 2962 2952 2950 2972 2949 2961 2951 2948 2998 2970 2940 2941 2947 2978 2942 2999 2944 2986 2971 2966 2967 2993 2953 2989 2997 2982 2985 2969 2938 2956 2980 2957 2958 2965 2974 2990 2964 2976 2955 3002 2968 2943 3001 2946 2954 2988 2984 3003
48 407 3057 3038 3061 3015 3039 3059 3071 3045 3051 1751 3041 3024 3073 3012 3005 3068 3066 3049 3047 3064 3018 3067 3004 3025 3046 3052 3078 3036 3062 3043 3080 3019 3013 3048 3030 3075 3017 3029 3020 3056 3009 3040 3044 3058 3006 3072 3023 3011 3079 3077 3060 3055 3081 3065 3074 3014 3010 3076 3069 3037 3034 3050 3028
49 3139 3141 3100 3105 3147 3161 3152 3106 2638 3148 3082 3127 444 3091 3117 3099 3084 3136 3111 3110 3115 3113 3086 3162 3087 3145 3129 3120 3130 3094 3128 3163 3121 3119 3167 3156 3098 3112 3126 3093 3158 3089 3109 3101 3150 3159 3135 3137 3122 3154 3157 3133 3092 3116 1917 3153 3140 3114 1386 3103 3097 1405 3096 3104 3165 3131 3088 3142 3108 3146 3123 3138 3083
50 3183 3172 3179 3168 3178 3176 3175 3171 3177 3169 3180 3182 3184 3174
51 3213 1628 3202 3238 3193 3255 3236 3191 3242 3217 3206 3229 3204 2021 3216 3227 3234 3252 3190 3196 3218 3251 3207 3203 3215 3232 3259 3195 3248 3220 2500 3260 3224 3214 3243 3187 3244 3219 3258 3201 3249 3239 3254 3231 3237 3250 3210 3228 3240 3235 3188 3233 3257 3241 3200 3192 3194 3199 3223 3197 3253 3185 3245 3205 3186
52 3266 3284 3275 3291 3289 3273 3274 3278 3290 3277 23 3271 3279 3283 3269 3265 3263 3272 3285 3280 3281 3282 3276 3287
53 1907 3310 3358 3356 3300 3346 3361 3335 3344 3359 3324 3365 3334 3319 3304 3329 3336 3345 3315 3312 3318 3295 3332 3331 3352 3306 3343 3349 3325 3301 3348 3339 3308 3297 3351 3330 3337 3347 3307 3316 3364 3323 3320 3326 3338 3321 2188 3293 3355 3309 3294 3322 3360 3317 3303 3357 3366 3296 3314 3328
54 3375 3441 3379 3367 3418 3439 3369 3414 3368 3387 3403 3384 3416 3411 3392 3408 3396 3431 3383 3410 3424 3391 3432 3440 3427 3393 3374 3386 3370 3421 200 3436 3397 3381 3420 881 3388 3398 3413 3371 3434 3390 3405 3415 3417 3380 3426 3389 3407 3373 3435 3376 3423 3404 3409 3372 3330 3399 3442 3419 3430 3429 3377 3394
55 3471 3491 3455 3466 3453 3461 3489 3488 3445 3448 3473 3469 3490 3459 3501 3477 3497 1261 3478 3492 3470 3446 3456 3506 1224 3457 3460 3468 402 3465 3494 3493 3500 3496 3484 3479 3463 3485 3483 3499 3476 3450 1877 3502 3498 3482 3464 3449 3454 3462 392 3451 3505 3475 3503
56 3556 3528 3521 3542 3543 3561 3539 3537 3566 3508 3541 3548 3565 3525 3560 3527 3530 3522 3544 3557 3554 3520 3526 3523 135 3558 3529 3551 3517 3533 134 3552 3516 3507 3536 3513 3512 3540 3550 3519 3524 3562 3567 3559 3555 3511 3546 3563 3518 3510 3535
57 3630 3595 3574 3578 3619 3586 3610 3628 3575 3583 3608 3607 3611 3591 3631 3614 3603 3580 3616 3581 3612 3626 2316 3588 3604 3621 3582 3596 3629 3600 3594 3571 3624 3593 3573 3590 3606 3622 3618 3615 3570 3623 3613 3620 3617 3625 3576 3579 3601 3569 3572
58 3650 3661 3635 3680 3691 3682 3642 3641 3671 3694 3681 3696 3636 3664 3675 1714 3684 3656 3660 3700 3699 3658 3676 3677 3692 3697 3672 3667 3688 3685 3698 3644 3689 3637 3679 3643 3695 3702 3663 3665 3654 3690 3646 3701 3652 3639 3653 3674 3632 3659 3703 3649 3670 3683 3669 3647 3655 3666 3662 1659
59 1931 3749 3715 3786 3714 3706 3766 3755 3727 3751 3754 3775 3785 3784 3777 3781 3783 3738 3741 3764 3778 3763 3717 243 3771 3726 3746 3723 3725 3776 242 3750 3705 3707 3710 3739 3770 3747 3704 3780 3768 3731 3779 3748 3760 3712 3762 3761 3744 3758 3773 3753 3724 3716 3722 3708 3729 3774 3732 3713 3772 3711 3737 3740 3757 3734 3752 3720 3759
60 3834 3803 3840 3796 3842 3795 3827 3793 3798 3828 3839 3791 3817 3815 3794 3799 3820 3807 3835 3802 3811 3836 3810 3801 3841 3856 3792 3819 3829 3830 3818 3800 3823 3850 3822 3790 3787 3858 3814 3831 3824 3816 3838 3804 3812 105 3821 3843 3853 3825 3847 3845 3797 3813 3809 3848 3851 3846
61 3894 3870 3861 3911 3878 3927 3859 3865 3926 3876 3150 3920 3875 3919 2829 3915 3885 3891 3895 3880 3874 3900 3867 3908 3917 3860 3914 3916 3886 3881 3912 3905 3897 3913 3896 3903 3899 3868 3902 3893 3889 3884 3862 3871 3910 3864 3901 3904 3898 3888 3873 3918 3869 1212 3892 3863 3866
62 3952 3938 3976 3935 3962 3954 3983 3946 3951 3947 3928 3960 3969 3939 3950 3934 3933 3944 3932 3986 3945 3984 3930 3990 3940 3929 3948 3974 3988 3971 3980 3968 3981 3966 3953 3959 3977 3987 3970 3985 3961 3931 3978 3956 3941 3967 3979 3957 3964 3965
63 4024 4002 4016 4006 4005 3991 4009 4022 3998 4020 4018 4001 3996 4014 4023 4013 1955 3997 3992 3994 4011 3999 4012 4003 4004 4021 4017 4019
64 4096 4091 4078 4086 4047 4059 4079 4049 4063 4085 4027 4070 4025 4026 4076 4033 4073 4064 4105 4046 4044 4067 4087 4093 4055 4075 4051 4030 4083 4054 4061 4084 4060 4035 4071 4036 4040 4101 4065 4056 4031 4068 4103 4038 4062 4042 4077 4102 4032 4052 4107 4082 4048 4072 4098 4057 4097 4041 4095 4066 4088 4106 4034 4099 4104 4029 4108 1233
65 4117 4171 4165 4146 4170 4178 4177 4123 4124 4180 3520 4125 4161 4156 4127 4174 4126 4176 4162 4152 4167 2597 4151 4131 3935 4143 4128 596 4122 4114 4133 4119 4154 4181 4138 4148 4158 4160 4159 4140 4139 4121 4145 166 4137 4164 4168 4120 4115 4183 4134 4132 4150 4149 4116 4172 4163 4142 4111 4157 4112 4144 4110 4141
66 4193 4184 4251 4213 4198 4209 4190 4207 4216 4226 4191 4233 4234 4229 4253 4212 4200 4188 4208 4206 4254 4225 4195 4220 4205 4224 4202 4185 4243 4241 4228 4219 4187 4235 4196 4218 4189 4237 3265 4248 4242 4250 4240 4186 4247 757 4152 3307 4203 4210 4246 4227 4197 4199 4222 3579 4221 4215 4238 4249 4244 4194 4211
67 4305 4284 4295 4292 4300 4303 4314 4265 4328 4304 4260 4318 4323 4320 4324 4285 4277 4302 4309 4341 3864 4289 4259 4313 4333 4322 4282 4294 4316 4319 4291 4278 4256 4336 1703 4306 4307 4266 4326 4315 4311 4298 4271 4276 4272 4275 4301 3201 4286 4270 4325 4281 4290 4287 4297 4258 4293 4273 4321 4327 4283 4257 4269 4262 4312 4267 4335 4261 2485 4340 4339 4268
68 4361 4389 4399 4356 4394 4365 4398 4390 4379 4348 4369 4411 4412 4345 4406 4368 4384 4025 4397 4350 4383 4388 4382 4353 2726 4367 4371 4403 4357 4386 4380 4351 4413 4373 4366 4359 3484 4395 4408 4376 4381 4396 4410 4393 4385 4346 4409 4342 4402 4344 4387 4372 4370 4407 4404 4352 4354 4377 2585 4362
69 4437 4432 4471 4470 4453 4450 4459 4462 4474 4435 4476 4473 4479 4464 4417 4452 4441 4430 4438 4424 4466 4442 4454 4419 4446 4421 4456 4433 4461 4414 4458 4444 4475 4465 4451 4429 4463 4480 4420 4440 4455 4436 4460 4472 4428 4426 4469 4425 4448 4467 4477 4449 4416 4478
70 4509 4540 4520 4526 4497 4547 4530 4545 4501 4533 4483 4516 4549 4485 4535 4488 4534 4551 4504 4496 4482 4502 4537 4507 4503 4546 183 4484 4486 4515 4510 4499 4490 4492 4532 4529 4524 2912 4542 4519 4548 4523 4544 2348 4511 4494 4498 4512 4513 4539 4506 4493 4489 4500 4517 4491 4518 4528 4536 4538 4531 4505
71 4589 4631 4571 4608 4614 4554 4591 4563 4596 4586 4578 4555 4617 4595 4592 4632 4613 4606 4593 4577 4567 4590 4621 4574 4576 4620 4618 3235 4561 4582 4616 4636 4624 4580 4583 232 4600 4625 4626 4558 4635 4605 4572 4602 4598 4581 4560 4630 4584 4568 4569 4604 4610 4601 4619 4629 4557 4566 4634 4627 4553 4615 4564 4609 4633 4599 4622 4603
72 4686 4706 4649 4660 4700 1212 3485 3412 3083 4670 2831 4680 1401 4664 4644 3871 4645 4698 4673 4683 4641 4679 4701 4655 4657 4678 1654 4667 4669 4697 4647 1360 4663 4672 442 4690 2475 4654 4668 4653 4684 4688 4675 1900 4705 4646 4699 962 4637 4652 2828 4691 4677 4704 4676 4665 443 1884 4687 4689 4693 4656 4696 4651 4671 4648 4666 4659 4695 4643
73 4738 4727 4713 4736 4719 4728 4735 4752 4717 4733 4750 4720 4729 4740 4718 4722 4709 4731 4708 4744 4746 4721 4732 2475 4383 1932 4734 4739 4742 4707 4725 3586 4751 4749 4714 4730 4748 4716 448 4712 4737
74 4784 4764 4778 4768 4831 4781 4822 1637 4802 4777 4772 4791 4782 4814 4755 4783 4808 4815 4790 4812 4832 4774 4824 4773 4804 4769 4775 4761 4801 4830 4811 4806 4754 4765 4829 4819 447 4823 4818 94 4767 4760 4809 4789 843 4810 4757 4817 4796 4792 4785 4759 4788 4813 4820 4816 4795 4798 4803 4786 4776 4766 4779 4771 4794 4826 4787 4770
75 4835 4838 4865 4855 4847 4844 4834 2475 4851 4839 4861 4862 4869 4863 4848 4867 4871 4870 4846 4858 1045 4845 4843 4866 4850 4837 4859 4852 4856 4857 4853 955 4836 4842 3379
76 4894 4908 4890 4917 4924 4903 4941 4873 4892 4886 4927 4884 4940 4928 4918 4387 4898 4916 4915 4920 4883 4939 4934 4901 4889 4942 4897 4885 4914 4906 4909 4891 4899 4877 4875 4838 4937 4921 4919 4929 4880 4893 4935 4911 4925 4904 4923 4879 4930 4910 4887 4913 4905 3987 4933 4902 4876 4907 4943
77 4955 4984 4964 4394 4945 4985 4954 4944 4981 4971 4973 4963 4793 4960 4951 4983 4974 4986 4988 4967 4953 4952 4978 4956 4959 4979 4970 4976 4977 4972 4961 4968 4950 4947 4975 4958 4989 4965 4982
78 5028 5055 5050 5029 4992 5061 5023 5044 5011 5034 5066 5015 5026 5035 5067 4999 5017 5051 5056 5045 5020 5053 5054 5021 4997 5046 5062 5014 5064 5036 4996 5042 5052 5005 5063 366 4993 5000 5027 5065 5003 5013 5010 5019 5049 5031 5058 5018 5012 4991 5024 4994 5025 5007 5057 5033 4995 5048 5002 5016 5038 4998 5001
79 5087 5134 5071 5129 5125 5138 5092 5117 5086 5140 5078 5100 5099 5073 5090 5102 5111 5122 5091 5115 5097 5075 5105 1552 5093 5094 5121 5137 5123 5088 5142 5072 5139 5070 5106 5096 5113 5118 5120 5112 5074 5082 5132 5116 5079 5081 5095 5131 5103 5135 5083 5076 5130 5101 5104 5119 5136 5089 5077 5124
80 5195 5210 5204 5154 5187 5205 5170 5146 5194 5183 5177 5206 5179 5176 5185 5173 5220 5171 5167 5212 5162 5201 5159 5153 5152 5160 5150 5151 5217 5166 5184 5211 5203 5178 5148 5221 5157 5209 5161 5158 5164 5213 5192 5182 5215 5208 5145 5196 5188 5189 5180 5202 5190 5175 5216 5193 5144 5214 5191 5181 5198 5168 5156 5200
81 5254 2204 5230 206 5234 5225 5248 5244 5222 5232 5231 5258 5240 5269 5227 5273 939 5228 5264 5229 5256 5252 5246 5241 5260 5259 5243 2213 5235 5245 5272 5226 5249 5265 5253 5268 5266 5271 5263 5239 5238 5267 5262 5242 5261 5250 5251
82 5313 5291 5275 5289 5307 5300 5305 5327 5336 5337 5309 5333 5308 5346 5290 5277 5326 5278 1732 5330 5288 5279 5347 5348 5322 5315 5314 5293 5324 5297 5281 5341 5310 5306 4387 461 5340 5287 5304 5335 5294 5282 5284 5331 5286 5285 446 5301 5338 5328 5318 2671 5316 264 238 5312 5323 5343 5345 5344 5283 466 5332 5325 5334 5342 5274 4258
83 5392 5384 5397 5368 5374 5351 5417 5390 5403 5393 5394 5376 5409 5413 2034 5365 5412 1909 5367 5402 5366 5416 5399 5406 5352 5380 5378 5370 5356 5408 5361 5386 5359 5410 5396 5363 5353 5395 5387 5414 5379 5373 5360 3678 5383 5415 926 5375 5354 5382 5372 5369 5398 5357 5391 5385 5404 5362 5407
84 5442 5419 5472 5458 5476 5475 5460 5436 5466 2475 5459 5462 5457 5450 5469 5483 5487 5430 5427 5447 5423 5424 5451 5479 5452 3653 5432 5480 5463 5441 5426 5471 5454 5443 5473 5477 5420 5422 5449 4597 5421 5482 5481 5465 5418 5488 5468 5478 5485 5486 5429 5470 5440 5428 5456 5444 5445 5453 5431 5434
85 596 5511 5490 5532 5518 5513 5501 5527 5491 5531 5538 5528 5504 5516 5521 5508 5496 5542 5524 5519 5503 5543 5522 5512 2475 5534 5505 5495 5497 5489 5526 5515 5507 5525 5537 5520 5536 3409 5517 5523 5535 5509 5541 5529 5530 5540 5539 5533
86 5607 5557 2357 5554 5617 5560 5599 5556 5569 5563 5584 5561 5570 4241 5611 5591 5594 174 5610 5582 5614 5600 5583 5576 5555 5573 5597 5589 5562 5590 5586 5566 5567 5551 5615 124 5574 5602 5601 408 5603 5572 5571 5564 5548 129 5616 1091 5596 5588 5593 5592 5565 5579 5605 191 5577 5559 5553 5550 5547 5604 5609 4964 1304 1751 5613 5581
87 5624 408 5670 5685 5678 5647 5676 5633 5646 5667 5621 5674 5679 5625 5650 5623 5672 5661 5639 479 445 5657 5689 5688 5644 5652 5645 5637 5656 4325 427 5651 5673 5622 5643 5660 5620 5640 5683 5653 5663 5638 5649 4650 5634 5658 5641 5684 5619 5626 5680 5682 5659 5669 5675 5630 5681 5635 5655 5664 5677 5662 2701 5632
88 5761 5703 5735 5726 5720 5706 5700 5750 5728 5701 5707 5751 5710 5734 5723 5719 5695 534 5693 5745 3864 5753 5755 5691 3341 5756 5744 5718 5741 5732 5712 5725 5746 5758 5702 5759 5705 5698 5715 5721 5722 5729 5727 5743 5757 5711 5752 5708 5749 5704 5742 5736 5714 5748 5730 5692 5694 5690 5762 5760
89 5822 5819 5816 5786 5780 5777 5827 5818 5766 5838 5803 5837 5813 5788 5737 5802 5769 5809 5808 5826 5830 5797 5820 5785 5811 5795 5829 5810 5763 5764 5833 5773 5784 5835 5781 5778 5806 5836 5792 5794 5776 5771 5800 5805 5831 5807 5812 5793 2316 2017 5817 2107 5775 5774 5815 5804 5825 5767 5814 5824 5791 5801 5834 5772
90 5855 243 5839 5845 5861 5712 5895 5865 5872 5841 5893 5874 5318 5870 5843 5867 5887 5873 5879 5892 5878 5858 5885 5856 5871 5866 5849 5853 4301 5894 5898 5889 5875 5897 5848 5883 5859 5847 5846 5868 5864 5863 5850 3097 5844 5882 5840 5890 5888 5891 5862 5854
91 5946 5933 3774 5928 5951 5908 5943 5909 5949 5917 5954 5923 4939 5966 5955 5942 5969 5958 5906 5935 5970 5929 5915 5938 5937 5901 5905 5927 5920 5910 5947 5967 5930 5907 5945 5919 5968 5912 3401 5931 5900 5962 5948 5918 5911 238 5963 5956 5953 5904 5921 836 495 5925 5944 5934 5959 5913 5899 5903 5971 5932 2521 5922 5123 5939 5936
92 6005 5975 6014 5972 6008 5997 5991 5992 5973 6015 6007 5996 6006 5986 5989 5995 5977 5990 6012 5987 6003 5976 6004 5998 5974 6000 5982 5994 5983 5985 6010 6001 5999 5978 6011 6013 5993
93 6048 6040 6020 6033 6047 6017 6046 6079 6067 6032 6039 6035 6054 6060 6090 6026 6036 6021 6085 6064 6029 6059 6077 6086 6070 6037 6065 6084 6091 6062 6050 6030 6052 6073 6082 6042 6053 6043 6078 6056 6034 6044 6093 6061 6069 6072 6075 6022 6088 6081 6041 6038 6083 6025 6087 6076 6027 6018 6028 6089 6031 6045 4129
94 6096 6154 6094 6147 6162 6100 6159 6123 6145 6116 6108 6129 6101 6156 6105 6136 6148 6141 6144 6120 6158 6125 6114 6113 6122 6150 6137 6132 6107 6118 6098 6149 6117 6142 6121 6103 6160 6106 6124 6140 6138 6110 6143 6112 6135 6151 6097 6131 6109 6152 6134 6139 6115 6095 6128
95 6203 6209 6219 6207 6216 6212 6173 6182 6165 6196 6190 6186 6194 6210 6195 6197 6205 6224 6171 94 6176 6185 6183 2468 6172 6202 6181 6189 6174 6218 6177 955 6193 6215 6220 4661 6223 6221 6166 6179 6214 6187 6188 6206 6199 6208 6163 6168 6222 6169 6180 6191 6170 6217
96 6278 6272 6277 6268 6293 6264 6281 6230 6232 5976 6245 6263 3493 6229 528 6289 1353 6295 6253 6266 6242 6287 6233 6238 6261 6291 6290 6240 6248 6269 6265 6285 6256 6246 6254 441 6259 6225 6243 6276 6247 6280 6286 6239 6284 6228 6270 6244 6262 6283 6294 6275 6241 6252 6273 6226 6257 6271 6292 6255 6227
97 6356 6315 6314 6298 6329 6347 6343 6338 6335 6358 6323 6309 6334 6369 6322 6313 6321 6296 6375 6308 6372 6324 6332 6330 6233 6344 6353 6357 6311 6299 6365 6350 6359 6364 6349 6361 6367 6337 3165 6342 6318 3389 6371 6341 3191 6327 6307 464 6328 6336 6373 2678 6340 6374 6302 6319 3379 6316 6345 6305 6362 6346 6310 6363 6368 4793 6366 6320 6352 6331 6312
98 6421 6430 6382 6399 6402 6429 6442 6384 6398 6404 6396 6380 6386 1697 6425 6440 6432 6431 1654 6406 6419 6415 6391 6424 6420 6388 6378 6400 6405 6403 6434 464 6441 6426 6381 1819 6412 6389 6428 6383 6411 6395 6423 6422 2486 6387 6438 6427 6393 6377 6392 6413 6437 2494 6417 6410 6418 6390 6433 6416
99 6474 6470 6445 6467 6449 6477 6465 6446 6461 6452 6451 6459 6455 6460 6466 6462 6463 6458 6472 6457 6453 6471 6476 6464 6456 6448
100 2975 6511 6548 6479 6521 6487 6524 6488 6526 6493 6512 6503 6495 6484 6540 6541 6539 3023 6501 6535 6504 5656 6543 6545 6536 6516 1903 6494 6508 6489 6520 6550 6532 6546 6505 6480 6502 6510 6531 6519 6549 6533 6486 6483 6537 6522 6498 6534 6544 6491 6525 6527 6478 6529 1664 6485 6523 6530 6547 6499 6538 6500 6492 6518
101 6558 6554 6555 6565 6572 6563 6560 6570 3828 6556 6564 6567 6553 6568 6557 6561 6566 6559 6562 6552
102 6587 6589 6592 6593 6588 6584 6581 6586 6582 6598 6579 6595 6594 6578 6583 6596 6580 6585 6576
103 6628 6638 6640 6630 6648 6600 6619 6606 6601 6612 6618 6604 6627 6613 6642 6649 6662 6658 6665 6656 6675 6659 6639 6668 6634 6643 6664 6602 6657 6647 6626 6676 6607 6651 6672 6678 6611 6653 6674 6631 6608 6625 6669 6636 6622 6605 6615 6603 6641 6609 6623 6671 6632 6644 6654 6645 6637 6666 6673 6617 6660 6661 4025 6670
104 6730 6682 6700 6684 6681 1643 6698 6687 6710 6722 6739 6699 6691 6683 6718 6704 6695 6737 6721 6729 6690 6720 6728 6702 6680 6724 6714 6734 6692 1124 6693 6697 6731 1971 6723 6717 6703 6725 6727 6735 6726 6712 6740 6701 6715 6679 6688 6685 6694 6736 6732 6689
105 6766 6758 6753 6788 6769 6793 6774 6790 6741 6684 902 6743 6771 6768 6759 6770 6787 6785 6747 6780 6775 6783 6772 6784 6763 6765 6795 6796 6751 4721 6761 6767 6776 6752 6798 6742 6760 6778 6762 6782 2513 6755 6757 6745 6777 6754 6750 6756 6749 6744
106 6828 6805 6809 2884 6816 6829 6820 1814 6804 6803 6826 6810 6801 6824 6813 6819 6802 6827 6811 6815 6821 6814 6812 6823 6822
107 6839 6832 6845 6865 6859 6860 6853 4154 6831 6851 6846 6842 6849 4224 6835 6848 6852 6836 6843 2754 6837 6861 6864 6830 6841 6847 6838 6850 6854 6856 6857 4223
108 6922 6928 6887 6916 6937 6879 6883 6940 3479 6867 6930 6876 6888 6893 6923 6938 6900 6919 6911 6878 6921 6907 6890 6868 6942 6872 6909 4721 6880 6903 6914 6885 6910 6915 6908 6936 6881 6870 6874 6894 772 6924 6932 6891 6898 6896 6877 6892 6917 6884 6931 6901 6882 6934 6889 6926 6899 6939 6871 6906 6902 6904 6886 6866
109 6957 6978 6948 1628 6981 6951 6968 6982 6990 6966 6986 6949 6961 2974 6956 6991 6974 6958 6947 6965 6946 6960 6983 6989 6993 6963 6955 6976 6952 6979 6972 6971 6984 6962 6969 6992 6973 6980 6970 6944 6964 6987 6959
110 7008 7025 6995 7014 3125 7015 7018 766 1370 7004 7009 1385 7021 7002 7019 7022 6998 7024 1605 6997 6996 7007 7020 1593 7016 7011 6999 7003 7006 7026 7000
111 2015 7064 7078 7091 5632 7041 7047 7035 7036 7067 7043 7029 7051 7065 7059 7072 7046 7081 7086 7053 7088 7060 7076 7037 7062 7033 7048 7097 7094 3911 7039 7042 7068 6221 7089 7040 7066 7075 7069 7063 7087 5932 7071 7044 7056 7090 7038 7032 7085 7084 7034 7050 7093 7058 7055 7077 7070 7074 3718 7073 5808 7031 7080 7092
112 7129 7134 7106 7105 7109 7120 7110 7119 7104 7140 3108 7117 7101 7121 7114 2475 7116 7122 7130 5632 7136 7100 7124 7103 7107 7135 7108 7128 7137 7111 7138 7125 7139 7131 7123 7127 2470 7102 5226
113 7165 7154 7172 7161 7141 7181 7191 7197 7164 7193 7199 7149 7177 7169 7142 7150 7168 7185 7167 7145 7158 7187 7171 7179 7198 7146 7196 7192 7156 7184 1654 7148 7143 7151 7194 7189 7180 7012 7162 7178 7186 7157 7144 7160 7170 7188 7166 7195 7163 7190 7176
114 1382 5717 7275 7201 7214 7242 7218 7224 544 7226 7202 7254 3871 7239 7222 7250 1883 7264 7236 7210 7233 7258 7266 7243 7273 7251 7207 7228 7262 7211 7253 7217 7276 7259 2497 7277 7267 7260 5323 7241 7208 7221 7238 3023 7249 7230 7240 7261 7203 7216 7268 7227 4260 6500 7235 7246 7215 7272 7212 7274 7248 7244 7252 7223 7247 7204 4131 7229 7213 7220 7256 6522
115 7301 7319 7297 7310 4876 7298 7288 7305 7294 7282 2957 7300 7306 7293 7287 7283 7312 7321 7303 7296 7320 7290 7292 7308 7313 7281 7280 7309 7289 7299 7304 414 7302 3504 7279 7284 7318 3059 7285 7311
116 5366 7370 7330 7381 7384 3468 7358 7328 1218 7353 7331 7383 7355 3083 7347 7373 7327 7348 7363 3134 7324 412 7344 7343 874 7340 7226 7377 7341 7364 7325 7374 7368 7323 7354 1917 4360 7338 7357 7350 7365 7336 2828 7356 195 2487 757 7371 7346 7352 7366 7326 6995 7367 7349 7361 7334 7359 7378 7375 7380 7376 7362 7379
117 7404 7390 7403 7391 7400 7388 7401 7389 7397 7395 7398 7399 7392 7405 7402 7386
118 7413 7411 5458 7444 7434 7447 7440 7467 7436 7453 7451 7441 7439 7468 7429 7406 7445 7449 7435 7418 7430 7417 7412 7448 7456 7443 7457 7462 1217 7465 7455 7431 7437 7466 6946 7408 7464 7446 7452 7454 7426 7416 4360 7427 7409 7460 7410 7428 7433 7458 7425 7442 1186 7459 7419 7420 7432
119 7522 7503 7500 7520 7528 7483 7529 7516 7517 7478 7510 7477 7509 7491 7487 7472 7502 7480 7527 7470 7486 7492 7540 7513 7512 7471 7489 7505 7533 7355 7524 7537 7531 7539 7498 7506 7496 7532 7514 7490 7474 7538 7475 7508 7488 7499 1792 7534 7495 7526 7482 7484 3345 7525 7536 7530 7518 7519 7507 7511
120 7558 7582 7586 7585 7546 7576 7571 7562 7575 7572 7564 7570 7604 7602 7589 7584 7587 7548 7560 7591 7573 7565 7542 7554 7588 7610 7553 1215 7577 7556 7603 7611 3800 7590 7605 7612 7550 7568 7595 7600 7044 7583 7574 7597 7609 7596 7607 108 7544 7569 7552 7559 7593 7599 7563 7557 7608 7555 7579 7594
121 7653 7648 7638 7658 7618 4561 7666 7656 7640 7649 7655 7627 7614 7662 7646 7667 7639 7660 7613 7616 7625 7661 7622 7647 7644 7659 7657 7636 7650 7630 7633 7632 7507 7621 7664 7635 7620 7619 7626 7654 7641 7645 7623 7663 7624
122 7681 7699 7678 7688 7693 7668 7698 7696 7697 7680 7689 7684 7683 7701 7685 7675 1637 7674 7691 7677 7672 7673 7408 7690 7686 7679 7687 7692 7670 2474
123 7728 7750 7773 7753 7760 7758 4387 7739 7729 7745 7730 5290 7748 7717 4346 7747 7726 7705 7736 7770 7718 7742 7714 5254 7746 7702 7731 7751 7772 7740 7709 7737 7125 3096 7711 7749 7716 7768 2701 7764 7757 269 7727 7741 7710 6430 7744 7092 7769 7721 7766 7722 7759 7765 7775 7761 7719 3911 7771 7743 7725 7724 7733 7762 7754 7767 7752 7723 7774 7720 7703 7704
124 7822 7820 3586 7808 7859 7802 7844 7778 7797 7796 7853 7850 7786 7788 7833 7806 7847 5683 7838 7827 7811 7849 7819 7776 7783 7842 7835 7800 7823 7779 7836 7831 7790 7852 7784 6719 7782 7081 7812 7792 7777 5284 7793 7855 7805 7817 7846 7787 7781 7834 7840 7789 7830 7814 7828 7795 7857 7856 7845 7807 7441 7798 7785 7824 7810 7801 7837 7825 7804 7803 7839 7780 7791
125 7920 7918 7889 7921 4194 7867 7863 7861 7877 7883 7900 7887 7893 7905 7884 3266 145 7891 7878 7922 7914 7911 7907 7919 7871 7908 7923 7864 7904 7875 7874 7862 7912 7873 7913 7897 7886 7892 7902 7872 7882 7894 7895 7903 7916 7876 7901 7879 7890 7865 7888 7917 7885 7869 7915 7899
126 7944 7952 7928 7943 7957 7934 7959 7980 7933 7932 7931 7968 7940 7953 7950 7937 7961 7955 7941 7880 7977 7984 7974 7979 7963 7986 7985 7967 7951 7938 7958 7964 7981 1091 7983 7945 7976 7948 7969 7929 7936 7973 7924 7949 7978 7962 2325 7947 7926 7975 7946 7966 7971 7982
127 8047 8015 8013 7994 8023 8012 3537 5332 4487 8016 7989 8000 8041 7996 8007 8028 7998 8042 7987 1438 8029 8050 8035 8034 8046 8011 8004 8001 2057 6821 8040 8017 8026 8002 7992 8024 5559 8038 8021 8027 8008 8010 8018 7999 8022 8025 8031 7990 8032 7995 8043 8014 8003 8045 8049 8006 8036
128 8098 8091 8093 8103 8095 8106 8060 8056 8059 8088 8114 8076 8080 8055 8104 8071 8070 8089 8057 8109 8079 8073 8101 843 8066 8125 8100 8063 8052 8112 8082 8094 8075 8113 8123 8087 8110 8116 8084 8108 8118 8121 8105 8119 4025 8099 4775 8092 4754 4757 8081 8126 8090 8062 8053 8061 8077 5232 8058 8064 8078 8068 8072 8067
129 8182 8144 8168 8148 8169 8170 2316 8150 8177 4513 8130 8180 8140 8167 8135 8178 8183 8141 8161 2317 2362 8047 3540 8151 8155 8143 8145 8142 8147 8138 8131 8174 8163 8185 8128 8179 8171 8153 8134 8129 4195 8158 8146 4244 8181 8127 5549 8176 8137 8173 8172 8152 8184 8157 8136
130 8192 8213 8190 8197 8205 8214 8198 8212 8189 8194 8211 8200 8204 8187 8191 8193 8208 8210 8206 8188 8203 8196 8202
131 8223 8244 8217 8241 8229 8232 8237 8243 8236 8222 8225 8234 8215 8221 8226 8242 8216 8233 8240 8238 8224 8228 8220 8227
132 8259 5232 4771 7213 8266 8250 8284 8274 8291 8277 8285 8287 8251 1637 8280 8273 8271 1672 8263 8276 8264 8247 8262 8254 412 8256 8279 8248 7152 8292 4772 8257 8252 8286 8265 8260 193 8289 8268 8249 8258 8255 8267 8253 8290 8278 8272 8275 8261 3653 8246 8281
133 8297 8296 8299 8301 8300 8294 8295 8298
134 8349 8368 8305 8355 8343 8325 8346 8332 8320 8388 8350 8329 8382 8347 8319 8342 8370 8333 8314 8330 8304 8378 8371 8338 8345 8348 8337 8335 8372 8327 8369 8376 8336 8356 8307 8366 8381 8331 8354 8362 8317 8340 8352 8328 8341 8309 8316 8374 8384 8365 8306 8321 8380 8358 8367 8387 8351 8364 8386 8312 8311 8375 8322 8373 8359 8363 8344 8315
135 8440 8408 8415 8424 8428 8414 6691 8390 8433 8413 1697 8423 8419 8399 8391 406 8401 8434 4418 6210 243 3067 8447 8394 8405 8439 907 8404 8427 1429 8437 8412 8438 8406 8417 8398 8397 8389 2060 8432 8407 8446 8402 8448 8392 8435 8445 8418 8442 8444 8441 8411 8436 8396 8449 8420 8421 8393 7052 7632 2866 8416 5388 8403 8429
136 8461 8453 8464 8452 8456 8450 8463 8455 8451 8457 8459 8465
137 8470 8481 8468 8479 8482 8484 8467 8471 8472 8475 8473 8480 8478 8476 8469
138 8462 8488 8498 8490 8489 8497 8493 8495 8464 8494 8496 8491 8499
139 8546 8510 8561 8522 8501 8520 8507 8576 8514 8540 8512 8568 8529 8551 8564 8548 8560 8513 7554 8502 8555 8566 8509 8521 8518 8517 8525 8545 8542 8503 8516 8539 8550 8570 8530 8572 8569 8508 8578 8541 8563 8534 8544 8538 8504 8506 8531 8547 8532 8528 8511 8533 8559 8565 8554 1693 8553 8524 8537 8571 8577 8549 8557 8535
140 4873 8622 8629 8586 8624 8134 8589 8590 8597 5232 6210 1660 8603 8600 8617 8611 8594 907 8613 8585 8620 8601 8587 8623 3403 8606 7595 8588 1998 1352 8630 8595 8579 8609 8596 8608 8607 8598 8610 6308 8582 8581 8602 8615 8612 6503 8591 8628 8605 8308 8592 8626 8627
141 8641 8637 8645 8695 8655 8644 8652 8681 8640 8683 8658 4799 8649 8664 4790 8685 8631 8690 8634 8693 8633 8639 8661 8673 8651 8692 8635 8660 8680 8669 8638 8696 1654 8657 8686 8654 8668 8636 3383 8643 8646 8647 8666 8506 8670 8642 8667 8663 8675 8694 8648 8665 8687 8697 8689 8653 8656 8684 3806 8678
142 8726 8704 8757 8765 8706 7459 8754 8752 8729 8746 8760 8764 8703 8769 8733 8768 7507 8774 8750 8705 8749 8758 8713 8709 8725 8742 8702 8731 8728 8756 8773 8732 8762 8708 8737 8759 8738 8710 8719 8721 8743 8761 8744 8698 8767 8771 8717 8727 8700 8736 8730 8755 8723 8707 1884 8722 4418 5729 8763 7792 7074 8747 8701 8770 8748 7339 8734 3067 4479 8712 8772 8753 4283
143 8818 8838 8828 8779 8800 8802 8841 8812 8806 8821 8845 8808 8795 8822 3335 8829 8777 8840 8809 8780 8843 8826 2831 8703 8807 8798 8785 8784 3123 371 8835 8816 8823 8787 5867 8801 8839 8836 7553 8776 8804 4529 8820 8803 8811 8786 8788 8781 3108 6430 8782 8796 8789 8844 8792 8778 8848 8799 8827 8847 8797 8825 8846 2794 2726 8817 8775 8805 8790 1707 8842 766
144 8909 8876 8852 8902 8866 8865 8900 8911 8855 8856 8906 8891 8880 8885 6406 8888 8882 8877 8875 8914 8703 8904 8917 8892 8879 8899 8916 8919 8887 8858 8864 8918 8874 8851 8910 8895 8850 8853 8903 8920 8870 8881 8860 7219 8913 8867 8869 8886 8854 8905 8894 8897 8883 8863 8915 8912 8861 8871 8889 8849 8872
145 8928 8703 8972 8960 8952 8954 8976 8929 8934 8932 192 8977 8956 8955 8933 8975 8942 2527 8941 8958 8931 8940 8938 8949 8924 8930 8969 5696 8922 8621 8951 2286 8937 8939 8945 1920 8418 8926 8971 8925 8961 8965 8921 8923 8957 8948 8966 8963 8970 8935 8967 8950
146 9014 8995 9011 8994 9003 9021 9001 9019 9020 9025 9012 9022 9013 9010 9024 9015 8983 9030 8984 9028 9027 9016 8980 8991 9009 8979 9023 8996 9005 9006 8993 9017 8990 8988 9031 8999 8982 9000 8998 8981 8992 8986 8978 9032
147 5774 9099 9092 9077 223 9098 9086 9055 7057 9069 9096 9050 3388 9103 9079 9088 9036 9044 9049 9047 9097 9060 9072 9082 9051 9087 9041 9093 7267 9101 9048 7701 9064 9035 9091 9089 9065 9075 9033 9076 9063 9045 9067 9095 9040 9059 9078 9042 9071 232 9061 9052 5366 5904 9094 9058 9068 9057 9034 9074 4613 9080 9102 3430 221 9066 9043 9084 9037 9062
148 94 9123 9111 9143 9116 9118 9135 9142 9125 9107 9124 9141 9132 9137 9131 9127 9121 9120 6494 9113 9117 9104 9140 9129 9136 9105 9138 9144 6489 6543 9147 4793 9146 9108 9139 9133 9114 9115 9134 9109 9110
149 9163 9196 9157 9181 9187 9192 9161 9156 9160 9189 9164 9179 9170 9167 9175 9149 9155 9152 9184 9180 9195 9193 9153 9173 9194 9151 9174 9150 9162 9165 9191 9171 9188 9169 9166 9154 9176 9182
150 7339 9229 9239 9225 9202 9216 9247 9211 9198 9215 9235 9253 2904 9246 9241 9206 9200 1792 9212 9230 9224 9201 9209 9234 9129 9205 9240 9245 9207 9252 9197 9223 9226 9242 9254 1915 9244 9243 9237 9248 9228 9236 9221 9204 9203 9250 9219 9210 9199 9227 9218 9213
151 9257 9265 1235 9303 9284 9315 9260 9281 9288 272 9261 9256 9289 8762 9292 4128 9307 9305 9282 9269 9302 9323 9294 9321 9255 9314 9313 9280 9320 9279 9264 9275 9318 9295 9291 9304 9306 9322 9327 9325 9329 8617 9301 9290 9300 9296 9287 9308 9293 9316 9266 9270 9324 9286 9273 9276 9328 9272 2866 9319 9267 6110 9258 9298 9312 9283 9297 9259
152 9366 9348 9372 9355 9361 6232 9374 9334 1726 9363 9350 9351 3894 9367 9333 9356 907 9371 9379 2527 9335 9347 9344 9354 9349 9362 9343 9365 7718 9378 9331 9368 9377 9352 9373 9341 9336 9345 9370 9360 9358 9339 9359 9338 9346 3665 9375 9337
153 9418 9434 9412 9390 9427 9414 9381 9417 9400 9387 9409 9408 9429 9389 9394 9402 9426 9404 9410 9393 9431 9384 9433 9423 2828 9391 9392 9399 9425 9386 9422 9405 9407 9421 9424 9388 9419 9397 9403 9382 9420 2506 9401 9413 9383
154 8407 9449 9472 9437 9452 9487 9444 9491 9486 9457 9453 8717 9474 9481 9460 9438 9463 264 9490 9461 9465 9447 9495 9485 9467 9497 7500 9454 9458 9488 9462 9478 9446 9493 3022 9440 9476 193 9466 5306 9455 9459 9479 3023 9450 9475 5674 9468 9436 9473 9441 9464 9471 9469 9477 9448 9480 9443 3429 4393
155 9510 9550 9546 4529 9519 9545 9527 3341 9507 9564 9524 9558 9536 4092 9514 9515 9499 9512 9534 9531 9532 9543 9502 9537 9566 9505 9567 9563 9506 9549 9569 9535 9561 9528 9541 9509 9517 9542 9575 9538 4033 9498 9574 9508 9547 9520 9562 9504 9518 9557 9526 9511 9539 9560 9500 9573 9568 9522 9521 9556 9530 9571 9565 9525 9559 9503 9554
156 9596 9607 9584 9615 9578 9590 9620 9594 9591 9579 9627 9614 9601 9503 9610 9617 9599 9580 9577 3800 9583 9603 3828 9609 9618 9611 9587 9602 9619 9592 9606 99 9585 9625 8518 9622 9586 9582 9588 9595 9600 9589 9581 9624 9621
157 9668 9657 9649 9644 9679 9693 9671 9666 9670 9675 9686 9680 3157 6662 9684 9650 9633 9638 9651 3472 9639 9681 9678 9676 9673 3468 9646 2813 9692 9665 3097 9690 9677 9689 9691 9659 9654 9628 9642 9658 9643 9661 5932 9631 9682 9648 9683 9662 9655 9632 9503 9636 9647 9634 9688 9653 9645 9629 9669 9664 3153 2533
158 9732 9708 9737 9703 9734 9724 9712 9740 9719 9709 9723 3389 9701 902 283 3579 9714 9705 9698 9707 9711 9720 9702 9729 9704 9717 2702 9699 9733 9716 9736 9694 9721 9713 9722 9726 6308 9725 9730 9695 9697 9735 1660 9738
159 9766 9784 9773 9749 9756 9771 2184 9753 9752 9765 3211 9776 9770 9777 9769 9745 9788 9763 9757 9741 9782 9781 9746 9754 9774 9775 9761 9783 9759 9768 7549 9760 9758 9751 1081 9747 9762 9772 9748 9767 9764 9779
160 9794 9844 9795 9838 9792 9789 9824 7327 9811 4852 9808 9837 9843 8978 597 9790 9831 7721 9849 9802 9820 9799 8710 4263 9841 9801 9835 9805 9814 6361 9827 3468 9809 8407 9834 9822 9793 9832 9842 9813 9846 9845 9797 9836 9826 1903 9800 9821 9851 9830 9819 9839 9803 6211 9798 1932 9825 9806 9818 2829 1741 9816 9807 9823
161 9859 9870 9860 9853 2751 9856 9865 9858 9855 9868 9857 9869 9871 9867 9854 9864 9863 9872
162 9882 6852 9873 2754 9885 9879 9877 9875 9883 9878 9884 9880 9876 9874
163 9892 9887 9890 9902 9886 9896 9919 9916 9899 9925 9895 9900 9908 9915 9894 9910 9921 9904 9905 9897 9924 9893 9903 8284 9913 9923 8061 9909 9911 1610 9917 9926 9914 9918 9898 2553 9920
164 9981 1915 9943 9939 9986 9979 9950 9933 9934 9948 9980 9953 9937 9955 9970 9969 9984 1217 9972 9927 9987 9964 9936 9973 4194 9967 9999 9996 9968 9941 9975 9978 9983 9932 9985 9982 9976 9977 9989 9992 9991 9961 9957 9935 9965 9988 5729 9946 9963 9959 9995 8904 9974 7429 9947 9971 9945 9960 9944 9949 9942 2592 9929 9930 9952 9951
165 4041 10078 10035 10042 10020 10066 10028 10082 10053 10008 5238 10010 10025 10056 10080 8069 10059 10002 10012 10047 10031 10022 10050 7802 10065 10073 10060 10030 10006 10023 10019 10068 8392 10070 10033 10009 10024 10045 10037 10034 10041 10076 10071 10029 10015 10003 10017 10043 10007 10067 10032 10039 10013 10064 10079 10016 10027 10069 10063 10055 10051 10081 10046 10054 10048 10004 10005 10077 10052 10011
166 10118 10152 10131 10089 9208 10129 10140 10146 7501 10113 10145 10155 10094 10108 10086 10090 10161 10102 10138 10133 10124 9137 10109 10100 10137 10097 10153 10135 10156 10114 10115 10099 1719 10096 7553 10105 10142 10106 10098 10104 10154 10107 10120 10112 10087 10128 8449 10085 10147 2727 10132 10160 10111 10110 10123 10159 10116 10141 10088 10157 10095 10117 10091 1751 10149 10143 10144 10158 10136 10093
167 10238 10237 10221 7853 10229 9991 10164 10171 10183 10235 10176 10218 10225 10194 10174 10228 10201 10205 8230 10217 10206 10189 10234 10216 10162 10178 10185 10236 10180 10232 8814 10209 10219 10224 10223 10197 10192 6349 10208 10166 8960 10222 10211 10191 10187 467 10184 10188 10210 10231 10198 10226 10200 10175 10207 10195 10204 10220 10182 10167 7406 10214 10186 10173 10190 10179 10165 10169
168 10293 10256 8890 10298 10240 10286 10313 10284 10308 10244 10278 10254 10245 10295 10302 10270 10251 10316 10315 10303 10246 10305 10248 10276 10252 10272 10292 10262 10274 10268 10283 10273 10258 10282 10291 10247 10287 10277 10289 930 10271 10279 10261 10310 10319 10281 10269 10280 10250 10306 10241 10311 10290 10288 10249 10264 10259 10239 10304 10297 10312 10265 10260 10301 10318 10296 10314
169 10377 10356 10351 10342 6300 10352 10338 10357 10354 10329 10320 10331 10347 10334 10333 1932 10361 8706 10353 10373 10336 10322 10326 10346 10345 10337 5903 10378 10366 10376 10360 10332 10323 10327 10350 10339 10364 10358 10341 3500 10343 585 10371 10369 10321 10375 10372 6578 10330 10367 10374 10368 10325
170 10411 10433 3201 10401 10403 10379 2279 10424 10386 10380 6357 10430 10440 10381 10391 10394 10399 10392 6393 10434 10387 8895 10407 10422 1664 10441 232 10425 10417 10439 5759 10429 10388 10427 10402 10412 10384 10432 10146 10398 10413 7052 10393 257 10414 10436 10397 7724 10418 3294 10420 8727 10438 10421 8748 10428 8736 10416 10431 10435 10404 10395 10423 1429 10426 10406
171 7768 10449 10454 10462 10464 10490 5290 10457 2219 10509 10469 10467 10518 7433 10500 10470 10461 10009 10516 10499 10507 10443 10483 10478 10450 10448 10466 10519 10485 10446 10508 10465 10447 10494 10495 10497 10475 10455 10458 10515 10520 10522 6547 10512 10452 10486 10476 10444 10477 10506 10487 10511 10517 10513 10482 10521 10459 10492 10472 10471 10480 10463 10501 10468 10456 10514 6430 10503 10479 3911 10484 10498
172 2971 10550 10558 10542 10563 10526 10536 7406 10523 10537 10525 10560 10562 7365 10574 10552 10544 5783 10530 10555 2527 10534 10559 10532 10529 10561 10580 10572 10551 10573 10548 10576 10535 10545 10549 10579 10546 10524 10578 10575 10540 10533 10567 5366 10547 10527 10543 10557 10528 10556 10569 10531 10564
173 10594 10598 10604 10615 10605 10593 10603 10592 10582 10606 10609 10616 7012 10588 10622 3189 10581 3987 10595 10596 10602 10621 10597 10613 10607 10589 10583 10584 10600 10620 10627 10611 10623 10619 5696 10625 10624 10586 10626 10590 7240
174 10489 10662 10687 10674 10651 10631 10637 10678 10675 7765 10680 10658 10643 10663 10636 10652 10635 10670 10666 10655 3987 10668 10661 10685 10679 10634 6207 5633 10646 10648 10676 10649 10690 10629 10684 8417 2054 10689 10638 10677 10630 10691 10656 10639 10667 10672 10645 5729 10633 10659 10688 10641 10673 10628 4529 10654 10671 10692 10681 10650 10640 10642
175 10711 10726 4521 10710 10739 2494 10740 10734 10714 10724 10725 1747 10738 10755 10716 10715 10757 10758 10721 10718 10749 10744 10697 10712 9490 10756 10702 10729 10736 5715 4870 10737 10695 10723 10730 10694 10754 8448 8705 10750 10696 10728 10747 10753 10745 6172 10742 10746 10751 10719 10717 10704 10700 10720 10713 10727 10706 10752 8802 10741 10743 10722 10709 10748
176 10801 10772 10774 10769 10761 10794 10763 10785 10762 10770 1966 10778 10789 10800 10788 10780 10776 10798 10773 10791 10781 10767 10797 10783 10787 10768 10775 10766 10795 10793 10779 10777 10790 10796
177 10844 10828 10833 10802 3360 10853 10838 10805 10817 10849 10841 10840 997 10857 10851 10826 10819 988 10808 10821 10823 10806 10854 10842 10812 10850 10818 10843 10811 10822 10807 10855 4793 10848 10839 10813 10815 10830 10834 10820 10803 10845 10856 10809 4150 10816 10814 10824 94 10846 10835
178 10878 10869 10910 10863 8292 10858 10886 10907 10930 10894 10912 10880 10921 10917 10861 10900 10885 10919 10928 4263 10874 10926 10923 3861 10896 10909 10877 10904 10889 10931 10873 10892 2866 219 10895 10860 10870 10866 10879 7092 10897 10891 10871 10916 10913 10915 10868 10865 10876 10918 10864 10927 10893 10867 10925 10905 10932 10890 10903 10901 10929 10902 10881 6504 8977 10914 10908 10888 5729
179 10948 10934 10940 10942 10957 10935 10959 10946 10955 10941 10958 10944 10943 10951 10953 10933 10945 10952 10938 10936 10950 10937
180 10970 11028 10985 6928 10976 11027 10961 10999 9449 11007 11021 5696 10386 11012 7734 11002 11025 10964 11018 10996 10962 2527 11000 10981 10984 10995 11013 11014 10965 10971 11020 10963 11010 8400 10974 11009 10967 11017 11001 10489 10990 10972 10994 10983 10988 11026 11016 10973 10980 10993 10968 10982 8407 11008 10979 4236 7079 11023 192 10978 4288 10997 10989 10966 11005
181 11035 11065 11049 11050 11062 2026 11063 11073 6866 11071 11079 11068 11075 11078 11094 11096 11053 424 11054 11086 11066 11055 11090 4682 11061 3882 11038 1374 11058 11046 11040 11088 11043 11041 11032 11048 449 11067 11074 6995 11091 11037 8710 11030 11057 11095 396 11070 11080 11052 11092 11029 11089 11064 11077 11056 11084 11060 11082 11081 1357 11072 11098 11087 11036 11044
182 10182 11103 11115 11128 11106 11117 11124 11122 11132 11118 11129 11125 11105 11136 11111 11130 4875 11119 11134 11112 10192 11135 11123 11116 2777 11133 7151 11120 1915 11113 11104 11110 3440 11099 1186 11100 11101 11114
183 11188 11201 11147 11162 11193 8788 11184 1224 11166 11145 11169 11175 5071 11196 11190 11172 11183 11182 11148 11176 11200 11159 10138 11142 11138 11177 11161 11204 11189 11186 11203 6169 11164 11181 784 11154 11156 11185 11157 11144 6631 11143 11155 6542 11170 3479 11158 11202 11150 11195 11141 11139 11146 11187 11199 11179 11140 11151 11165 11168 11197 11171 11137 11149
184 11232 11252 11209 5115 1160 11261 6260 11242 4873 11213 11218 11238 11268 11233 11267 11220 11246 11250 11224 11244 11231 11216 11266 11207 11212 11264 11206 11215 9699 11241 11226 11235 11262 11210 11237 11243 7244 11249 11221 11236 11227 11228 11255 11247 11240 2522 11256 11211 352 11208 8904 11239 11248 11257 7499 11251 11229 11260 11269 11263 11253 11219 11259 11265
185 11315 11321 11322 11314 11270 11294 11274 11336 11318 11309 11296 11285 11337 11312 11286 11277 11328 11295 11339 11306 11275 11319 11271 11301 11288 11289 11299 11327 4962 11303 11332 11300 11297 11287 11280 11291 11326 11310 11279 11307 11317 11284 11335 11338 11293 11278 11333 11324 11316 11311 11302 11308 11323 11276 11313 11325 9971
186 85 11382 11381 11371 11353 11358 11355 11356 3844 11372 11357 100 11360 96 11345 11352 11343 11361 11351 94 11362 11340 11365 11369 11373 8652 11370 11350 114 11349 102 11346 11344 11383 11342 11364 11359 11341 98 11378 11367 11380 11374 11368 8662 4946 11379 11347
187 11413 11418 11412 11399 11388 11391 11397 11409 11394 836 11408 11387 11416 1186 11407 11384 11414 11390 11403 11385 11386 11410 11417 11398 11406 11400 11396 11395 11389
188 11436 11442 880 11452 11455 11432 11470 11472 11449 11467 11434 11457 11440 11431 11420 11459 11419 11456 11463 11466 1865 11426 11465 11435 11464 11453 11458 11473 11428 11462 11437 11445 11443 11446 11451 11427 11430 11433 11469 11461 11424 11423 11468 11471 11438 11425 11450
189 11478 11530 11504 11502 11517 11485 11506 5169 11475 5156 11519 11527 11514 11497 11531 11492 11507 11489 11476 11493 5165 11505 11496 11488 11532 11491 11513 11524 5168 11528 11525 11508 11500 11477 11501 5166 11515 11509 11494 8107 5172 5162 11526 11533 11481 11511 11483 11484 11512 11490 11518 5163 11520 11499 5160 5178
190 11593 11542 997 11563 11586 11596 11573 11572 11591 11535 11538 11601 11564 11552 11588 11599 11554 11582 11577 4486 11558 11549 11583 11579 10813 11550 11551 11557 11590 11568 11570 11537 3935 4362 11561 11569 11589 11581 11560 11534 11574 11592 11544 11539 11595 11597 11541 11548 4200 11547 8273 11585 11553 11540 11565 11546 11576 9992 11602 11566 11545 11559 11556 11562
191 11634 11640 11618 11650 7057 11612 11655 11607 11606 11616 11628 11608 11657 11631 11613 11632 11626 11641 11609 11615 11617 11619 11636 11622 11639 11656 11651 11630 11604 11652 11647 134 11648 11638 11643 11662 3544 11614 11633 11637 11610 11642 152 4002 6819 11654 11644 11653 11611 11661 11621 11605 11660 11629 11623
192 11700 5844 11694 11704 4360 11731 11671 7835 11718 11695 11672 11690 10007 11684 11727 11715 4439 11697 11669 11693 11674 11705 2828 11680 11712 11665 11675 11676 11722 6623 11721 11699 11663 11726 11664 11678 2527 11687 11729 11681 11730 11716 11673 11689 11682 11734 11683 11719 11670 11723 11686 11703 11667 11720 9093 8322 11733 11724 11709 11701 11688 11707 11702 11725 11732 11666
193 11759 11740 11478 11796 11802 5155 11776 11768 11800 11754 11482 11791 11764 11765 11761 11757 11798 11793 11741 11479 11746 11750 11766 11767 11787 11758 11476 11792 11794 11743 4757 11774 11790 11739 11738 11760 11769 11801 11748 11780 4791 11744 11786 11751 11752 11785 11772 11771 8107 11770 11781 11747 11497 11753 11795 11763 11762 11755 11736 11749 11745 11789
194 11871 11806 11838 11839 11872 11845 11849 11830 11828 11827 11858 11833 11854 11817 11870 11852 11869 11815 11856 11836 11868 3265 11820 11803 11848 11853 11851 2967 11857 11867 4236 11831 11862 6210 11832 11835 11855 116 11807 11811 7353 11840 11864 757 11847 11865 7889 11859 11866 11824 2555 11808 11822 11812 11829 11818 11805 11861 11842 11843 11834 11863 11810 11826
195 11885 8699 9201 11929 11935 1883 10085 11920 11880 11919 11918 11938 11934 11875 11933 11926 11895 11932 11910 11878 4682 11888 11914 11900 11928 11882 11908 11907 11916 11898 11892 11893 11876 11874 11917 11911 11873 11899 440 1217 116 11915 11922 1387 11904 11883 11937 3430 11921 11886 11912 2563 11913 11939 11891 11877 11897 11923 11901 11903 11925 9930 8070 11906 1881 11890 11909 11927
196 11943 11956 12001 11974 11989 11971 11993 11972 11955 11515 11529 11975 11981 11973 11947 11982 11996 11979 11965 11940 11953 11966 11954 11946 11968 11941 11976 11790 11958 11951 11986 11991 11962 11992 11964 11952 11999 11969 12000 11960 11988 11959 11983 11948 11970 11998 11977 11528 11984 11990 11967 11987 11942
197 12003 12036 12028 12033 12035 12029 238 12037 12006 12008 12011 12042 12027 12051 555 12024 12007 12018 12026 12032 12046 12025 12021 12014 12044 12023 12016 12045 12038 12009 12031 12002 12041 12019 12017 12013 12034 12043 12039 12004 6729 12020 12005
198 5894 12116 12078 12108 10135 12114 12054 12112 12071 12102 12053 12058 12109 12101 12066 12080 12089 12103 12104 12125 12062 12065 12111 12085 12094 12123 12077 12064 12073 10178 12126 12067 12084 12098 12055 12113 12092 12091 12069 12124 12074 12063 12052 12060 12076 12115 12096 12079 12061 12072 12088 12081 3892 12086 12095 12056 12117 10725 12122 12119 12120 12105 12118 2230 12090 12107 12082
199 12127 12163 12194 7219 12166 12145 12170 12056 12164 12136 12182 12143 12130 12152 12140 12160 12151 12173 12153 12154 12184 12137 12176 12150 12129 12138 12193 12189 12144 12179 8284 12162 12159 12169 12192 12165 12139 12149 12171 12161 12131 12185 12180 12181 12174 12157 7336 12190 12135 12146 12178 12175 3586 12167 12172 12186 12142 12183
200 12173 12175 12162 12215 12143 12147 12213 12216 8284 12226 12133 12176 12137 12156 12204 12208 12222 12138 12218 12212 12145 12207 12214 12172 12163 12197 12148 12221 12157 12195 12228 12203 12234 12209 12217 12159 12129 12169 12152 12219 12229 2530 12202 12199 12201 12200 12224 12198 12056 12160 12164 12206 12158 12154 12233 12210 12231 12146 12166 12128 12161 12223
201 12293 12270 12267 12268 12257 12298 5718 12287 12243 12290 3468 12256 12254 12276 12250 12263 12284 12246 12274 4360 12289 4400 7734 12278 1660 12296 12260 12236 12244 12239 12283 3864 12294 12245 12266 12272 12292 12242 7429 12249 10716 6207 12297 12280 12247 12251 12277 12259 12269 7767 12281 12258 12252 12237 12285 12295 12262 12261 2504 12248 12286 12238 12265 12291 12279
202 12307 12329 12347 12318 12322 12317 12345 12350 12306 12333 1731 12338 12314 12327 12355 7673 7324 12334 1358 4792 12343 12351 11639 12353 12312 12325 12316 12305 12301 3389 7353 11450 12346 8822 12321 12330 12300 6400 12342 12323 12348 7332 12341 7306 12328 12331 12340 12315 12326 12344 12311 12336 12335 12337 1643 547 12310 12319 12308 6609
203 12363 12357 12373 12387 12388 12394 12383 12364 12365 12395 12392 12372 12384 12361 12359 12356 12362 12386 12376 12370 12393 12367 12368 12377 12374 12371 2576 12396 12360 412 12366 12381 12369 12382 12380
204 12424 3946 12451 12440 12462 12427 12454 12452 12400 12444 12414 12432 12413 12465 12409 12406 12420 12428 12407 12435 12419 8284 12459 12448 12445 12438 12405 12422 2576 12431 12398 12463 12402 12415 12443 12403 12412 12423 12447 12449 12461 2539 12442 12450 12458 12436 12434 12453 12457 12410 12416 12408 12439 12421 12418 12455 12404 12426 12417 2597
205 12495 224 12512 6254 12507 12519 12485 3122 12469 8960 12522 12484 12466 12470 12497 12513 12521 7499 1172 2828 12488 1726 12255 12480 4441 12474 12524 12498 12517 12487 12523 1379 12496 12501 12475 12514 12478 12504 12515 12483 12493 12202 7105 12482 12503 4360 12471 12509 12479 12477 12494 12511 12500 9283 12508 247 12502 12481 406 12490 4378 12491 12499 12506 10271 12518 2533 7092 12489
206 12561 2967 12545 4873 2576 9970 192 7327 3485 7598 12551 8060 12538 12563 5072 12535 9278 12570 12527 12342 440 4772 12528 8285 12568 12566 2678 8953 12541 12529 12565 1218 12557 12539 12559 12562 12567 6609 4684 12550 2597 12547 1382 4357 12530 12543 11918 12525 12536 1261 12544 11910 12552 12555 5071 4682 12564 12540 12537 12558 12560 12569 11275 12531
207 12596 12601 12585 12587 12584 7087 12591 12592 12573 12594 12579 12581 12595 12598 12577 12589 12605 12607 12575 12583 12586 12604 12600 12597 12571 12576 12593 12572 12606 12599
208 12643 12653 12628 12630 12641 12638 12623 12610 12649 12633 12654 12612 12615 12632 5226 5282 12608 12611 12402 12656 12647 12620 12648 12629 12609 9707 12657 12626 12617 12619 12644 12625 12636 12631 12624 10017 12646 12640 12622 12645 12613 12616 12627 12650 12614
209 12706 12672 12661 12336 12684 12703 12662 12709 12665 12713 12680 12696 12715 12717 12664 12702 12701 12673 12681 12666 12695 12682 12667 12687 12675 12697 12689 12711 12700 12659 12708 12688 12714 12691 2529 12699 12690 12705 12694 12716 12679 1217 12686 12678 12663 12704 12677 12707 12676 12669 12710 12670 12674
210 12772 12756 12726 12720 12728 12759 12760 12733 12732 12723 12773 12768 12731 12721 12737 11487 12774 12730 12750 12739 12744 12749 12753 12748 12729 12752 5174 12722 12743 12746 12758 12775 12762 12770 12761 12738 12727 11517 12725 12754 11527 2230 12745 12763 12771 12735 12764 12740 12741 12747 12766 12751
211 12781 12792 12788 12800 12797 766 12799 12777 12805 4394 12802 12796 12787 12814 12801 12808 12812 10482 12779 12815 12811 12782 12810 12776 12785 2736 12804 12784 12780 12817 12789 12807 2494 12786 12816 12803 12798 12795 12790 12809
212 12844 12867 12855 5375 4688 12845 12831 4347 12850 12824 12857 12818 12861 8285 12820 12569 1382 727 11980 12851 12838 12822 12826 12557 12864 12827 11527 443 1399 12840 12858 1672 9361 12828 12835 12859 7244 12860 12868 12830 12847 12846 12833 12823 12849 8060 12837 4720 6517 7475 12856 4799 12848 2501 11517 12870 12834 12832 12770 8702 12821 11937 7370 12843 12863 451 12753 12865 12841 450 745 12819
213 12880 12883 12876 12907 12877 12893 12918 12928 12873 12923 12901 12930 12913 12886 3949 12896 12891 12889 12895 12899 12931 12908 12926 12900 12927 12922 12917 2912 12920 12879 12890 12915 3576 12887 12911 12906 12924 12894 12921 12885 7942 12912 12892 12903 12882 12902 4236 12872 983 12888 12878 12898 12914
214 12952 2568 12997 12961 13002 12970 1751 12971 12938 4154 12942 12960 12987 12954 12934 13003 12966 12982 12935 12983 12936 12999 12989 12932 12981 12965 12944 12943 12973 12948 3263 12993 12995 12959 12977 12984 12986 12945 11660 12991 12992 12940 13004 13006 12941 12996 12979 12974 12985 12975 13007 12968 12990 12949 12978 12955 7677 12947 12972 12946 9880 12964 12933 12958 12998 12988 12962
215 13016 13013 13011 13029 13040 13014 13066 13012 13039 13035 13067 13064 2312 13043 13025 13017 11834 13033 13030 13038 13069 13036 13042 13072 13070 13034 13051 13068 13010 13026 13050 13073 13058 13031 13019 13056 13052 13023 13021 13008 13045 13063 7877 13028 4329 13065 13044 13022 13024 4440 13055 13054 13071 13046 13041 13020 13049
216 13075 13084 13099 13107 13117 13097 13088 13116 13083 13081 13080 13079 184 13102 13096 13104 13092 13118 13103 13108 4440 13076 13106 1513 13110 13112 13105 13077 13113 13121 13109 13120 13115 13090 13119 13086 13078 13093 13095 7865 13082
217 13124 8462 13131 13132 13135 13122 7731 13130 13136 13125 13137 13134 13133 13128
218 13189 13163 13142 13188 5318 13158 13166 13177 3676 13147 13174 13168 13182 13171 13145 13154 13184 13146 13155 13152 13165 13162 13161 13149 13183 10164 13150 13153 9360 13156 13143 13169 13140 13170 13159 13175 13160 13185 13186 13180 13190 3647 13151 13148 13144 13173 3665 13139 13176
219 13195 13224 13194 6010 13239 13210 13238 13227 13213 13192 4794 13240 13220 7150 13204 13221 13193 13215 13214 13199 13229 13206 13197 13222 1644 13235 13218 9699 7776 13203 13228 13217 9932 13196 13205 13223 13212 13231 13207 12325 12307 13200 13225 13208 13202 13198 13226 13230
220 13277 13247 13266 13264 13298 13304 13307 13243 11266 13282 13285 13276 13268 13309 5710 13274 13275 13253 13278 13297 13299 13291 13267 13273 13245 12072 13293 13254 13258 13244 13296 13246 13300 13242 13270 13292 13287 13301 13280 13265 13310 13289 13250 6430 13259 13248 13308 13281 13286 13272 13249 13251 13294 13295 8977 13256 13302 13305 13252 12112 13257 8702 13260
221 13337 3911 13315 13321 13354 13314 13331 13355 13341 13365 13358 13368 13347 13367 13323 13330 13346 13350 13362 13332 13351 6905 13313 13336 13352 2506 13360 471 13312 13316 13366 13324 13356 13353 13359 13318 13361 13335 13345 13325 13340 13369 13344 13349 3261 13342 6712 13338 13333 13326 13348 13339 13317
222 5696 5366 13380 13391 10969 3894 13410 13371 13402 3430 13384 13386 8395 10967 13417 8407 13370 13411 10976 13407 13378 7507 13415 7460 13383 13400 13390 13416 8410 13397 13389 13409 13381 2975 10964 13403 13374 13396 13424 13379 13414 757 13412 13394 13392 13422 13372 13385 13425 13393 13420 13395 13423 13406 2527 13375 13418 13387 13382 13373 13388 5511
223 13478 1405 13439 13466 13434 13475 13445 13469 13451 13435 13436 13481 13443 13460 13490 13463 13431 13467 13468 13428 13437 7222 13477 3097 13480 13455 13489 13482 13487 13462 13485 13457 13438 13446 13427 13483 13461 10750 3159 13470 1217 13433 13444 13474 13454 9629 13441 3468 5674 3115 13465 585 13473 9360 13449 13464 3193 13450 13453 3122 1607 13479 13429 13448 13476 13432
224 13498 13519 13515 13518 13495 5788 13511 13525 13505 13509 13507 10457 13503 13504 13512 10581 13516 13494 13493 13521 13508 13506 13513 13523 13522 13514 13499 13496
225 13548 94 13569 13563 13546 13545 13584 13568 13582 13534 13537 13556 13585 13555 13573 13527 13558 7577 13571 13565 13552 13530 13581 4703 13579 13559 13557 13532 13567 13577 13588 13538 13583 13536 13570 13561 13543 13553 13551 13529 107 13528 13564 5951 13547 13572 8977 13575 13526 7621 13542 13574 13580 13550 13554 13540 13560 8559 6567
226 13609 13604 13598 13616 13618 13593 13613 13615 13617 13601 13592 13620 13599 13605 13596 13621 13612 13595 13603 2734 13590 13602 13600 13594 13619 13597 13535
227 13659 13632 13630 13634 13675 13671 13626 13643 13654 13664 3800 13673 13661 13641 6567 13666 13681 13678 13669 13623 13595 13635 13672 13633 13665 13642 13660 8694 13647 13646 13648 13645 10750 13625 13658 13650 13668 13679 13624 13674 13676 13628 13670 13677 13627 13656 13667 13622 13639 13657 13629 13680 13655 13637
228 13699 13709 13708 13743 13710 7092 13721 13692 13712 9343 13735 7835 13707 13685 5231 13720 13704 13745 3604 13690 13724 13723 13687 7721 13727 13694 13746 13688 13698 13747 13731 13730 7499 13748 13715 13691 3864 13714 13695 13683 13705 13706 13740 13737 13682 13744 13711 13741 13713 13703 13742 5883 13702 7129 7734 13728 3869 13736 13700 13689 13734 13719 13738 13716 8107 10766
229 13779 13793 13801 13777 13785 13787 13750 13755 13798 2245 5780 13757 13776 13764 13797 13760 13761 2225 13796 2193 13782 2226 7436 13756 13803 13759 13800 13770 13754 13762 13799 13749 2194 13773 13781 596 13791 13769 13752 2195 6002 13763 13766 13786 13771 13783 13795 6011 13790 7669 13805 13789 13772 2213 13768 13806 13804 907 13765 13774
230 13828 7147 13841 13834 13819 13823 13833 4650 13830 13851 9808 13829 13808 13837 7355 13845 1218 13850 13852 894 13839 13836 13843 1368 5210 1998 13817 13821 13848 13810 10497 8096 13844 13831 13824 7475 13825 13815 13853 13835 2678 13811 13827 13846 1670 7211 13807 13814 13816 13840 13832 13809 2831 3167 13820 13847 7206
231 13857 5178 12735 12734 5169 13856 13854
232 13877 9129 13866 13897 7429 13892 13867 13860 13900 13905 13887 547 13916 13903 13719 13908 13885 13879 13910 13898 13865 587 13917 2264 459 13869 11319 13918 13884 13871 13859 13896 13912 13882 13913 13893 13890 13876 13888 13894 13862 13904 13875 2535 13872 13863 13864 13919 13878 13883 13886 13909 8390 13880 1316 8966 13914 13881 13861 13907
233 13946 13923 12345 13929 13924 13951 12528 4417 13966 13925 13940 13973 5645 13953 13930 7797 13955 13948 13942 13921 13954 5232 13968 13926 13972 13947 2966 13933 1693 7734 13935 13934 13950 13956 13939 13963 13938 1371 13960 13941 13969 13922 13943 13937 13959 3440 13928 13962 13936 2831 13952 13964 13970
234 13981 13985 14012 13994 14003 13986 14010 13979 4758 13983 14006 13996 14011 14000 14001 9922 13998 13993 14004 13978 13989 13974 13990 13980 14013 13987 13999 13988 2077 13977 14005 13975 13984 14007 14002
235 14021 14032 14049 14055 14042 14015 14040 14046 14025 14060 14033 3393 14067 14051 14037 14063 14053 14018 14071 1891 14066 14069 14036 14054 3286 8760 8282 14019 5932 14022 14047 14074 14030 14058 4686 14034 14027 14070 14056 4688 14075 6928 14038 14052 14073 14031 8797 14016 14065 14020 14044 14061 14017 14028 14039 13919 14062 14059 14072 1429
236 14107 14110 14082 14145 14113 2702 14099 14108 13241 4764 14044 14125 14117 14097 14102 14091 14127 14126 14106 14081 757 14083 14116 9886 14094 14101 14140 14089 14141 14119 14121 14084 1891 14143 14131 14137 14109 14096 8583 14118 14115 14132 14090 14129 14130 14142 14134 14120 14103 14095 1998 14105 14079 14104 14093 14088 14123 14146 14122 7327 7330 14124 14111 14080 14100 11425 14138 14086
237 14160 14199 14165 14167 14182 14166 14194 14180 10554 14188 14158 14163 14164 14184 14169 14175 13077 14191 2553 14186 14185 14189 14178 14193 14177 14176 14197 14196 14148 14155 14152 14170 14173 14172 14200 14187 14190 14154 14151 14150 14156 14179 14174 14147 14198 14157 14149
238 14202 14247 5689 14209 14226 14205 14225 14241 14214 14227 5290 14232 14256 14220 14244 14249 14239 14236 14204 14230 14224 14234 14251 14245 14252 14218 14248 14211 14243 14240 14216 5572 14203 14237 14201 5788 8798 14257 14253 3412 14235 7105 14213 14255 14215 14228 14246 10017 14206 14221 14233 14250 14219 14242
239 14285 14283 14275 14303 14287 14293 14270 2076 14297 3817 8964 14286 14268 9035 5366 3678 14284 14302 14263 14278 14301 14311 14290 3660 14295 14288 14260 14262 14259 14305 14277 14282 14281 14291 14258 14276 14261 412 14266 14304 14158 2230 14273 14279 14265 14307 14309 14269 14271 14264 14289 14298 14300
240 14349 14326 14342 14351 14379 12 14358 14321 14354 14361 14345 14313 14364 14371 14331 14352 14355 12837 14343 14347 14372 14380 14325 14330 14319 14320 14382 14315 5565 14376 14339 14363 2003 14323 902 14377 14366 14333 14348 14334 14360 14314 14357 14332 14340 454 14328 14385 14362 14094 14336 14381 14359 14353 14374 14329 14386 14337 14324 14384 407 14378 14369 14317 14316 14322 14365 14350
241 14390 14438 14388 14436 14411 14432 14413 14402 14403 14396 14405 14422 14426 14404 14416 8000 14395 14441 14406 14389 14435 14394 14428 14442 14417 14387 14424 14427 14421 14440 14429 14437 14412 14407 14414 14419 14423 14433 14420 14401 14398 14431 14415 14430 14391 14425
242 14452 14449 14444 14445 8803 14446 12622 14448 14454 14455 14457 10410 14456 14447
243 14483 14516 14493 6260 14479 14469 1971 4155 14501 8743 14475 14465 14466 14527 14528 14473 7818 14514 14458 14477 14506 14480 14508 14478 14471 5715 14474 14481 14496 14468 14485 14472 14490 14521 4921 14525 14476 14515 1582 14509 14467 14520 14507 14492 14482 14464 14512 14470 14488 14487 14524 14486 14518 14463 14529 14491 14522 14502 14503 14526 14500 14459 14497 6034 14461 14499
244 14569 14559 14587 14531 14547 14572 14538 1048 14570 14578 14586 14583 14540 14554 14535 14551 14549 14564 14580 14574 14557 14577 14532 14534 14573 14536 14550 14567 14533 14562 14566 14560 14555 14563 14558 14548 14541 14553 14544 14582 14585 14575 14556 14561 14546 14552 14579 14584
245 14604 14608 14589 14592 66 14591 14609 3270 1137 14606 14598 14597 14600 14601 14610 14593 14602 3935 14594 14607 14605 14595
246 14636 4155 14652 14664 14624 14657 13807 14649 14635 14622 14614 14628 14623 14644 14638 14627 14616 14618 3665 14655 14665 14640 14643 14663 14632 14611 14661 14612 14659 14647 14654 14642 14656 14631 12336 14634 14660 14626 14650 14633 13139 14625 14637 14662 14630 14617 14648 14629 14620
247 14697 14731 14729 14725 14709 14671 14710 14692 14718 14700 14210 6739 14715 14705 14682 14711 1581 14693 14730 14675 14724 14676 14722 14719 14673 14687 14712 14735 14699 6473 14721 14732 14669 14723 14668 14734 14701 14702 14703 14670 14696 14714 14713 14727 14680 14694 14707 14674 14726 14691 14690 14716 3829 2866 14728 14708 14688 14677 14686 14704 14720 14689
248 14745 14773 14792 12336 14766 14759 10165 14761 14740 14795 14737 11437 14775 14774 14743 14788 14756 14764 14758 14767 14753 14797 4872 14750 14776 14770 14736 14794 414 14790 14755 14787 14738 14752 13139 14778 14763 14791 14751 14781 10861 14772 14789 4838 14771 14749 14760 14741 14785 14784 14746 14786 14757 14742 14769 14765 14782 14793 14754
249 14816 2475 14829 14808 14812 14820 14815 14830 14802 5366 14826 14809 14823 14814 14822 14804 14800 14813 14828 14821 14811 14806 14819 14825 14810 14803 14801 14824
250 14849 14837 14841 14832 14838 14844 14831 14842 14850 14845 14834 14840 14847 14835 14848 14836
251 2501 14910 14887 14892 14866 13831 14891 14856 14875 14890 14851 7226 14881 2533 14871 14853 14906 14888 2529 14897 13942 14873 14858 14863 597 14902 14880 14883 14867 192 14865 14889 94 14864 6024 14905 12470 907 14884 14870 1866 14904 14876 14901 8806 14898 14882 14872 14861 14893 14860 14903 14909 9805 14868 14852 14896 14857 777 14908 14899 3023 1357 14855 14869
252 14927 14967 14936 14971 14926 14944 14915 14930 14955 14914 14969 2279 1397 12555 3504 14960 14980 385 14925 14978 14937 14928 1212 1379 14913 14968 14934 14954 14949 14956 14945 1206 14957 14958 14919 14912 14948 14963 14970 14941 1357 14966 14975 14977 14965 3481 14959 14950 14933 14981 14920 14923 14940 14943 14924 14979 3910 14952 14964 5071 14929 14962 2702 14916 14982 6430 7705 12844 1225 14917 14974 3172 14946
253 15021 14989 14125 15011 14994 15013 1993 15038 15025 15036 7478 15032 15031 3817 15003 14995 15015 14991 15027 15009 15014 12785 15001 15040 15046 15037 15045 15017 14990 14998 14988 9937 14997 15023 6508 15008 15048 15007 15028 2843 15020 6199 4329 15022 15039 15042 15026 15050 15002 14999 14992 15005 3665 15049 14985 14996 14987 15033 15012 14984 15004 15035 15000 15043 15029 15051
254 15063 15089 8180 15080 15091 15062 3520 15100 15052 15086 15109 15082 15094 15113 15073 15059 15092 2571 15115 15088 15090 15114 15104 15065 15101 3552 15066 15084 3556 15072 15078 15076 15055 15068 15056 134 15074 15111 15054 7866 15069 15103 15071 15117 15058 8112 15110 15112 15064 15061 15079 129 15075 15087 15097 1494 15077 15108 15081 15102 15070
255 15161 8031 15163 9261 15181 15127 15167 15131 7506 15155 5586 4142 15141 15169 15164 13778 15175 15183 15177 15126 15162 15147 11534 15166 15178 15165 454 15184 12421 15174 15172 15171 15125 15173 15158 15151 15170 15123 15152 15153 15179 4132 15139 15144 4520 15130 15119 15129 15145 15150 15136 15142 2571 15180 15122 15176 15118 15149 15168 15133 15182 15146 15138 15154
256 15189 15193 15191 15186 15190 15192 15185
257 15205 3091 1386 15211 15200 15225 15213 15253 1385 15245 15216 15223 15233 3093 5845 15232 15229 15239 15230 7213 15219 2494 15220 6430 15194 15235 15218 15208 15242 15195 13944 15237 15224 15249 15203 15226 15198 15214 15201 15209 15247 15202 2829 15228 15250 8042 15241 14953 15244 15210 15197 15236 15196 9847 15251 15221 15252 15222 15207 7338
258 15261 15256 8645 8677 15268 8685 15257 8642 15271 8634 15286 7596 8643 8066 15278 15282 3083 8672 15297 15285 15265 15267 8510 15281 15288 3064 15294 15292 15259 9899 11063 15254 15274 15296 8681 15260 15280 15291 15255 193 15287 15273 8644 15284 15276 15277 15299 2576 15272 15258 13630 15298 15279 15289 8667 15270 8098
259 15305 15300 15302 15349 15314 15338 15361 15346 15326 15352 15342 15325 7445 15343 15358 15317 15304 4288 11181 15306 15337 15357 15320 15318 1932 15341 15354 15316 15308 15315 15303 15313 15350 15348 15327 15356 15335 4693 15359 15307 15355 15344 9276 15322 15330 15347 15324 15310 15301 15345 15336 4876 15312 15309 15340 15331
260 15363 15380 15381 5512 12416 15364 15375 5995 15365 15367 15377 15371 15366 15368 15376 1358 15373 15374 1654 15370 5489
261 15433 15421 15418 7232 1932 15426 5632 15425 15408 15388 6430 15392 15440 15407 15390 15404 15438 15393 15415 13539 15406 15410 8604 15389 15409 13224 15401 7339 1881 15417 15423 15437 15422 14137 15441 4754 15411 1903 15420 15424 15431 14917 15398 757 12829 15434 5297 15386 15384 15413 15430 15436 15387 15405 15435 7604 15439 15399 15428 7171 15385 15414 15402 15396
262 15444 15455 15475 15443 15459 6227 15466 15481 9889 15472 15463 15486 4771 7148 15469 15474 15452 3429 15485 15454 15462 15476 5231 8109 15468 4772 15473 11764 8064 15471 15467 15445 15446 15450 15479 15458 4798 15482 15480 5232 15484 15464 15448 15451 9918 15453 15483 15442 14094
263 12875 15543 15522 15523 15535 15549 15491 15536 15514 15524 15519 15501 15530 15488 15531 15512 15499 4548 15532 15503 15534 118 15509 15525 15548 15508 15515 15545 15505 15537 15538 15513 15518 15516 15529 15511 15506 15528 15510 1005 15517 15526 15498 15546 15494 15490 3263 15487 15542 15502 15539 15527 15540 15497 15507 11574 15500 15489
264 15591 15584 15578 15601 15607 15600 9201 15565 1160 15564 15554 15588 15556 15577 15587 15574 11845 15573 15608 15571 15560 2022 15593 15572 15605 15447 15590 15567 15606 15603 15568 15595 15610 15579 15602 15561 15566 15596 2230 15599 15569 15585 15586 15581 15558 15597 15563 15580 4721 15582 15576 15575 15609 15553 15570
265 15639 993 15646 15647 15637 15651 2831 15624 15653 15611 15642 15656 15614 15633 15648 15636 15649 15626 15612 2539 15619 15618 15654 15655 15644 11907 14139 15621 15640 15625 4868 15623 15616 15622 15638 15627 976 15645 15650 15634 15613 15631 15635 12342 15630
266 15699 15691 15702 15693 15664 15658 15689 3400 15697 15681 15698 15684 15660 15695 15672 15661 15682 15687 15683 15679 15657 15673 15662 15677 15688 15701 15685 15686 15692 15669 15674 15665 15703 15680 15659 15676 15704 15675 15671 15690
267 15707 15735 15718 15736 15705 15711 15714 15709 15706 15722 15721 902 15734 15712 15728 15719 15708 15732 15713 15731 8969 15738 15710 15729 15716 15733 15737 15715
268 15755 8273 15746 15760 15788 15777 15756 15766 1815 15767 15753 15781 15744 12402 15757 15782 15741 15775 15754 15739 15768 15759 15772 15774 15740 15763 15779 15786 15785 15742 15764 15752 15762 15749 15769 15776 15791 15773 15747 15761 15790 7694 15748 902 15771 15787 15783 15743
269 15835 15807 3097 15841 15800 15816 2494 2479 14057 3692 7734 15810 15824 15822 15817 15798 15820 547 15826 15805 9360 15825 15804 15799 15802 6430 15830 15794 15806 8063 4039 5334 15803 4131 15821 15792 3122 15834 15811 15823 15827 15815 15808 12086 15838 2533 15797 15831 15793 6820 15828 2033 15839 7730 15836 15840 15832
270 15845 15886 15862 15848 8977 3430 15849 6392 15868 15894 15843 8943 15859 15871 15858 15872 15895 15874 15889 15892 15881 15863 15869 15851 15888 15885 15853 15852 414 15857 15850 15883 15873 15855 15870 15876 15878 15890 15844 5236 15879 15854 15867 15846 15884 15893 15891 15882
271 15934 15935 15937 15936 15928 15939 15920 15916 2529 15917 15907 15941 15918 15932 15938 15930 15912 15901 15942 15940 15944 15899 15913 15915 15925 902 15923 15903 15927 15900 15926 15902 15896 8190 15931 15919 15909 15905 15933 15904 12552 15897 15943
272 7413 15986 15987 15956 15945 15999 15994 15946 15969 15962 15981 15997 15948 15993 15998 15957 7506 10014 15983 15949 15989 15954 15972 15975 15977 15988 15959 15947 15953 15978 15990 15961 15991 15958 10979 15965 9672 15976 1370 7129 15985 15992 15952 15974 15963 15966 15984 15973 5315 15996 15964 15971
273 16042 11629 16031 16041 7506 133 6821 16055 16032 16013 16028 16029 16046 16050 16040 16020 16033 16004 16002 16016 16045 16014 16011 16010 3537 16057 16021 16044 16036 16049 16012 16026 7974 16043 16054 16001 15073 16017 16007 16005 16056 16052 16015 16038 16009 16027 16008 16025 16018 16000 16034 16019
274 16059 16072 16076 16111 9304 16110 16080 16107 16088 16093 16062 902 16070 16092 5511 16112 16066 14007 16114 16091 2475 16085 16113 16084 16108 16082 14096 1351 16102 16061 16096 16075 1991 16109 16089 3186 16068 16083 16079 16101 9808 16103 16069 16058 16087 6312 16064 2726 3864 16099 16063 16104 16100 16097 16105 1385 16090 16095 16081 1405 16086 16065 16067
275 16118 16141 16117 16127 16132 16138 16121 16131 16124 958 16151 16148 16137 16116 16125 16145 16140 16130 16136 13942 16134 3430 16150 16144 12666 12635 16139 16153 16122 16135 16128 16120 15777 16152 16143 16119 16126 16129
276 16185 16173 16229 16224 16227 16213 3495 10114 16206 16199 16154 16171 16168 16183 3864 6260 16200 16195 16156 16203 16208 16210 16226 16212 16160 16161 16182 16234 16188 16207 16176 16215 16218 16189 16175 16158 6282 16157 16220 16231 16196 16194 16230 16169 16179 16180 16223 16172 16225 16216 16177 16181 16178 16190 16170 16162 9646 16163 16217 16197 16228 16198 16184 16167 16232 16222 16211 16193 16165 10074 12529 16155
277 16267 16263 16270 16258 16261 16242 16251 16269 16259 1212 16262 16068 16264 16238 16243 16254 16257 12420 16248 16239 16244 116 11826 16255 16237 16235 16245 16252 16236 16246 7669 16240 16249
278 16277 16275 16281 16292 16278 16274 16293 16303 16300 16289 7853 16279 1212 16276 16287 16301 16290 16271 14918 16291 16298 16283 16280 16285 16273 16282 16272 16286 16294 442
279 16375 1700 9538 16334 16319 16385 16311 16362 16370 16326 16345 16305 16350 16317 16309 16354 16335 16358 16378 16382 16325 16312 16328 16376 16364 16351 16379 16306 16323 1186 16359 6158 16341 16338 16353 16357 11683 16347 16381 16336 15993 16327 16363 16374 16383 16321 16367 16320 16372 16337 16355 16366 16322 8710 16324 16344 16365 16356 6150 16340 16313 16316 16339 16373 16352 16333 16331 16377 16342 16343 16307 16348
280 16411 16441 16406 16404 16412 16413 16436 16420 16397 16432 16425 16442 16388 16392 16416 16447 16439 16426 16434 2475 16435 16393 1991 16421 16407 16430 16402 16419 16423 16400 16444 16431 16395 16433 16394 16418 16429 16415 1632 16422 16386 15201 16414 16403 16391 16440 16417 5511 16409 15767 7306 16446 16408 16437 16438 16181
281 16484 16470 16448 16487 16497 16486 16496 16492 16488 16482 16481 16453 16456 16458 11915 16493 16471 16460 16490 16423 16479 16491 16457 16485 16455 16495 16469 16450 2794 16473 16465 16483 9045 16474 16494 16478 16489 16459 16454 16477 16476 16463 1217 1229 16464 16480
282 16518 16524 16509 16541 16532 16544 16551 10271 3416 16534 16567 16533 16525 16566 16503 4308 406 16526 16547 16539 16513 9379 15575 5926 16557 16560 16517 2872 16516 16563 16512 1931 16555 16499 16546 16522 16568 16559 16528 16514 16556 16542 16545 16501 16521 16511 16506 16504 16520 16519 16548 16553 16531 16523 16505 16510 16549 16543 7406 16565 16536 16535 16515 16498 16508 16502 8034 16530 3424
283 16616 16617 446 386 16597 881 16574 493 16588 6623 16578 16621 16584 16630 16615 16592 16620 8797 16594 16573 16634 7355 16635 16587 9474 16607 16601 16598 16604 2742 16570 16575 16625 16611 16589 16602 16614 16599 16610 479 16572 16623 16582 16618 16628 4263 16627 16595 16633 16609 16576 16600 16571 3429 16632 16596 16583 16590 16605 16613 5645 16619 16626 519 16577 16624 3911
284 2468 16647 16650 3189 16690 16658 16686 16639 16672 16655 3792 16679 16678 16638 16666 16646 16652 16681 16669 15613 16661 16687 16684 16676 16689 16643 16637 16671 16692 2475 16668 16654 16648 16660 16644 16657 16675 16651 16662 16656 16683 8083 16663 16153 12659 16069 16691 16645 16659 16685 16667 16677 16670 16640 16664 16649
285 16712 16722 16729 16705 16741 16742 16726 16715 16732 16718 14953 16697 16721 16740 16734 16744 16749 16702 16714 16724 5858 16748 16733 16701 16725 16746 16710 16727 16704 16731 16737 16706 16695 16711 16739 16735 16745 16717 16719 16738 16694 16708 16709 1405 16743 16716 402 16693 16699 16698 16700
286 16798 16769 16808 16766 16751 16809 16794 16755 16782 16800 16817 16815 16757 16806 16759 16814 16775 16823 16771 16822 16765 16762 16776 16781 3776 16805 16750 16761 16816 16819 16754 16821 16786 16795 16774 16818 16803 14016 16820 16768 16793 16767 16752 16770 16807 16773 16811 16758 16796 16799 16787 16785 16764 16756 16763 16778 16780 16804 16791 16772
287 16843 16848 16853 16873 16852 16845 16870 16831 16829 4876 16868 16842 16851 16824 16861 16840 16850 16875 16844 16826 16827 16862 16841 16856 5964 16860 16871 16825 16846 16837 16833 16859 16858 16832 16847 16830 16864 16854 16866 16874 16863 16839 16849 16836
288 16921 16882 16914 16915 16935 16887 16898 16932 16940 16903 16920 16922 16905 16883 11433 16926 16930 16912 16885 16897 16936 16910 16906 16888 16941 16896 16937 16902 16918 16939 16928 16929 16904 830 16933 16907 16925 16892 16900 16931 16919 16895 16889 16913 16893 16878 16917 16945 16890 16879 16934 16943 16899 16894 16909 16916 16942 8736
289 16961 16948 16969 16965 11551 16950 16990 7928 17000 16953 16985 16989 16960 16955 16951 4520 16947 16949 16997 16946 16986 3341 16998 16991 16963 16978 16979 16968 14324 16993 16952 16977 16954 16956 16966 16959 16981 16999 16975 16980 16973 16964 16976 7864 16987 16988 3286 16962 15548 16974 16995
290 17072 17030 17028 17033 17038 17019 17032 17003 17020 17052 17058 17046 17027 17040 17068 17050 17057 17045 17035 17042 17062 17056 17008 17036 17060 17041 17055 17065 17044 17039 17059 17051 17034 17066 17006 17005 17031 17025 17069 17015 17017 17016 17061 17071 17009 17011 17024 17026 17070 17007 17037 17063 17018 17004 17014 17021 17043 17067 778 17002
291 17102 17081 17089 17010 17084 17109 17108 17132 17125 17091 17133 12275 17120 17088 17121 4479 17107 17074 17135 17080 17106 17122 17130 17128 17078 17113 17075 17105 17124 17115 17086 17090 17099 17100 17123 17136 17131 11064 17094 17118 17092 3194 17076 17119 17114 17079 17085 17073 17095 17117 406 17083 17116 17098 17127 17137 17093 17082 2701 427
292 17150 17147 17193 17156 17198 17186 17151 13262 17176 17173 17158 17165 17139 17169 17190 17167 17164 17149 17159 15778 17166 17194 17180 17146 17179 17177 17183 17181 17189 17154 17172 17182 17141 17184 17188 17162 17185 17168 17195 17157 17142 17163 17143 17152 17145 17138 17140 17178 17160 17196 17148 17175
293 17238 17235 7949 17201 17209 17202 17200 17213 17211 17215 17206 17219 1017 17210 17229 17231 17232 17220 17207 17234 17226 17237 17217 17203 17208 17221 5690 17227 17218 17225 4251 17216 17205 8182 17222 13693 17199 17223
294 17250 17267 17259 17287 5587 17263 17296 17303 17246 14605 9988 17268 17262 17254 4208 17258 17285 17253 17247 17284 17302 17290 17283 17239 11658 17278 17213 17291 17292 3665 17286 7369 17251 17293 1583 17245 17252 7863 17294 12551 17282 17288 17295 17304 17279 17257 17300 17241 8175 2580 17265 17274 17298 17271 8833 17289 17242 17243 12028 17299 17260 17276 11861 17280 17297 17272 15100
295 17312 17352 15165 4154 17348 17314 17305 17325 17320 17340 17315 7860 17347 17317 17328 17323 3265 15120 17326 17343 17351 17349 17353 17311 17331 17313 2368 17334 7880 3935 17339 3264 17356 4522 6537 17318 987 2565 2553 17316 17341 17309 17332 17324 17344 3266 17335 17322 17355 17350 17310 17346 17345 17336 17337 17338 7949 17321 17330 17307
296 17401 17391 17402 4174 11536 17374 17362 17397 4394 17399 17389 17393 17375 3320 17382 6430 3265 17377 3266 17410 17378 17358 17407 17409 265 17373 17385 4352 17405 17364 17394 5932 17387 17403 8778 17370 17384 12429 17365 17366 17360 17359 17386 17395 17396 17379 17380 17363 17367 12428 17376 17390 17398 17361 7793 17411 14203 17388 17404 17371 17408
297 7928 17457 17468 17443 17465 2912 17420 17453 12551 11830 17432 17462 17456 7983 17417 17442 17444 17451 17469 17421 17452 17463 17431 17433 17448 17467 17466 17438 17464 2345 17422 17435 17429 17434 17436 17414 17445 17278 17419 17447 17458 17413 17461 17428 17440 17450 17425 4524 4187 17416 17430 17460 17437 17418 17415
298 1971 17471 17515 17484 4128 17474 17486 17478 17528 17493 17485 17483 17488 17507 17524 17490 17495 17473 17500 17344 17481 17522 17477 13895 17501 17494 17512 17505 17514 17496 17518 17470 17508 14143 17526 17531 17504 17532 17502 9992 17497 17498 17529 17530 17516 17521 17487 17480 17519 17475 17533 17479 17513 3949 17472 17511 16966 17489 17520
299 17582 17558 17556 17564 17569 17537 17588 17546 17568 17584 17583 17571 17534 17575 17554 17538 17561 17562 17592 17580 17545 17535 17589 17540 17549 17541 17543 17552 17563 17591 5332 17544 17581 17567 17574 17590 17576 17539 17553 17586 17578 12569 17555 17577 17536 17593 17565 17547 17550 17548
300 17669 17654 17647 17661 17650 13874 17632 17627 11291 17602 17648 17670 17662 17601 17664 17665 17660 7499 17598 17652 17611 17668 17653 17637 17613 17640 17620 17628 17656 17633 17641 17676 17606 17674 17673 17626 17604 17667 17639 17649 17618 17603 17663 17629 17636 17644 17622 17658 17605 17615 17634 17651 17614 17608 17616 13908 17594 17600 17631 17624 17643 17619 17610 17642 17617 17599 17612 2058 17659 17635 575
301 17690 17710 17707 17680 619 17716 17686 17688 17700 17694 6329 17683 17702 17693 17715 17708 8738 17681 17695 17701 17709 17684 2735 17713 17682 17697 17698 17699 17704 17703 17679 17706 17692 17714 17712 17685
302 3100 17744 11219 17746 17727 17750 17739 17734 17787 17766 17731 1350 17729 17732 6903 1217 17774 17771 17741 17740 1866 17757 7797 17781 17784 6430 17778 17730 17756 8263 17783 17772 17745 17728 17738 17736 17752 3099 17780 1357 17723 17775 17779 17721 17786 17719 17773 17763 17765 17722 402 17777 17725 17768 2532 7338 17737 17748 17755 17758 17760 17753 17785 17742 17776 17761 17770 17720 2787 17751
303 17839 17835 17793 17820 17797 12828 17834 17808 17848 17830 17846 17849 757 17802 8622 17811 17789 17823 1885 17822 17796 17829 17817 17801 17810 17832 11028 17836 17798 17809 17847 17792 17805 17831 17826 17790 9055 16716 17744 17837 17788 13287 17821 5894 17816 17838 17818 17814 17815 17852 14080 17851 17828 17800 17824 17843 17812 17850 17799 17825 17833 2611 5638 17827
304 17893 2904 17866 17869 16555 12145 4838 17857 6829 17872 17900 17909 17871 17895 3440 2205 17880 1257 17853 16447 17901 17906 4650 17875 5072 17882 17904 17855 17856 16160 17878 17864 17862 1224 17861 17896 17860 17891 15950 17886 6400 17867 6378 17888 2494 17858 15486 17868 17877 17887 17870 17876 17883 11639 17902 17908 17911 14830 17890 17903 17885 17865 8943 17859 17873 17881 17894 7000 17907
305 17946 17926 17915 17916 14759 17923 17934 17943 17921 17925 17919 17941 17932 17933 17928 17922 17945 11887 17918 17939 17927 15905 17940 17935 17944 17929 17914 9541 134 16696 17920 17936 17931 17938 17917 2470 17937
306 17947
307 17961 17968 17972 17988 17976 18005 18000 17973 17957 18003 16507 17981 17989 17992 17999 17963 17970 17962 17986 17967 17951 17998 17964 17948 17993 17966 17983 18006 18007 17978 17985 17984 17950 17975 17990 17994 17979 18009 17949 17987 17982 17955 17974 17991 18004 17958 17980 18001 18002 1188 5703 17977
308 4875 18016 18039 18045 6312 18018 18028 18026 18040 577 11450 18017 18052 18053 18030 18063 18056 16531 18032 6243 18020 18031 18027 18046 18014 18038 18042 18037 5343 18033 18035 18055 4886 18044 3153 18059 18049 18060 18041 5478 18058 2757 18050 18019 18051 18054 18048 18025 18012 18047 18029 18010 18015 18023 18057 18036 18021
309 18076 18069 18091 18106 18070 18115 18072 18104 17421 7499 18108 7501 7734 6260 18116 18098 15934 18077 1188 18080 18071 18082 18118 18111 18086 8964 18109 18083 16540 18110 18084 18101 18112 18095 15345 18117 18078 18066 18079 18081 18103 18113 18073 18068 18089 18090 18092 18114 18100 18097 12847 18074 15839 18096 18107 18087
310 18135 15297 18173 18156 18129 2647 18127 18130 8524 18177 18152 18139 18161 18176 18128 7596 18175 18119 18178 18143 18150 18141 18158 18122 18137 18145 18153 18165 13535 18144 18172 8503 18132 18174 15296 18170 18168 13637 18142 18121 18169 2639 18157 3845 18183 18149 18123 18140 18138 18181 18160 18124 18171 18151 8634 18159 18179 18131 8516 18154 18136 18134 18133 8554
311 18200 18215 18209 18194 18235 18202 18195 18203 18206 4178 18246 18232 18230 18214 18228 18212 18220 18184 18229 18223 18247 18188 18207 18204 18227 18218 18208 18240 18196 18216 18244 18198 18245 18186 18185 18191 18205 18217 18248 18225 18237 18213 18219 18233 18239 18199 18226 18236 18190 18222 18201 18221
312 18300 2586 18298 18268 7869 18292 8000 18289 2352 7867 18304 18287 18310 18299 150 18280 8176 18297 18276 18302 12541 18288 18279 8009 18295 8013 18282 18290 18285 18263 17244 18250 18303 18308 18257 18275 18284 1005 18272 18260 18252 18301 18255 2585 18258 18296 2324 18249 18309 18266 18307 18293 18294 18256 18278 18267 18277 18251 18271 18253 18270
313 18331 18335 8109 9808 18353 18345 2831 7339 15787 18325 193 18329 18348 18346 15407 18347 18332 4636 18356 18342 18313 18337 18357 18327 18321 18349 18343 18358 18328 18344 8111 18326 442 18318 18350 16062 18341 16233 18317 8642 18324 18323 18320 18339 18311 18330 13858 18336 18354 18338 3295 18334 15612
314 18399 18413 18405 18400 5970 18388 18360 18382 18394 18381 18387 18404 18366 18372 18367 18378 18402 18374 18392 18397 18365 18384 18401 18407 18383 18377 18380 18408 18361 18375 18390 18369 18370 18391 18359 18414 18418 18396 18364 18411 18362 18368 18371 18373 18395 18403 18410 18417 18386
315 18445 18431 18436 18432 18446 18419 18428 18438 18442 18435 18440 18420 18434 18425 18439 18444 18430 17863 18429 18423 18421 18424 1285 18426
316 18474 18456 18462 3307 18478 13942 18475 18481 7210 18479 18460 18488 18467 4257 18483 7408 2468 18472 3379 5243 18477 18487 18471 3430 18486 18464 18480 18449 18466 18455 18463 18476 18454 18470 757 18448 18450 18473 16300 7776 16094 18451 18447 18461 18485 18457 7718 4807 6944 18491 18490 18465 18482 18468
317 18499 15747 15760 18501 1044 18036 18508 18521 1811 18497 18524 18534 18494 18515 18510 18513 18532 1814 1932 18516 9887 18507 18519 18528 18522 18526 18502 18518 1045 18506 15781 1605 1824 18530 15782 18500 18495 8897 18525 18533 18517 18512 18493 18514 18529 18509
318 18557 1866 18554 18565 18559 18538 18575 18579 18544 18564 18568 1998 18581 18536 18580 18535 16669 18543 18542 18573 18560 18562 18571 18539 18545 18578 18317 18566 14761 18546 18551 18549 18548 16090 18574 18570 18541 18552 18540 12336 18555 18572 18547 2515 18553 16681 18561 18558
319 18604 18636 7413 18596 3023 18623 18632 18586 18624 18618 18613 18605 18587 18616 18627 1903 18634 18600 18585 18641 18603 18640 12866 18637 18606 7265 18611 18584 18612 18622 18629 18601 18628 18639 18607 18588 18615 18595 3871 3083 18582 7212 18593 16051 13807 18617 18631 18597 1686 18609 18614 18635 18620 18598 18610 18630 18608 18589 18591 18625 18626
320 18665 18661 18650 18655 18686 18675 18668 18660 18656 18663 18646 18679 18678 18677 118 18644 18645 18667 18680 152 18649 12092 18688 18671 18670 18684 18664 13231 18653 18685 18676 15111 18659 17225 18643 18689 18690 4196 18683 18647 18658 18669 18657 18662 18681 18648
321 18720 1864 18698 18701 18712 18694 18711 8583 14096 18696 1998 18702 18722 16652 2186 16060 18691 15389 18703 1351 18707 18717 18704 18705 769 18719 18715 18709 18721 18714 18700 18699 18718 10321 10887 18706
322 18751 18736 18767 18760 18748 18738 18745 18729 18744 18732 18771 18723 18731 18741 18742 18724 5332 18730 18759 18746 18766 18757 18773 18749 18743 18728 18768 18726 18772 18758 18753 18761 18734 18765 18740 18764 18769 18750 18752 18754 18727 18762
323 18819 18786 18795 18794 18782 18808 18822 18809 18781 18785 18799 18775 18778 18792 12468 18825 18811 18827 18817 18815 18798 18816 14768 18821 18823 18797 18804 18812 18806 18790 5225 18802 18780 18466 16785 18820 2204 18814 9122 18796 2967 2497 18779 18818 4954 18791 18787 3212 18810 18805 18824 17870 18793
324 18883 18866 18855 18863 18856 18870 10734 18836 4798 18862 18833 18875 18841 18846 8315 18828 18872 18847 18877 18842 16225 18882 18858 4911 18871 18832 18849 18867 18852 18873 18853 18859 18861 18879 18835 18854 464 18857 18845 18839 18843 18840 18834 2701 18831 18868 18837 12236 18830 18878 18829 18874 18864 18851 18838
325 1224 13978 18897 18907 18920 18933 7565 18886 18930 18929 18922 18896 18887 12307 18894 7306 18934 1212 18940 18928 18942 18927 18941 18895 18909 18912 442 18899 18890 18902 18925 18938 18914 18892 18901 18913 18915 18910 18885 14922 18917 18931 18923 18893 18911 18939 18937 18906 18921 18918 18936 757 14883 18903 6918 886 18924 18904 18935 18884
326 18973 18947 18984 19002 18961 18980 18991 18951 18998 18990 18983 18976 18963 14665 18981 13955 18946 18960 18995 18988 18944 19006 12012 18953 18964 18952 18993 18958 18977 18994 18982 18992 18967 9129 18949 69 18968 18943 18965 19001 18945 1186 18985 18974 18956 11166 18979 18959 19005 18986 18996 18948 18966 18975 18950 4529 11894 14801 19003 6407
327 14677 19048 19010 19040 19038 19009 19022 19027 19045 19017 19049 19041 797 19032 19011 19031 19021 19033 2383 19039 19026 19024 19030 6233 19014 9665 19018 15969 19046 19028 19042 5926 19043 19015 19020 19008 19036 19023 19016 19019 19007 19047 16168 19029
328 19067 19105 7705 18849 19058 15231 19096 19081 19106 1229 19057 19100 449 19060 1243 10154 19089 19098 19109 19087 19115 19064 19082 19110 19086 8536 19052 19055 9518 19102 19113 19111 1416 19112 19051 19091 19114 16165 19107 19079 19053 19068 19069 19071 19056 19075 19084 19101 19072 19092 19066 19103 2796 19090 19074 3504 19077 19085 14911 19062 19093 19104 19076 19059 19097 19054
329 19155 19163 19151 19133 19153 19161 19125 19131 19147 19157 19119 19140 19126 12300 19124 19128 19152 19154 19144 19137 19136 19121 19139 19129 19132 19141 19135 19156 3256 19143 19162 18580 19158 19118 19160 19134 19149 19150 19138 19122 15918
330 19166 19180 13693 19190 19210 19175 19194 19204 19191 19187 19214 19226 19213 19093 19179 19168 19221 19211 7311 19228 19188 19216 19222 19182 19184 19195 19207 10039 19164 19224 19183 19181 19215 19169 19225 19218 19193 19172 1374 19212 19167 16204 1843 19208 19209 19206 19227 19217 15234 5853 19220 17544 19223 19192 19170 19203 19178 19171 2671 19199 19200 2702 3653 19165
331 19240 585 19270 19262 19256 19249 19250 19247 19231 19268 19236 19274 19276 12345 19257 19234 19230 19263 19278 19260 19238 19258 14935 19267 19277 19248 19171 19266 19264 19261 19252 19259 19280 9636 19245 19275 19235 19269 19273 19279 19232 19251 8699 19239 19272 19243 19229
332 19281 19297 19290 19283 19286 19298 19284 19291 19285 19295 19296 19293 19287 19288
333 19299 19310 19327 5168 19332 19312 19334 19322 11481 5167 11742 19315 11485 11786 19319 19326 11476 19307 8089 5154 19305 19314 5161 19336 5157 5160 8107 19306 5166 5149 5158 19308 19320 5147 19335 11940 11799 19323 11741 19313 19309 11776 19321 19324 11497 19316 19333 5146 19331 5163 11800 5159 19317 5145 5165 19330 5148 19302 13854 19318 19304 11490 5150 11749 19328 11495
334 19358 19343 19341 19368 19379 19386 19356 19351 19357 19362 19370 19384 19359 19390 19388 19346 19361 19345 19342 19375 19394 19392 19352 19355 19353 19381 19347 19383 19364 19338 19373 19376 19374 19366 6685 19348 3356 19344 19385 19389 19369 19382 19363 19377 19371 19393 2631 19380
335 19400 19412 19446 19436 19455 19437 19459 19430 19460 19445 19425 19453 19449 19403 19413 19421 19462 19454 19419 19407 19451 19447 19429 19457 19405 19434 19442 19431 19423 19456 19426 19404 19399 19414 19422 19397 19408 3304 19410 19435 19438 4458 19411 19439 19395 19463 19398 19427 19444 13951 19458 19420 783 6261 19448 19433 19452 19443 19461 2742 19441 19409 19424 19416
336 19479 19465 19491 19475 19477 19500 19501 19473 19485 19474 19490 19496 11635 19502 19484 19483 19468 19481 19469 19498 19486 7446 19480 19499 766 19466 19482 19478 19471 19487 19495 19492 19497 19472 19476
337 19542 7887 19541 19535 19514 19527 3520 19519 19549 19543 19517 19523 15116 163 19528 19524 2560 19521 19509 19539 19552 2585 19506 7928 8000 19550 19531 19536 19530 19508 19505 19533 19554 19510 19544 19512 19553 19534 19546 19520 19532 19537 19513 17418 19551 19548 19547 19529 19538 19516 15490 4486 19503 19515
338 19576 19580 19583 19586 19608 19601 19606 19574 19559 7984 19562 19598 19577 19561 19581 19560 19594 7928 19602 19557 19582 19568 19572 19571 19564 19585 19588 19593 19605 19579 19600 19590 12016 19603 19578 19592 19570 19591 19573 19609 19597 19556 174 27 19607 16254 19565 19587 19596 19595
339 19619 19630 19615 19653 13016 19633 4 19613 19631 19639 19623 19647 19621 19651 19624 19620 19612 19656 19654 19626 9868 19658 19629 19628 19622 19644 19657 12971 7899 19627 2329 19636 1582 19655 19652 11540 19664 12042 19659 19614 19646 2345 19638 19645 3289 19650 19610 3599 19616 19648 19662 19665 19641 19642 44 19611
340 19710 19678 3201 19717 19725 19689 19683 19696 19677 19667 7057 19730 9943 19732 19722 19682 19726 19723 19692 19695 19708 19711 19684 8126 7092 19679 19673 19686 19668 19728 19669 19705 19707 19734 19676 5729 19704 19687 19690 19713 19675 19736 19719 19688 19720 19715 19674 19701 19739 19693 19737 19721 19702 19699 19685 19706 19670 19729 19735 19716 19733 19714 19681 19709 19738
341 19763 19793 19741 1465 19767 19768 19764 19745 19757 19752 19801 19807 19799 19744 19773 19818 19795 19775 19786 19809 19759 19783 19740 19766 19811 7219 19806 19771 19782 19755 19785 19748 14369 19810 19747 19780 19790 8230 19760 19774 19804 19805 19753 19756 19797 19796 19778 19742 19788 19817 19815 19749 19787 19802 19758 19803 19770 19746 19743 19754 19789 19769 19792 19779 19777 17876 19784 3360
342 19841 19827 19850 63 19853 19856 19643 19829 19821 19866 39 19849 19832 19865 4332 19861 40 19860 19825 19847 19834 19819 1582 19826 9868 19854 19839 4212 19831 4113 19844 19828 19822 19864 19863 38 31 19858 19820 19852 19835 19837 19859 41 19855 3270 19843 19857 46 19833 1137 19845
343 19870 19904 19897 19873 19906 11294 19888 19887 19903 19881 19880 19891 19868 19182 94 19905 19876 19883 19895 19909 2884 18716 19879 19878 19902 19884 19898 4793 19894 19908 19907 19890 19899 19889 19869 19867 19892 11905 19896 139 19882 19886
344 12564 19929 19059 1222 19937 19926 16307 1215 19958 19965 9262 19936 1447 19927 19916 19917 19939 19924 10135 19938 19961 19944 19062 19913 19942 19912 19923 19953 19964 19959 19960 19954 19956 19919 19915 19947 3064 19962 16104 6936 19931 19934 19925 19922 19921 4873 19955 19948 19946 19932 19920 19935 19914 19928 19952 19963 19941 19967
345 19989 19994 19975 19979 20028 19971 19987 20017 20019 11084 4103 20025 10303 7855 20031 9449 20002 16207 2727 20016 20023 20018 19988 19984 20015 19980 20006 20001 20033 19986 3165 20024 19993 19996 20021 20020 19990 19997 1406 19991 19977 19999 19969 19998 20007 19983 19995 5932 19992 20003 19978 19972 5254 20014 20026 19974 20010 20005 18899 20000 20004 20011 19981 19970
346 5318 20071 20067 14344 20084 443 20081 8823 20042 20040 20087 20044 20083 20035 20073 20065 20076 20080 20079 20085 20066 20039 20045 12079 20052 20034 20062 20063 20086 20048 20056 20041 20091 20036 20090 20046 20089 812 20059 20050 10990 20058 20043 15667 20038 20057 20068 13919 20074 20069 20092 20055 20072 20082 20077 20037 20064
347 20142 18609 20127 2571 20117 4852 3307 20099 20110 20109 1891 20137 7595 20124 16501 20101 2238 20107 5366 20095 20118 20116 20108 3023 20098 4236 20129 20141 20131 20113 1357 116 20096 20134 20097 20138 20103 6500 20140 20104 20128 20125 20093 20114 20126 16499 20115 12340 20133 20094 7353 20132 17897 20123 20135 1903 7327 20106 10887 20119 20105 4798 2829 20111
348 20160 20185 4577 20151 13693 12713 20148 20196 7010 3153 20174 20155 20169 20119 20166 20180 20165 20177 20192 4676 20167 20184 20197 1726 20164 20145 20154 18701 20203 20158 20163 20147 7219 20157 20176 20194 20175 20190 20172 4559 20193 20202 7267 20153 12167 20146 20152 20178 20162 20205 1866 20188 1678 7262 20198 20187 20199 20182 20150 7356 20181 20171 20201 20149 20200
349 20246 6522 20232 20218 20249 20226 20231 20250 20230 20258 20253 9988 20229 20233 20245 20214 12043 20219 20244 7877 14205 20225 15501 17408 20215 17274 4793 20222 19520 20257 13115 996 20207 20252 20220 20208 20228 20260 8152 13751 20256 8390 20255 20224 20213 11539 20243 17277 2555 1027 20223 4236 19349 20247 20248 20241 20216 20209 8292 20210 4187 20242 5102 993 11538 20221 20259 20212 20254 20227 12468
350 20282 20292 20308 20314 20266 6328 20316 7703 20295 1398 10619 20291 20272 20267 2481 20302 20312 20263 20168 20262 20271 20318 20275 20296 20298 13483 20270 20299 20310 20269 20307 15939 20287 20317 20286 20276 20264 20274 20309 20273 4793 20261 20283 2626 20290 11842 20301 20265 20313 20305 20278 20284 20285 20281 20300 20294
351 20323 20348 20397 20362 20324 20383 20379 20372 20374 20395 20320 20326 20386 20378 3814 20344 20359 20353 20371 20355 20392 20334 20363 20394 20332 20376 20357 20345 20398 20333 5119 20336 20365 20338 20360 20377 20327 20393 20325 20343 20337 20373 20391 20350 20322 20389 20331 20321 20384 20329 20341 20335 20349 20366 20396 20319 20385 20382 20354 20381 20346 20340 20328 20361 20352 20356 20351
352 20417 20403 20423 20407 20429 20400 4196 20422 20426 20433 3540 15489 20419 20436 116 11628 20428 3564 20430 20401 20424 20420 20438 20425 20399 20440 20405 20410 15074 13081 20415 20435 20408 20409 20437 20414 15541 20413 20416 20404 20439 11804
353 11927 20445 20490 15179 20493 20495 20460 20454 20443 20472 20474 20498 20455 20479 20462 20467 20449 20470 20481 15116 20486 20475 20459 20504 20491 20469 20492 20442 20499 20480 20450 20466 20461 19508 20502 20494 4157 20476 20458 20501 20483 20484 20452 20477 20444 20488 20456 14883 20441 20448 20471 20473 20457 20447 20465 20485 20451
354 3599 20523 20533 20530 20560 20535 20561 20542 20510 20514 20513 20550 20506 20549 20518 4233 20559 20507 3270 11602 20557 19624 16966 20539 20562 16993 20528 20554 20552 20532 20522 20540 20548 20534 20521 20555 20556 20537 20524 3263 20520 20538 20545 20558 20529 20553 20546 20541 20509 20525 20544 20512 7865
355 20599 20574 20603 20625 20590 2833 20629 20575 20600 20631 20598 20583 11275 20614 20601 20564 20634 20616 10487 20572 20636 20567 20610 20638 20630 20607 20594 20586 20587 20620 20565 20621 20637 20611 20566 20602 5895 20635 20624 20596 9108 20609 20626 20628 20568 20591 20633 20632 20580 20589 20581 20595 20577 1751 20615 20578 20582 20585 20592 20593 20570 20608 20627 1582 20612 20579 20569 10187 20606
356 20663 20639 1624 20682 20657 20669 20676 20661 18874 20653 20654 20675 20679 20684 20642 20667 20641 20678 3403 20686 20646 20651 20665 9574 20659 20687 20672 20640 20650 20655 2773 20685 20673 20664 20668 20689 20644 20660 5039 20671 20649 6262 20656 20662 20645 20652 20683 15742 20666
357 20695 20718 20723 20698 20705 16130 2957 20703 20711 18023 20701 20712 6172 20694 20722 20702 20697 5783 20721 20709 20704 20716 20720 20715 20696 20691 20713 7417 20700 20693 20708 20714
358 20773 20726 20743 14419 20752 20759 20748 20753 20761 20758 15331 20739 20728 15967 20754 20737 20775 20756 6434 20762 20749 20734 20744 20757 20751 20746 20763 20767 20760 20735 20770 466 20774 20777 20745 3179 20742 20747 20750 20766 20741 20727 20755 12844 20772 20736 20776 20768 20769 20765 20738
359 20803 7129 20818 13227 20820 20808 20814 13311 20779 20780 20822 20792 20815 5361 20790 20778 20794 20817 20796 20789 6002 8124 20784 20797 20816 20801 20809 20819 20821 20823 4794 20783 7147 10165 20785 20782 20802 20787 20804 20805 20791 7148 20781 20813 6537 20799
360 20850 20856 20871 20882 20832 20862 20864 20874 20869 20841 20842 20881 20861 20878 20873 7507 20866 20863 20872 20834 20858 20843 20829 20853 20836 20830 20870 20875 20854 20847 20845 20844 20867 20851 20880 20883 20835 20827 20848 20877 2950 20859 20868 20852 20879 20855 20833 20837 9707 20828 20846 20825
361 20914 20896 20924 20911 20888 20891 20901 20885 3505 20894 20918 20903 20930 20919 20898 20908 20925 1822 20923 20939 20935 20905 20889 20887 20907 20942 20886 20892 20902 20884 3468 8727 3481 20904 9829 20917 20912 20897 7074 20936 20941 20890 8583 20934 12713 20906 20921 20900 20910 20937 20943 20899 20895 20893 20929 20931 3864 20926 20915 14951
362 21003 20962 20997 20996 20978 20949 20251 20987 20973 20979 1217 20993 20974 20999 20945 20951 16093 9272 20964 20980 20977 20983 20971 15528 7734 17315 4870 9255 10074 15820 20954 20982 4960 20946 20967 20990 12468 20988 5729 20960 20959 20963 20991 21001 20956 20968 20992 1617 9261 20965 20944 20984 20953 20969 20950 21002 21000 20958 20989 20975 20972 20994 20986 6537 20955 20957
363 16423 21052 4263 21060 21044 8797 21014 21015 21017 21013 224 21030 21041 4705 20959 21035 2829 21047 2533 5297 21011 21049 21025 12244 21045 21056 7370 21032 21009 21008 1903 21042 21034 2068 21007 21038 21055 21040 21050 21043 20104 3150 21039 21031 21012 21059 21024 21027 21006 21023 21036 21053 21033 21029 21021 21058 21020 21026 450 21037 21022 21018 3153 21048
364 21064 21075 21068 21071 21072 1359 21076 21079 21070 21074 21077 21078 17538 21066 21067
365 21101 21149 21091 21093 21120 665 21085 21160 21112 21108 21081 21142 21121 21090 21109 21146 21148 21136 21116 21129 21111 21137 21128 21151 21157 21114 21132 21099 21087 21135 21089 21161 21150 21153 21156 21164 21094 21127 21095 21166 21145 21123 21155 21143 21097 21092 21140 21124 21084 21122 21147 21134 21125 21126 21104 21110 21159 21162 21086 21133 21130 21144 21163 21098 21083 21152 21102 21082 4803 21141 21113 21105
366 21186 21177 21175 21173 8927 4221 21199 21187 21196 4793 21197 21188 21209 21201 21181 21176 20435 21194 21174 21191 18490 21212 21213 21185 21205 21192 21207 21178 21195 21172 21190 21202 21182 21204 21180 21206 21184 21211 2552 556 21198 21170 21189 21168
367 21214 21218 21215 21217
368 13716 21242 3869 21245 21246 21253 21227 4852 21276 10903 21238 21231 21268 21261 21223 21260 21244 21226 17019 21263 21241 17262 21257 7724 21233 21229 21275 21225 21256 9834 21255 17330 21250 21262 21252 21264 21222 21254 2568 21270 21247 21259 4122 21236 21249 3064 21237 21221 20247 21224 21279 21220 21234 21230 20773 21240 21239 21272 21228 21271 21232
369 21332 21287 21313 21330 21312 21335 4852 6533 21299 21288 21291 21320 21292 1405 21326 21305 21280 21307 18934 21317 21303 21325 21339 21284 21319 21310 14946 21295 20765 21322 21327 21340 21296 21281 21331 21289 21324 21300 10102 21338 21282 21328 21301 21294 21297 8381 500 21298 21308 21315 13950 21314 21321 21293 21316 21334 21290 21306 21304 21337
370 21385 21397 21373 21392 21396 21404 21354 21388 21343 21372 21387 21344 3864 21383 21370 21376 21382 21364 3335 21362 21361 21378 21348 2828 21395 21349 1385 5932 3496 21374 21405 14106 21390 21381 15216 21367 21347 3774 21358 21365 21401 21386 21366 21375 21363 21380 21368 7856 21357 21398 21353 21371 21345 21356 21351 21393 21379 21400 21391 21350 21342 14742 21384 21377 19739
371 20685 21433 21429 21410 21406 21439 21416 21421 21419 21418 21425 21430 21441 21427 21407 21363 3858 4755 21415 21428 21414 21448 3800 21451 21443 21434 21444 21431 21409 21442 21432 21408 21426 21438 7554 21411 21420 21423 21435 21436 3856 21417 3791 21422 21412
372 21485 21471 21510 21501 21493 21467 21487 21458 21481 21495 21465 21507 21457 12631 21472 21505 21484 21478 21509 21508 21506 21463 21456 20419 21500 21461 21483 21504 16068 21455 21492 21503 1651 21475 21464 21469 21488 21482 21502 21490 21460 21476 21498 21453 2476 21468 8403 21480 21494 21462 21496 21454 619 21473
373 21556 2565 21513 21527 9854 21574 21568 21548 21535 21571 21559 21578 172 21553 21573 265 17339 21567 21572 21570 21547 17321 21545 21566 21531 21576 13100 21529 21539 21533 21516 21532 21552 21525 21514 21524 17433 21562 21520 21540 21546 21521 21538 21534 21518 21551 20592 21544 21511 21564 21543 21550 21558 21517 12 21577 21563 21515 21560 12176 21561 21522 21555
374 8171 4430 21580 21584 17269 21579 21591 21599 21597 21615 3270 21618 21611 21608 21606 12165 19550 21604 21585 9887 21594 21619 1582 21583 4486 21624 21588 21598 21622 21621 21609 21601 16501 18276 21593 21602 21592 21612 21586 7887 21610 21590 21595 17418 21603 19072 21613 13067 21596 21600 21617 21581 21582 21614
375 21635 21633 8464 21629 21628 21637 21632 8463 21631 21625 21626 21630
376 4841 3123 5458 21656 21657 21689 21650 21653 21655 21673 21654 21678 21639 21668 21688 21682 21644 21675 21674 21658 21669 3393 21670 21666 21665 21661 21648 21679 21649 21676 21641 21677 21686 21638 21660 21681 21663 21687 21672 21659 21692 21640 21651 21647 21693 21684 19330 21683 21685 21680
377 21718 21745 21741 21759 21735 21726 21696 21734 21714 21774 21746 21699 21748 21708 21697 21756 21729 21760 21700 21709 21715 21761 21743 21769 21728 21733 21707 21701 21716 21713 21747 21710 8418 21712 21738 21763 21694 21771 21766 21764 21703 21704 21737 21706 21770 21742 21702 21767 21744 21762 21773 21752 21758 21754 21731 21717 21740 21724 21705 21753 21711 21739 21722 21755 21750
378 21798 21793 21794 10192 21827 21777 21814 7902 21784 21775 21832 21788 21785 21808 21778 21807 21789 21830 21822 21776 21819 21815 21833 11583 21810 21802 21790 21779 21816 11867 21806 21800 21820 21829 21803 21791 21804 21796 17409 21831 21809 21824 21828 8161 21786 21817 21787 21835 21836 20240 21792 21783 21797 21813 21811 21781 21780 21812
379 21848 21853 21867 21844 21855 21862 21856 21869 21871 21851 21846 21875 21866 21849 2216 21870 21852 11319 21863 21868 21840 21873 21839 21857 21838 3660 11830 757 21850 4854 11683 21874 21845 21872 21841 21861
380 21940 3291 21890 21896 21926 21951 21932 21884 21878 21904 21933 21949 21893 21922 21900 21911 21907 11595 2374 7499 21957 21935 21882 21927 21895 21918 21880 21919 21891 21930 21899 21877 21876 21906 21923 21947 21939 21892 21575 21934 20560 21902 21888 21920 21941 21917 21953 21924 21950 21894 20838 21952 14512 21946 21897 21887 21889 21944 21938 21929 21908 21886 21916 21943 4194 21921 21883 21912 21898 21936 21885 21879 21954 21948
381 21989 22003 21980 19566 21969 16966 21986 21976 21960 22017 21999 22022 21981 22012 22002 21965 21984 21977 21993 21962 21978 22008 21982 21990 21979 21985 21996 21987 21995 22009 22019 21974 22023 22006 21967 21970 21998 21786 10788 4521 21966 22013 22018 22021 9991 20232 14016 21963 37 21971 22004 21961 21964 21988 21972 22020 21994 556 22001 22010 21597 21991
382 22064 22075 22054 22043 22069 22078 22074 22032 21983 22059 22065 22036 22046 22042 7499 22079 22068 22055 555 22073 22070 22062 22026 8134 22039 22038 22034 21968 22024 22037 22027 22071 22058 22057 21967 22030 22077 22051 22081 556 3557 22035 22083 22048 22049 22045 22029 22028 22063 22080 22031 22041 22033 22025 21982 22052 22061 22084
383 22119 22123 22098 5318 22121 22109 3665 1686 22117 22088 4400 22137 5696 6702 7262 22134 22063 22095 22093 3669 22086 22130 22139 2671 22108 1091 1915 22136 22114 22089 22087 22102 22112 22129 22101 22126 22140 22132 22133 22103 19762 22116 22111 22110 22091 22135 1304 22118 22124 22105 1673 22138 22128 22097 22106 20150 22113 22094 22090 22096
384 22173 22155 22157 22200 22202 22194 5807 22196 22197 14231 22176 22142 22143 22147 22150 22165 22195 22149 22190 22182 22166 22145 3817 7213 22148 22192 22154 22180 1915 22201 2539 22187 22204 22153 22170 21055 5478 22188 22199 22185 22102 12167 907 22162 22161 22172 22184 22144 22156 22171 22169 22175 22159 22167 22203 22178 19349 22198 22174 2576 7162 22160 22163 22179 16109 21846
385 22227 22217 22248 22251 22207 22242 22230 22240 22223 22236 22211 22212 22247 22244 22216 7433 22243 22213 22245 22208 12336 22246 22209 22241 22226 22215 22255 22218 22224 22214 22238 22235 22253 22222 3372 22225 22239 22254 22219 768 22221 22228 22250 22232 6002 22252 13861 22210
386 22282 6650 22278 22308 22279 22283 22265 22328 22273 22327 22321 22329 22266 22288 22306 16494 22289 22299 22301 22309 22307 22261 22269 22281 22284 22286 22274 22322 22315 22268 22330 22263 22280 4274 22300 5511 15322 22285 22259 22319 22314 22325 22264 22267 2967 2216 22291 14639 22270 22302 22290 22293 22304 22257 22297 22277 22310 22276 18096 22303 22260 22275 22324 12336 22287 22320 22271 22311
387 13240 22385 22343 22386 6684 22351 22388 22348 5123 22355 22366 22333 22344 6442 15839 22359 22335 22360 22371 22377 22358 22349 22391 22380 22374 22341 22383 5335 21873 22376 22368 22378 22332 22357 22392 22361 6701 22370 22346 22389 22363 17628 22373 22375 22362 22390 22364 22337 5545 1408 22331 18898 22394 22334 22340 5348 22367 22345 22372 22382 22339 22352
388 22431 22416 22410 6537 459 22404 22438 1866 22436 22435 22428 22400 22444 22437 22397 22422 22418 3479 1217 22423 3478 22401 22433 22443 22429 22398 22424 7125 22406 22442 20129 22420 22399 22405 22427 22408 22419 22445 8407 22407 7353 22412 22414 22440 22411 3500 22434 22430 22432 22417 22409 22402 493 8777 22439
389 22490 22447 22480 22448 7306 22502 22467 22491 22453 22461 22484 22456 22450 22499 22463 22464 22466 22489 22465 19176 6282 22470 22479 22498 22486 22481 3503 5982 22482 22455 22478 22488 22500 22487 22474 22476 22452 22492 22494 22459 22451 14971 1397 22462 22458 22477 3478 22454 10003 22471 22475 22485
390 22528 22570 7701 22533 22556 22541 22545 22538 22514 10018 22515 22530 22540 22536 22554 22516 1377 4092 22552 22517 22534 22559 19951 22553 20930 10395 22568 22510 22565 22519 22542 22527 22509 22546 22544 22563 22551 22567 22521 22532 22531 22511 22550 22522 19247 22566 22525 22539 7306 22561 22549 22548 19914 22505 22520 22569 22518 22557 3478 22555 22506 22503 22507 22504 9795 22526
391 22618 22588 22587 22620 22591 22621 12842 22608 22593 1664 12866 22605 22585 6904 22614 22576 9988 10642 22577 2828 7756 22603 1387 458 3503 22571 22592 22572 14969 22611 22604 11512 406 4263 22601 19992 22574 22579 22580 22595 22597 22622 22582 22590 22599 6430 22586 22583 22612 22606 3103 1386 11194 22615 22589 22607 22617 22578 22594 22596 274
392 22628 22632 22638 22663 22637 20446 19532 22643 22644 22641 22634 22630 22625 22635 22645 22654 17390 22640 22657 22648 28 22662 22631 22653 22649 22629 22658 22626 8172 22652 22646 22627 22664 17285 22647 22633 22624 22655 22661
393 22693 2282 1217 22720 6421 22700 22724 22665 1932 22707 22673 20962 22697 22669 22699 22719 22675 22677 1617 22676 6537 22722 22694 22706 22681 22688 22682 22684 22727 22712 22686 4263 22716 22692 22672 22690 22714 22670 22725 20949 22721 22726 22723 6260 6664 22704 22705 22708 22703 22701 22674 22698 22668 1056 22718 7734 6542 22679 22713 10750 22717 22689 22680 12868
394 22732 22739 20277 22757 22759 12626 22748 22745 22755 22754 22760 22730 22729 22750 15712 18431 22758 22749 22761 15715 22736 22742 22738 22728 12623 22751 21066 22737 7674 22752 22744 22735 22741 6359 22747 22753
395 21272 22768 22789 22777 22776 22803 22836 22823 22805 22816 22764 22799 22800 22825 22824 22766 22781 22830 22787 14677 22793 22818 22821 22826 22814 22829 22831 22791 22804 4521 22811 22773 22770 22819 22832 22809 22813 22763 22771 22797 22840 22807 22782 22778 22769 22772 22795 22788 22801 22833 22837 22784 22790 22779 22798 22785 22828 22765 22796 22822 22812 22775 22794 22834 22767
396 22858 22865 7262 22857 22881 22866 22867 22888 8407 7023 22845 22862 22856 22893 22853 22892 2671 1662 22873 22891 22889 22885 14677 22876 22894 22841 22864 22868 22859 22861 22863 18869 22851 22870 22882 22895 22844 22850 22877 921 22852 22847 22872 22860 21419 22884 22886 22849 22871 22846 22880 22869 22848
397 22934 22930 22933 22916 22901 22907 22910 22923 22936 22911 22927 22935 22932 22913 22908 22926 22921 22939 22900 22917 22931 22914 22904 22906 22937 22922 22920 22919 22912 22898 22924 22929 22909 22918 22902
398 22952 22948 6211 22954 22964 22969 22950 22990 22946 22944 22959 22953 22978 22943 22962 22995 22966 22958 22965 22960 22992 22993 22987 22945 22984 22981 22967 22963 22998 22973 21360 22941 22961 22979 22949 22971 22986 22988 22968 22942 22980 22982 22951 22997 22983 14830 22972 22975 22989 22996
399 23004 23039 23017 23032 23041 23028 23011 23067 23019 23040 23065 23036 23014 23027 23008 23063 23049 23020 23029 23003 23069 6502 23024 23042 21852 23059 23051 23062 23048 7797 23023 23052 23000 23005 23015 23046 23056 23058 23018 23068 23002 23064 23016 23043 23033 23034 23053 23007 23013 23001 23038 23010 23044 23054 23022 23071 23047 23025 8953 23009 23066 23037 23055
400 12419 23105 23125 23077 23091 23099 23098 23102 23072 23100 23093 23087 23113 23090 23110 23118 23073 23122 591 23092 23074 23101 23085 23126 23084 17853 23104 23097 455 23115 23095 23089 23117 23083 23103 23094 23128 23121 23080 23106 23096 23079 23088 2891 23075 10923 23127 23112 23078 23086 23114
401 23170 23185 23163 23160 23134 23144 23154 14041 23165 23180 23168 23173 23177 23159 8030 8292 23161 23183 23149 23175 3910 23131 23171 23142 23164 23186 23174 23167 23145 23135 23141 23148 10222 23152 23156 23181 23130 23139 23132 14680 23162 23187 23179 23169 23184 23143 23140 23172 10790 23150 23182 23166 23153 23138 23155
402 23227 23219 23200 23195 23203 23204 23216 23199 23229 23226 23209 23234 15441 23235 23236 23207 23190 23210 23192 23217 23189 23205 23213 23223 23196 23221 23218 7482 23231 23225 23224 18964 23206 23194 23214 23230 23232 23228 4241 23201 23233 23215 23211
403 23262 23246 23239 10923 23244 12849 11628 23259 23297 23269 23243 3600 23253 3284 23263 23287 23285 23289 23260 23271 12894 23255 23261 23242 23250 23268 23240 23288 23274 23293 4212 23248 23258 23284 23282 23273 23290 23277 12848 23294 23256 23291 15892 23266 23249 23264 23237 23251 23295 23272 23252 23283 23245 16777 23238 11559 23276 23247 23286
404 23313 8172 23322 23317 2353 23320 18472 22008 23325 23311 23339 23316 23303 23344 23324 23299 23319 23342 23331 23302 23298 23335 23330 23346 23308 14349 23312 23328 23301 23305 23309 23349 23318 23327 23350 18276 23333 3540 23300 23351 20234 23315 23343 23304 23326 23337 23340 23314 23329 23336 23352 23321
405 23401 23376 23386 23390 23373 23371 23369 23395 23388 3263 23357 23404 14389 8034 23378 23377 23396 23391 21789 23389 1278 23392 3932 23411 17474 23240 23375 23408 23364 23366 23397 23385 23402 23400 23394 23380 23360 23361 23384 23399 23393 1000 23409 23332 23362 23370 23358 23403 23368 18276 23367 23410 23405 23363 23374 23379
406 23434 23430 23431 23412 22057 23436 23433 23332 23427 23414 23416 23432 6451 23435 23429 1002 23415 23425 23428 23420 23418 23424 23423 23422
407 3544 23464 23472 23460 13762 23474 23471 23450 23437 23440 23446 23478 11633 23477 18455 23447 23458 1529 2006 23452 23463 2230 23451 23480 23459 23470 13758 23473 23453 23475 23454 23438 23468 23439 3941 23481 23445 23466 23455 23444 23479 23457 23441 23449 23461 23456 9988
408 2527 23526 23513 23535 23523 23515 23532 453 23530 23518 23489 23502 23491 23494 23534 23498 23517 23510 23501 23492 23497 23506 23528 23548 23512 23540 8277 23487 23511 23516 23538 23549 23522 23509 23504 23520 23507 23533 23543 23519 23508 15575 23536 23496 23546 197 23542 23500 23493 23547 23484 14779 23483 23539 23550 23544 23486 23524 23525 7603 23527 458 23495 3665 23514 7501 912 6446
409 23577 23607 23603 23555 23583 23554 23566 10748 10642 23591 23585 23599 23553 23602 16497 23596 23608 23589 23600 23558 23563 23564 23562 20599 23579 23576 17139 23581 23598 23593 23587 23573 7590 23606 23611 23574 23575 7328 23580 23605 23578 7327 23570 23604 8449 23568 23582 23597 929 23506 23552 2724 23569 976 23557 23584 23561 23592 23609
410 23658 4521 23661 23651 23626 23639 23654 23653 23621 23666 23620 23617 23657 22698 23655 442 23615 23671 1402 23669 23647 23677 23660 23675 12806 23640 23631 222 23637 23665 23623 23650 23674 23638 23679 23614 23663 23662 23629 23641 23633 23627 23659 2468 23622 23673 23678 23624 23635 23628 1654 23664 23634 23648 23619 23668 23646 23642 23613 23645 23643 23632 23649 23630
411 23711 23698 23717 23707 7459 23731 23680 23685 11153 13466 2500 20663 10647 23733 23728 23696 12555 23724 23706 23722 23734 23705 23683 16146 23702 23681 7129 23713 17731 23691 18874 23712 14087 23689 14286 3478 3500 23732 23699 23718 23700 7734 23697 23715 23725 23703 23710 23723 1991 23708 7554 23730 23709 23704 23692 23693 4360 23720 23695 21343 23716 23690 16422 23726 12202
412 23771 23776 23785 23770 23777 8391 23755 23747 5730 23791 23740 23778 23787 23766 7213 23742 23762 23736 1931 23758 5844 23756 874 9259 23780 1998 23792 23775 23789 10923 8063 23768 23769 21603 3095 23790 23767 23752 23759 23782 23749 23754 23774 11895 1217 23753 23751 23744 23764 23784 23763 23741 23772 23760 585 23779 14922 23783 23735 23738 23761
413 23832 23808 23857 23818 6485 23823 23815 23843 9852 23813 23809 23864 23833 19191 23812 23840 23856 23859 23801 23862 23802 23794 23821 9294 23831 23798 23829 23854 23865 23793 23811 23799 23828 23848 23796 23841 23816 10017 23819 23814 5663 23845 23847 23797 23805 9278 23851 23834 23830 23853 23850 23800 23860 23855 23806 23846 23824 23820 23795 23858 23849 23839 23842 23861
414 23872 7903 3600 15139 23880 23902 23918 23882 23889 18482 23896 23869 23919 23876 23878 23871 23898 4236 23892 23877 23900 23915 23899 17278 23874 23891 23875 20220 3529 23885 23883 23903 23901 23890 19656 20234 23887 23910 12541 16007 23914 23913 4793 23905 23401 5123 23866 23907 23894 23917 23888 21618 23912 21619 23886 4154 21586 23879 13751 23895 23906 23904 23921 23916
415 23961 12176 16963 23950 993 15489 23946 6832 15548 23932 15532 23948 23944 8041 20239 17278 14605 16997 757 23967 23936 23422 21597 23968 15501 2230 23953 23927 23931 23939 4195 23923 23929 23964 23935 4494 23928 23947 23943 23933 23955 23934 7869 3576 23941 23963 23951 15173 23959 23958 17255 8034 23945 23971 17303 21638 15535 23960 15097 23938 23954 4520 15550 7983 23940 23956 23926 19547 23930 17421 23949 8013
416 19548 23992 19547 24028 23988 23980 2586 23993 24016 23995 24027 17278 24023 23026 23976 8097 24006 23997 23972 23983 24007 23978 17274 23986 24012 24004 17250 7983 24002 24015 23998 23973 23975 24011 23982 24003 24000 8152 24008 23974 24013 24017 24009 11830 24021 23985 2585 23979 7869 2230 24014 23999 23996 23977 20494 151 12875 24020 23987 23991 24001 24029 2560 24018
417 24033 24034 24052 24032 24073 24066 21592 24059 24045 24030 24064 24051 24043 24067 24063 24036 24060 5577 24056 24046 24050 24037 24038 24048 24061 24065 24042 24069 24047 24076 24031 24075 24070 24041 24039 24049 24054 24055 24044 24058
418 24114 24092 24095 24112 24119 24122 24128 11299 24111 24105 3388 12089 24107 24110 6172 24084 24109 24115 24121 24127 24083 24093 24097 24087 3832 24106 24118 24100 24124 24120 24089 24090 24123 24078 24098 24081 24094 24108 24113 24080 24096 24085 24102 3330 3668 24129 24086 24079 24099
419 24135 24166 24187 24136 24189 7475 1582 24178 24186 24156 24154 12842 24150 24139 24159 945 24134 24161 2723 12848 24164 24155 24142 1382 24169 24143 24180 24167 24158 24176 24151 5661 24165 24179 24172 24137 24183 24132 24173 24163 24138 24157 12569 24171 11937 24175 24181 12859 24133 24188 24160 19591 24148 24149 24141 24162 24177 24174 243 24185 24182 12846 24184 987 11275 8060 18109 23596
420 24227 24215 24209 24239 24210 24216 24238 24221 24213 11849 24225 24218 24190 7154 9227 24231 24197 24200 24192 24222 24194 24237 24233 24217 24219 1618 24240 24193 24229 24198 24228 2583 24211 24191 24196 11907 24206 24212 24230 24195 24234 24207 24224 24199 24235 12177 24242 24232 24203
421 24250 24269 19739 24256 17507 24272 24279 24249 24257 427 24253 24251 24277 22693 24283 24246 24274 24244 24252 24276 24255 24254 17233 24280 24270 24278 24267 12956 24245 24260 24262 24268 24247 24243 7225 24261 24281 24264 24258
422 8072 24297 24285 24306 24291 24301 24312 4772 24292 24307 24300 24287 24299 24303 24284 24295 24298 24302 24314 24316 11908 24296 24293 1540 24310 24315 24288 24309 15447 24313
423 24320 17514 24329 24372 13263 24353 24388 24379 24338 24371 21263 24359 24389 24375 24339 24331 24380 24383 24377 24348 24384 24318 24386 24332 24342 24376 24355 24369 24354 24317 24351 12271 24390 24328 24347 24368 24387 24321 24343 24337 24319 24370 24361 24356 24334 24352 24366 24327 24345 24325 24324 24333 24378 1875 24335 24323 24340 24362 24363 24391 24336 24374 24357 24344
424 7844 24454 24392 24415 24424 24427 24458 24418 24425 24432 24461 8419 24404 24430 24434 24426 24419 3441 24451 24433 24447 24396 24452 24417 24406 4721 24456 24439 24422 24395 3341 24423 24407 19729 24460 6944 24445 15201 24421 24397 24410 24398 24448 24440 5039 14039 24411 24450 24457 24446 24393 24435 24402 24420 24401 24403 24412 24429 24408 24438 24399 24437 24459 4306 24405 24394
425 24507 22111 24471 24491 24476 24513 12492 24509 2504 24466 16063 24490 470 24503 24468 24483 24481 24494 24498 24495 24467 24479 24515 21976 9343 24489 24477 24514 18116 24501 24482 24475 24487 2533 459 5647 24470 24485 24465 24472 5895 3864 24511 24473 24469 24480 24500 19434 24505 5948 24478 6519 12464 3150 6260 1907 24486 24488 24493 24464 16068 24492 8729 24504
426 4852 24531 24556 24558 24546 24526 12468 24533 24528 24525 24561 24516 24545 24548 24543 24574 24540 24530 24557 2866 24522 24520 13422 24524 24571 24517 24562 24537 24568 24527 7429 24535 24551 24566 24542 14708 24569 24550 15180 24536 24567 24565 24521 24560 24538 24534 24572 3324 24573 24547 18776 24539 10861 24563 24559 24555
427 1221 24586 2475 12741 16416 16408 24587 20949 2563 1217 24614 24594 24601 24608 4131 24581 24585 1416 24607 17893 24580 13994 6609 24616 24613 24579 24618 24609 24596 16156 6913 6907 13212 1670 24621 24617 766 24597 17749 24603 24602 3474 24595 24588 24576 24612 12555 24582 24583 24610 24623 24593 24622 24584 24578 24590 1617 24606 24611
428 7092 116 9792 24628 12551 24648 24661 24647 24646 24669 24640 5883 1529 24629 24636 24651 21693 4797 21592 24668 4479 24673 134 24642 24656 24632 22116 24652 23026 24677 460 20072 24631 24665 24660 24649 17275 4220 24625 7406 24626 24676 24644 24678 5232 24643 24630 8835 24641 24657 24662 21419 24645 24633 23238 24674 183 23871 24650 24667 24655 18472 18660 7996 24638 12875 24670 23088 5704 23891 7714 24654 24659 24653
429 24692 15201 24709 1619 24716 24721 23094 24679 24684 24714 8822 24720 24706 24682 24712 24723 24689 24718 21704 24702 11471 24719 24697 24695 24708 24681 7105 24707 24711 24705 24724 24686 4646 20818 24710 24699 12326 24691 24680 24696 24690 5232 24715 24698 24713 11425 24701 24688 7338 2678
430 24787 24789 24759 24791 24774 24769 24740 24782 24785 3610 24742 24746 24743 24767 24744 24741 24733 24772 24727 24729 24732 24793 24788 24781 24753 24731 24758 24763 24784 24790 24761 24778 24779 24755 16377 24726 24770 24786 24756 24780 14447 24728 24734 24794 24792 24754 24737 24748 24751 24745 24738 24762 24766 24760 24768 24765 24736 24747 24735 24764
431 24819 24832 24815 24808 24830 17912 24824 24839 24800 4361 24822 24841 24816 24826 9702 855 24811 24821 24842 24812 24835 24813 12461 24806 24797 9129 12402 5556 24809 24823 24838 24802 24827 24840 24836 24798 24833 24803 11620 24807 24801 24796 24831 24814 24817 24818 24804 5226
432 24861 24870 24866 24857 24854 24862 24847 24873 24872 24848 24844 24845 24868 24850 24843 24853 24856 24867 24863 24858 24859 24852 24851 24869 24871
433 24874 24879 24875 24881 24876 24878 24880 24884 24882 24887 24877 24888
434 9516 24915 5903 19097 24935 19417 24940 10131 24917 4025 24942 24916 24901 24924 24929 24938 24934 24896 24931 24900 24946 24890 4276 9532 24909 24918 24906 14918 24941 24892 24944 24919 24904 19070 24945 24891 24914 13459 7129 24913 24897 24903 21612 4193 7020 24912 24926 16156 24910 24927 24920 24921 24899 23083 24923 24902 24908 24928 427 24894 24898 20945 24933
435 24968 5781 24989 1651 24985 24982 4838 24951 24957 10563 2521 547 24992 14797 2160 24987 1552 17946 24964 18031 24965 24958 24948 24954 24986 24991 24990 24988 24995 24977 10911 16643 15440 24967 24984 24972 24975 24976 24962 24960 19624 24953 24974 577 24979 24983 12145 12202 2866 24978 14769 24956 18535 18794 24969 24971 24981 24949
436 22909 25011 1357 25033 25031 25008 25021 25029 25032 25006 25026 19919 18695 25002 25043 25013 17911 25010 22467 25019 11874 25005 25022 25001 25020 766 25030 25042 25016 25035 18907 13996 24997 24999 25024 25045 25000 2473 25014 25036 25004 25007 25003 4026 25028 25025 3445 25044 25046 25009 3446 25037 25038 25034 25018
437 25063 25057 25054 10813 25080 11602 25047 25068 25053 25070 25077 25078 25066 17143 25083 7974 25088 25065 25098 25061 25087 25093 25059 25056 25050 25090 25096 25074 25069 25064 25055 25095 25062 25051 25091 25073 25092 25099 25097 10497 4194 25075 25058 25067 25089 17434 25085 25072 25094 25081 23412 25049 25079
438 555 25131 25134 25138 7974 25126 25139 1408 25109 25103 25146 4195 25119 25104 14486 25150 25156 25122 25143 25153 25105 25127 25107 25144 25141 25121 24633 25117 25151 25118 25111 25145 25115 25132 10732 25124 25133 25157 25113 25135 25152 25116 25136 25149 25114 25154 25155 25148 23137 25142 5753 25137 25130 25102 25140
439 25168 25190 25186 25192 11208 25170 25218 457 25220 25195 25209 25210 25199 25182 25166 25204 25196 25208 25211 25159 25193 25179 1903 10484 25183 25213 25185 25212 25202 25176 25222 25184 25187 25171 25221 25217 500 25180 25197 25216 25177 25172 25194 25223 25178 25160 7715 25203 10381 25167 25206 25165 25215 25175 25163 25219 25207 25188 25191 25173
440 25266 15056 25254 25263 25277 25267 25245 25232 25224 25273 19625 25259 23935 3265 25243 25251 2022 25270 25226 25269 25234 25274 4486 25239 2899 25242 25247 25255 1556 25253 23088 19228 25244 25278 25252 25268 25238 25249 25264 25281 25240 25261 25258 25257 25256 25233 25228 25225 25275 25271 25237 25241 2316 17874 18282 25250 25262 25279 12917 25229
441 1822 25321 25316 25294 25311 25302 15968 25331 25324 25284 25312 25306 25303 25327 25309 19524 25330 9932 25289 11554 25298 25332 25326 25308 3085 19171 25292 17893 25296 25283 25305 25290 25299 25315 25314 25310 12345 25285 25319 25304 25297 5780 25287 25313 25328 25295 25325 11660 25286 25318 25293 24223
442 25358 25340 25394 25374 25370 25367 25377 25368 25362 25382 25349 25385 25338 12666 25356 25395 25345 25378 25344 25353 25351 25393 25334 25348 25391 25354 25381 25373 25386 25389 25355 25347 25341 25342 25379 25376 25357 25359 25337 25343 25364 25369 25360 25336 25372 25352 25335 25333 25383 25346 25390 25361 25375
443 22290 8273 25437 25434 25400 25402 25415 25410 25417 25427 25423 25413 25440 25407 25416 9932 25404 25435 12666 8306 25443 25422 25444 25428 25412 25433 25445 25425 25432 25396 25401 25406 25430 25399 25411 25408 12345 25397 25426 25403 25409 25420 25405 25436 25418 24501
444 25506 25498 25489 25488 25476 25475 25490 25505 25486 8418 25454 17073 6312 25500 25449 2773 25507 25495 25508 547 25485 25477 25468 25491 25464 11455 25480 25462 25463 25457 25481 25465 25452 25494 25472 25466 25493 25503 25455 25461 25446 25471 20942 4360 19201 25478 25467 25460 25448 25482 25470 25502 25509 25456 25492 25473 25499 25501 25487 25474 25497 23741 25483
445 25562 25518 25514 25548 25560 25539 25559 25565 25564 25553 24092 25533 25541 25524 25512 25522 5808 22183 25515 25531 238 25540 25529 25573 25517 25568 25554 13726 25552 25557 25525 25535 25547 25563 25549 7092 25521 25571 16101 25534 25532 479 25523 25561 25510 25569 7802 25543 25542 2700 25550 25538 25572 25520 10074 12091 1664 25570 25537 25528 25530 1891 5760 4479 5366 25513 25546 25545
446 25575 25607 25617 25591 25612 25615 7776 25616 25592 25609 25614 25586 25574 18703 25598 25588 25608 25620 25623 25583 25578 25602 25625 25579 25611 20265 25599 766 20327 25589 25600 25627 25585 25587 25577 25622 25618 25576 25610 25593 25605 25613 25606 12325 13215 25590 25624 25595
447 25668 25673 25678 25663 25649 25669 25665 16711 25681 25638 3478 25650 25652 25634 25670 25654 25633 25659 25645 25661 20892 25660 25630 25671 2821 1928 25632 6940 25667 25640 25629 25646 25642 1217 25631 25683 25666 12550 2904 25653 8710 25644 25664 25643 25655 25679 25637 6774 25656 25677 2833 25647 5071 25657 25680 25658
448 25693 8985 25748 25725 25689 25728 25715 25698 25743 25697 25712 25696 25729 25734 25740 12165 25720 25716 25749 25741 25724 25717 25706 25701 25711 25744 25732 25737 25726 25686 25699 25742 25691 25704 25718 25736 25722 10713 25746 25710 25713 25730 25684 25703 25735 4216 25694 25707 2054 25688 23279 25719 25721 25692 20250 25750 25731 25702 25685 25687 25714 4195 25745
449 25776 25772 25758 1628 25762 25769 25775 25764 25760 25794 25787 6746 25753 25788 25780 25770 25781 25791 25773 25766 25767 21508 25789 534 25792 25752 25785 25793 25783 25779 17863 2790 25763 25759 25782 25790 25761 5265 25774 25778 21497 25765
450 25803 25821 25812 25801 25820 25808 25814 25800 25836 25819 25813 25832 25834 25798 11610 25829 25838 25806 25811 20754 25810 25831 25815 25823 25837 25818 25825 25802 25809 25807 25839 25822 17518 25817 25824 25828 25797 25827
451 25887 25877 16650 12289 25876 25903 25842 25883 25867 479 25897 25870 25845 25888 445 25889 25901 25902 25861 25892 10294 25857 25908 238 25911 25904 25891 25907 25850 25912 25875 25855 25910 3884 25879 25865 25869 25873 25843 25882 25862 25878 25860 25856 25890 5640 25899 25895 21243 25913 25871 25909 25863 25905 25884 25849 25906 25885 25881 25848 25900 25880 25853 7734 8803 25896 25852 25846 25872 25894 25886 21878
452 25931 25943 25925 25975 25934 25953 6057 25974 25924 25957 25927 25926 25920 7339 25935 3817 25939 25928 25965 25961 9360 25963 907 13167 3692 25972 25942 25956 25962 25922 11438 25976 7701 25914 25944 10180 25960 25947 25951 2576 7429 25941 25915 25964 25937 25918 25970 25958 25967 14619 25968 25932 25930 15219 25929 25921 25919 25955 25969 25954 25952 25938 25940 25948
453 25998 25978 25997 26007 25982 26027 25985 26001 26026 26010 26033 26008 25999 25993 26020 7224 18187 26023 26029 26031 25996 26012 26013 26018 26034 25995 26005 26006 26016 25992 26004 26017 26003 23891 26015 1199 26025 26011 26022 26028 25991 26035 25989 25994 25979 26030 26019 25983 26021 26000 25986 25977
454 10316 26085 26096 26086 26064 26100 26072 26093 26088 26083 26056 24677 26077 26075 26041 18311 26076 26087 26042 26053 26092 26079 26057 26050 3064 26091 26051 6165 26068 26098 26073 16556 19597 26061 26055 26062 26054 26078 857 26074 26095 26065 26080 26067 26043 26070 26047 26071 26048 26097 26039 26060 26066 26049 26038 26046 26094 26082 6390 26059
455 26106 11491 5162 19315 26110 5145 26101 26107 11752 5174 26109 5178 5158 5170 11787 5168 19317 19319 5160 5169 5167 26103 26102 26105 26104 5146
456 26162 26132 26129 26144 26118 26113 26147 26156 6904 26154 232 26125 26112 26128 26134 26152 26157 26140 26143 11841 26148 26117 26119 26164 26139 26165 26114 26160 26120 26141 6504 26153 26131 26133 26159 26151 26111 8773 26155 2060 26123 26115 26124 26127 26136 26163 26158 26135 26142 26161 26116
457 26218 26169 26190 26174 26204 26171 26186 26221 26183 18276 26197 25224 26224 18230 26179 7864 26198 13774 26191 26213 12638 20242 26181 26193 6729 26223 26200 26219 26188 556 26220 26192 26178 26225 26201 26185 26202 26216 21805 26212 26229 7499 7734 10955 26211 26166 26217 26195 26168 26228 26227 26173 26180 26187 26214 26208 26222 26172 7277 26176 14379 26177 26184 26226 26207 26196
458 26262 9080 26257 6442 26252 26254 26235 5301 26243 26249 26233 26251 26255 24254 26264 26236 5774 26260 26253 26245 26261 26265 26250 26247 26259 26258 26263 26237 26231 26230 26240 26246 26241 26256 26242 2527
459 26304 16777 7870 26289 26270 11561 26294 26266 26303 26287 26308 26283 26291 26307 17339 26297 26267 26284 26272 26273 26310 17316 26282 26293 2750 26285 26277 26280 26288 26306 26309 26274 26268 26302 26305 26301 26279 26286 26281 26299 44
460 26331 26333 26337 26336 26319 26325 4421 12258 26329 24949 20796 26332 26314 26318 25110 26316 14591 26317 26320 26328 26312 26335 26327 26311 26313 26321 26330
461 3064 26348 1643 26385 26403 26330 26381 26374 26397 26390 19349 26402 26364 26339 26340 26379 26406 26383 26387 13462 26352 1919 26355 26361 26375 9487 26347 26367 26341 26372 26378 26358 26407 26376 26363 26409 26404 26350 26392 26371 26368 17145 26344 26365 26366 26329 26380 26362 26357 10187 26388 26351 26349 26394 26401 26360 26369 26395 26399 26400 26389 26343 26393 26408 26370 26384 25926 26391 26353 1346 26382 26373
462 8699 16069 26431 26435 26421 26442 26452 7210 13123 2828 7693 26447 26454 3409 26419 3389 26422 26417 1357 1991 6378 26416 26432 26450 26448 26434 12402 26426 26451 26449 4131 26437 26414 26430 18494 26425 26446 26445 16709 26441 20100 26438 26415 9932 26439 26423 1039 26443 26453 7439 26444 26429 26420 26424
463 16547 26459 13955 26488 26481 26492 26456 26466 26485 26503 26501 26493 26457 26512 26518 26478 14916 26486 26475 26494 26468 26489 26500 26491 26462 26495 26505 26472 26461 6522 26465 26515 26496 26463 26516 26467 26510 26473 26514 26507 24028 26517 26490 26479 26498 2867 26509 26506 26460 4798 26455 19763 26458 26487 26476 26502 26497 2068
464 26558 26549 26568 26519 26576 26535 22707 26526 26556 26548 26532 26542 18802 26559 25798 26560 26523 26553 18794 26565 26525 26528 24174 26564 26547 26551 12520 26533 26541 26570 26529 26545 26522 26566 26544 408 26567 26527 22252 26569 26557 26574 12078 26543 4929 26537 26521 26540 26531 26539 26575 26577 26534 26552 26573 26536 26538
465 26578 26600 26618 26615 26609 10453 26607 26588 26583 26622 26587 4365 26585 26616 26593 26620 26610 26543 10462 26590 26611 26623 26602 26625 15374 26603 26584 26612 26626 26596 26608 26597 26621 26592 26595 26619 26605 26591 26614 10545 26604 26613 26617 26594 26580 18801 26586 26627 26598
466 3572 26653 26642 26656 26646 26647 26657 850 15118 26654 23414 26649 26639 26641 26632 174 26652 26634 26629 26633 26635 3537 26655 26643 26638 26651 15374 26640 11635 26644 26631
467 26697 26672 26676 26660 26673 24141 26669 26683 26668 4190 26700 26698 25170 11656 26699 168 26693 4179 26684 26692 26685 26675 12875 4193 26701 26682 3586 1726 26677 7904 26665 17304 26704 26666 26696 26681 26690 4194 26662 6537 12165 26670 26679 26686 116 6426 26705 2555 26678 26680 26691 427 26703 26688 9129 26661 12176 757 26671 11842 20637 13351 26659 26664
468 26727 26718 26743 26728 9633 26741 1370 26724 24604 16183 26726 26707 26734 26736 26719 7338 26735 26710 26714 26740 24516 26708 26730 8583 21322 26742 26737 766 4257 26720 26712 26733 26725 26739 26715 24582 26706 26745 26722 8263 26747 7333 26723 26716 26729 1212 14946 26746 26731
469 26762 26780 26796 17390 26755 26760 26787 26773 26774 26771 26765 26767 21592 26784 26781 26779 18891 9797 26763 26757 26768 26769 26788 25054 26782 26794 26785 26766 7938 26783 26772 26749 17433 26761 26792 26791 26790 23455 26751 26776 26759 26789 15513 26770 26756 17447 26758 26764
470 26834 26811 26809 26844 26856 26836 26832 26814 26823 26820 26808 26798 18282 26815 26843 26845 26850 26851 26835 26799 26838 26831 26818 26805 26858 26802 26828 26028 26859 26816 26825 26812 26853 26852 26817 26848 26826 26839 26833 26797 26807 26829 26827 26841 26824 26821 26837 17339 26840 26822 26857 26846 26830
471 26865 12828 26866 26861 26868 1670 26867 2553 26876 26873 891 26864 26875 26874 1971 26871 26862
472 26886 26915 26918 26903 26882 26880 26924 26888 26901 26929 26911 26916 26878 26896 7854 26905 26909 26926 26900 26930 26910 26921 26908 10119 26887 26927 26923 26897 12318 26919 26925 26891 26906 26928 26907 26913 26893 26879 26894 26883 26899 26902 26881 26884 26877
473 10263 26946 26985 10185 26933 26947 26948 26963 26971 3665 26952 26960 26931 26966 26964 26974 26937 26982 26984 26944 20137 3690 26980 26957 26972 26941 26968 26986 26981 26975 26965 26979 26967 4744 1407 4283 26962 877 26939 26932 3059 26956 11114 26978 26961 26970 26977 26943 26938 26954 26942 26935 26936 26940
474 26994 26987 26990 26989 17420 26991 26993 26992
475 27032 238 27022 26997 27003 27005 27020 27014 27015 27008 27029 27028 27016 27001 27002 16279 27036 27021 27013 27034 27033 26998 27004 6904 27037 17833 27024 27012 26996 27027 27010 27000 13895 26168 15833 27026 27031 27011 27039 27038 27025 27017 27035
476 27040 27052 27068 5410 27045 27055 27058 27051 27057 27048 27049 27060 27062 27042 27063 27056 27050 2214 27053 27043 27066 27065 27044 27046
477 27075 27116 27122 4138 24215 27102 27103 27115 23973 27077 27120 27069 27092 27079 27091 27098 27087 15100 27073 27109 27095 7997 20083 27101 27117 27100 27085 27072 7904 27121 27097 8002 27106 24212 19542 27123 27071 27093 16756 27113 27108 17243 5565 23994 27114 22624 21642 27086 27111 27099 27084 27080 27089 24146 27070 27081 2912 17466 27088 27119 27094 17274 15052 27074 27096
478 27129 27141 27177 27171 27152 27126 27132 27150 27162 27155 27133 27125 27164 27145 27149 27173 27167 27158 27136 27169 27144 27172 27137 26662 27142 27131 27154 27135 27178 27179 27160 27139 27163 27146 27165 27157 27147 27151 27156 21618 27161 27166 27140 27138 27143
479 27226 27239 27220 27181 27213 27244 27230 27217 27235 27236 27205 27200 5334 27190 27180 27197 27231 27196 27194 3703 27186 27198 1907 1346 1676 27241 27202 27242 27222 27208 27189 27191 27216 27240 27184 27206 27201 27243 27207 27199 27223 27211 27218 27193 27209 27237 27238 27215 22395 27234 27183 27192 10512 27225 27188 27224 27204 27219 27221
480 27290 27305 27315 27267 27275 27272 27302 27299 27247 27281 27298 2582 27300 27316 27248 27297 27314 27292 27257 27246 3529 27269 27311 27276 8043 13093 27282 27303 23400 27301 27318 27245 27268 27270 27289 27254 27295 27264 27273 27277 27312 27309 27307 27317 27265 27263 27266 27294 27304 27288 5598 27255 27308 27250 27280 27278 27285 27279 3532 27293 27258 27259 27306 27286 135 27260 27262
481 17008 27341 27342 4535 14143 27329 27343 27366 27348 27356 5567 4793 27332 27321 116 27345 27347 27365 27319 27330 27334 27358 9305 27367 27364 27328 27336 27357 27359 27369 27339 27351 27371 27322 1272 26756 21832 27324 27325 23973 27352 27350 27327 27337 152 27368 27360 27333 5568 27340 27323 27331 27344 27338 27353
482 27382 27374 27375 27376 27373 24195 27372 27377 3289 27379 27380 27384 27381
483 27426 27391 27403 27412 27406 27432 27401 27400 27429 27424 27433 27387 27389 27420 25806 27410 27422 27434 27418 27405 27388 27398 27419 27407 27430 27392 27411 27435 27390 27427 27421 27414 27386 27402 27404 27431 27385 27413 27394 27416 27395
484 27457 206 27446 11449 27451 27438 27442 27458 27468 27456 27454 27464 27465 27448 27466 27441 27453 27469 27437 3305 9342 27449 27450 27461 27436 27459 27445 27455 27462 27439 15399 27460 4792 27452 3379 27444
485 2638 1617 27475 27493 27481 12307 27487 1607 16124 17733 27486 27497 4646 27498 27499 15767 4802 27484 1605 27480 27476 27489 27502 1212 26177 7345 27473 27490 27470 8063 27496 16307 4682 27495 27494 27482 27492 27483 4963 27488 12310 27472 27474
486 27526 27532 27515 27530 27534 27535 27545 27533 27528 27547 27540 27541 27527 12932 27536 27507 27513 27514 27522 27508 27509 27529 27519 27543 27516 27542 27505 27511 27546 27518 27539 27512 27544 27537 27517 27538
487 27568 27598 27560 27553 27559 27597 27577 27602 27580 27567 27582 27600 27564 27587 27571 27561 27584 27556 27590 6557 27599 27588 27583 27554 13648 2701 27585 27593 13765 27555 27550 27551 2645 20323 27573 27589 27578 27574 27569 27566 15188 27548 27596 27563 27576 27562 27586 27581 27601 27570 27549 6567
488 27640 27636 27621 27627 27619 27647 27617 27610 27643 27631 27645 27637 27632 27626 27618 27607 27625 27606 27622 27611 27604 27641 27616 27629 27639 27638 27613 16068 27624 27615 27646 27609 27620 27628 27608 27612 27603 27642
489 27651 27661 27656 27655 27672 27671 27658 27673 27649 27657 27670 27677 27675 27665 27664 27674 27662 27659 27660 27652 24071 27666 27668 27648
490 12802 27686 27689 4550 27703 20254 27690 27707 27710 27718 27685 9511 27697 27695 27682 5332 27717 27684 27708 27688 27712 11635 4507 27701 27679 15715 27702 27715 13079 27721 3687 27699 27714 20431 23892 27706 27698 27692 23032 19548 15480 27683 27713 27720 8179 12837 20560 2585 27691 27709 27723 27716
491 894 1212 27750 27745 1881 12553 27740 27738 27724 4684 11884 27734 27747 27725 3475 27728 1885 27749 2602 27742 27727 27746 27732 27730 27744 27726 27751 27748 27736 27743 27739 16569 23747 27741
492 27754 27752
493 27762 27760 27758 27764 27766 27757 6847 27763 27761 7971 27765
494 27816 27802 27815 27775 27774 27772 27790 27783 27804 27803 27789 27791 27812 27811 27795 27799 27780 27810 27801 27770 14841 27800 27771 27776 27806 27813 27781 27809 27767 27798 27794 27805 27796 27817 27808 27807 27773 27777 27779 27797 27818 27784
495 27821 27820 27822 27823
496 27841 27865 4876 27833 27825 27824 27877 27871 27854 27844 27830 27859 12176 27874 27845 27829 27870 27867 27826 27872 27846 27852 27839 27835 7865 1791 27860 27879 27876 27843 27851 27828 27878 27863 27853 27836 27837 27850 27869 27868 27848 27834 27831 27875 27847 27838 27858 27873
497 27913 27912 27907 27922 27918 27914 27929 27881 27895 27901 27921 27920 27889 27903 27928 27919 27906 27904 27892 27926 27893 27917 27925 27886 27887 27898 27884 27908 27900 27883 27916 27923 27910 27896 27888 27885 27909 27905 27927 27899
498 27930
499 27955 7692 27971 27938 27943 27948 27969 27931 27962 27961 27941 16770 27937 2571 27960 17279 27968 27977 15166 27949 27954 27967 27975 27940 27932 27957 27276 27935 27947 27951 27970 27956 27973 27934 27936 4192 27953 27978 27972 18296 27952 27950 27979 4466 27958 27946 27974 27965 10490 27964 27942
500 27992 28014 1082 7694 28009 28004 28011 1039 27989 15783 28018 28017 28019 1815 28007 26430 27993 27990 28001 28020 27998 2176 18504 27980 15774 27995 22992 27994 27986 27984 27981 28016 1841 27996 28006 2230 27987 27997 28002 26413 28012 27985 27999 28005 27988 20709 1044 2170
501 28022
502 28028 28083 28031 28035 28040 28037 28071 28077 28078 28043 28057 28069 15210 28060 28086 28046 28026 28034 28023 28058 28051 28052 28054 25012 28041 28073 830 28090 28082 28029 28064 28049 28050 28048 28070 28024 28039 28056 28065 28059 28079 398 28062 28074 28091 28087 28032 28055 28081 16191 28044 28063 28027 28038 28075 28045 28085 28066 28088 28033 28025
503 28112 28119 28111 28128 28105 28129 28098 28093 23854 28130 28114 28094 28113 28106 28096 28108 28099 28100 28103 28118 28104 6142 28095 28097 28131 28107 28127 28120 28102 28115 28123 28092 28110 28116
504 28149 28147 28138 28142 28145 28152 28135 13124 28151 28141 28140 28132 28134 28150 28143 28136 28144 28133 28137
505 28163 28193 28154 28195 28159 28199 24632 28204 28191 28181 28200 28194 28155 28164 28189 28172 28168 28184 28203 23004 28192 28169 28197 28171 28167 28177 28157 28156 28183 28182 28174 28158 28179 28166 28198 28161 28176 28170 28205 1321 28196 28201 28175 28202
506 28211 28212 28206 28210 28207 28209
507 28216 28249 28235 28268 28250 28251 17408 28259 28239 28240 28254 28226 28227 13002 28215 28286 28269 28280 28243 28253 28261 28228 28224 28266 28271 28283 28260 28277 28284 28281 28234 28274 28217 28237 28229 28278 28257 5813 28252 28255 20607 28285 28264 28230 28214 28236 28273 28245 28232 28282 28265 28220 28222 28276 28225 28247 28267 28263 28241 28275 28270 11297 28279 28231
508 28293 28299 28290 28302 28295 28300 28301 28294 28298 28296 28304 28287 28289 28291 12077
509 28306 17132 28347 10017 28360 11705 28307 5831 28361 28334 3341 28327 28359 28338 28349 28318 28344 28314 28309 28356 28346 28342 28357 3335 28330 28343 28323 28336 26780 28317 28331 28308 28335 28341 28328 28321 28329 28332 28345 28324 28351 28325 28354 28350 28316 28358 28319 28353 28320 28352 28337 28363 1374 15172 28312
510 28420 28404 28411 28407 28330 28403 28421 28383 28372 28395 28415 28412 28410 28394 28390 8737 28422 28414 28398 27783 28380 28368 28388 28416 28387 3403 28378 28423 28367 21857 28376 13378 28375 28391 28373 20856 28365 28381 28384 16454 28400 28377 28392 28405 28371 20921 28402 28408 28386 28409 20072 28389 28417 28413 28385 15374 28397 28374 28364 5647 28369
511 12371 28465 28458 28447 28477 28445 28457 28439 28425 28453 14185 28468 28479 28481 28480 28466 28438 28482 6430 28469 28428 28464 5645 26426 28443 10546 28483 28440 28427 28473 10453 28426 28450 28478 28454 28455 28444 28452 28437 28472 28446 28470 28430 14153 28435 28442 28432 28451 28471 28441 28456 28434 28461 4332 28467 28459
512 28499 28504 11567 1903 28498 28508 28502 28486 28493 28496 28510 28484 28495 28494 28491 20268 28485 28505 28511 28472 28503 28509 2097 28506 7569 28489 28500 28501
513 28527 28536 5232 28551 3089 28548 28534 28530 28538 28513 28541 28515 28545 28550 28547 28518 28516 794 28542 23094 1224 28549 28544 1664 28520 452 28521 28514 766 6932 28535 12307 24906 28543 28512 1215 28528 28539 28546 11874 16423 25009 28540 28524 28532 28523 28517
514 9868 19710 28552
515 28595 28575 28555 28590 28589 28586 28580 7743 28577 28561 28567 28579 28558 28559 28585 28557 531 28571 17818 28599 28554 28570 26609 28563 28587 28582 28566 28565 28596 28562 28564 13917 28584 18088 28598 1915 28574 28593 28556 28588 28594 28560 28581 22197 28578 28572 28583
516 28605 28602 28614 28613 28607 28601 28610 28612 28618 28603 28617 28604 28608 28600 28606 28615
517 28644 28640 28650 28660 28626 28637 28647 28631 28623 28620 28654 28634 28651 28653 28655 28665 28521 28621 15486 28666 28649 22745 861 28630 28625 8169 28624 28627 28652 28633 28638 28663 28658 28636 28661 3403 28645 28664 28643 28662 28648 28635 28628
518 10281 28704 28699 28675 28715 28686 28692 28671 28719 24105 28707 28711 28702 28708 12518 28701 4865 28693 28712 28700 28717 28685 28667 28691 28703 28679 28680 28698 28723 28676 28720 28668 28690 28722 28683 28681 28669 28672 28709 28697 28688 28718 28684 28682 28674 28705 28696 28695 28689 28677
519 28767 28776 28745 28726 28765 28727 28780 28781 28771 27679 28741 25070 28772 28731 28764 28755 28750 27276 10462 28744 28760 28729 28735 28730 28778 28724 28725 28757 28749 28748 28773 28775 28746 28751 2527 28761 28759 26762 28736 28738 28739 28734 28747 27277 3360 28742 2019 28752 14682 28770 28740 28743 28762 28753 28779 15161 28758 23449
520 28799 28802 28803 28795 28797 28787 28808 28791 28805 28794 28783 28792 28800 28806 28796 28804 28789 28807 28788 28784 28793 28809
521 28866 28841 28845 28842 28856 28844 28830 28853 28863 28812 28811 28825 28868 28815 28835 28874 28817 28869 28847 28860 28857 28876 28872 28852 28846 28829 28833 28823 28819 28851 28875 28855 28867 28850 28881 28832 28836 28871 28838 28870 28834 28826 28822 28837 28858 28840 28810 28821 28816 28882 28865 28879 28864 28880 28854 28877 28849 28818
522 28893 28891 28894 28895 28899 28883 28898 28890 28889 28896 28897 28887 28884
523 28904 28909 5366 28907 28910 28900 28908 28906 28902
524 28938 28933 28975 28978 28943 28976 28971 28955 21881 28968 28952 3774 15172 28977 28924 28983 28940 28979 28912 28911 28969 28958 15125 28929 28945 28982 28948 28919 28937 28946 28921 28967 28966 28956 28923 28963 28942 28915 28960 25379 28925 28980 28957 28947 28973 1797 28936 28930 10147 28986 28941 28950 28928 28913 28926 20861 28949 28962 28953 28985 28918 2545 28917 28951 28988 28972 28914 28961 28939 28974
525 29001 29045 29006 29034 29040 29046 29033 29069 29036 29063 29032 29053 29052 28992 29008 29042 29047 29067 29060 28994 28989 29022 29044 28991 28999 29055 29030 29009 29020 29054 29010 29039 29028 29018 29025 29005 18380 29011 17250 29012 29021 29016 29049 29061 29015 28995 29038 29050 29065 29026 29007 29000 29051 28993 29002 29062 28998 29017 29035 28997 29048 29004 29058 29003 29041 29068
526 29101 5395 29095 29076 29081 29089 29074 29075 29107 29092 29102 29100 29090 29108 29079 29104 29086 29071 29083 29093 29078 29088 29105 29098 29077 29087 29099 29103 29096 29080 29111 29082 29114 29070 29110 29085 29097
527 29118 29117 29116 4865
528 14332
529 29126 29177 29171 29159 29154 29141 29135 29174 29178 29157 29164 29182 19349 29187 29146 29156 29151 29176 29149 29132 29129 29128 29169 29167 29125 29155 29123 29168 29121 29163 29189 29181 29139 29147 29122 29180 29124 5115 29152 29158 29145 29172 29153 11001 29175 29131 29161 29140 29143 29148 29150 29160 29130 29188 29173 29120 24501 29179 29144
530 29230 29233 29234 29196 29221 29211 29194 29216 29210 29213 29208 29214 580 29192 29220 29228 29223 29218 29205 29232 29225 29219 16263 8025 29209 29222 29195 29204 29227 29201 29199 29197 29203 29202 29231 29207 4971 29193 29191 29190 29224 29200
531 29278 29246 29240 29245 29268 29256 29277 29239 29248 29250 29274 29259 29264 7152 29266 29255 29272 29243 29251 29276 29262 29260 29238 29252 9711 29263 29254 29267 29261 29270 29242 29269 29253 29244 29241 29265 29271
532 29286 15952 29296 29316 29289 29301 29293 29290 29298 1629 2757 15799 29315 29314 29284 23695 29281 2163 29285 29308 29306 12555 15795 29288 29319 29318 17853 29297 20663 6443 15794 21508 29320 29300 29323 29311 29282 29294 12325 29310 29292 2871 29305 7554 20798 29303 29309 15796 29283 5511 29299 15767 29317 4873 3440 29307 29295
533 29339 29330 29334 29325 29338 29329 29328 20479 29324 6851 29336 29335 29326 29332 29327
534 29341
535 29344 29346 29342 29343 29345
536 2866 29384 29371 29360 29354 29378 29363 1076 29366 29380 29373 29362 29379 29349 29376 24092 29370 29351 29369 29382 29375 29356 29383 29364 29353 29365 29357 29359 29368 29381 29348 29372
537 29396 29419 22009 29445 29428 29412 29414 29406 29418 29422 29413 29417 29423 29401 29389 29425 29400 29439 29434 29442 29431 29433 29443 29426 29404 29446 29399 29437 29441 29432 29420 29427 29402 29391 29448 29410 29429 29430 29385 29397 29407 29421 29408 29436 29451 29392 29409 29449 29415 29388 29403 29444 29387 29454 29447 29386
538 29469 29508 2828 29492 29457 29504 29494 1910 29477 3341 29467 29462 29509 5722 29487 29458 29480 29468 29502 29511 29507 29465 29495 29498 29455 29485 29481 29489 29484 29505 29476 24916 7855 29483 29461 1720 29491 29475 29486 29472 29488 29471 15823 29499 29482 29503 29456 29460 5895 29506 29500 11227 29493
539 29556 29525 29546 29533 29550 29530 29541 29519 29515 29529 29513 29555 29535 24985 29544 29522 29520 29542 29531 29512 29523 29518 29527 29562 19656 15029 29540 29561 29551 29528 29557 29521 29547 20562 29537 29532 29549 29554 29536 29534 14332 29514 29539 29545 29548 29543 29552 29516 27961
540 29620 29597 23676 29615 29621 29594 29641 10614 19238 29572 29591 29608 29619 29581 9129 29593 29629 29624 29636 29600 29568 29602 29642 29609 29639 29579 29607 29589 29580 6531 29604 29596 29578 5055 29635 29638 29611 29613 29574 29599 29577 29633 29628 29575 29573 29587 29612 29571 29584 29626 29605 29570 13421 29606 29623 29588 29610 29632 29634 29582 29630 29576 29625 29637 29627 29603 7853 29598
541 29644 29643 16769 3286 16753 16781 16751 29647
542 29675 29681 29690 29689 29699 29656 29652 29649 29676 29668 29662 29660 29667 29686 37 29661 29701 29679 29687 14205 29648 29653 29663 29673 29674 29693 29651 29703 29704 29698 29671 29677 29683 29680 29685 29694 29666 29650 29659 29691 29670 29664 29682 29654 29655 29696 29665 29700
543 29747 29709 8703 1891 29744 29720 29727 29729 29748 8786 15832 29731 29750 29754 29707 3360 29739 29710 29725 29708 29743 29711 5290 29755 29718 29712 27442 29740 29730 14935 29733 29751 25859 29736 29749 10147 7081 29728 29738 29745 29722 10604 29717 7345 12254 25522 29715 29706 29734 29753 29723 10040 29746 15172 1617 217 29726 29735 29716
544 29756 29764 29759 29763 29768 29757 29767 29765 29762 29761
545 29772 29780 29785 2700 22441 29819 19065 29810 29802 29814 29806 8583 29793 29829 8447 29784 29809 29796 29777 29773 29775 29787 29828 29795 29776 29823 29792 29771 14922 29805 29790 8077 29811 29833 29803 29808 8529 29816 29789 29807 29791 29827 29831 19419 29794 29797 29778 24610 29804 1885 29812 29815 29830 29817 29799 29800 29832 12815 29782 29826 29824 13702 17902 1217 29786 3478 1997
546 29867 29834 29841 29854 29852 29850 29846 29859 29853 29858 29866 29845 29869 29844 29864 29836 29848 29840 29837 12898 29851 29868 29838 29870 29863 29835 29849 29857 29856 29861 29847
547 29878 1746 21504 29886 26344 29890 29885 29896 29919 29924 29910 29933 29903 29921 29898 29923 29931 29891 25342 8458 29892 29900 29928 29874 29902 29877 29887 29880 29916 29918 29871 13064 29901 29935 29925 29915 29873 29899 29894 29879 29897 29895 29893 29909 29876 29922 29912 29932 19524 29913 29929 20571 29881 29883 8184 29906 14178 29934 29884 29872 29875 29911 7129
548 9808 29959 29971 29974 29992 29983 29978 29981 29979 29995 29944 29948 5232 3864 29949 29940 29989 29938 29985 13829 29993 29990 8081 29945 29962 29973 29999 8977 29958 29956 29961 6522 29936 29967 29951 30000 29963 29984 3430 29996 29977 29994 29975 29953 5635 29960 29968 894 29966 13739 29957 29939 29941 29954 29952 6430 12689 8797 29937 29955 29950 29998 5279 10126 29970 29964
549 30006 30007 30056 1263 30009 30036 30052 30021 30049 30053 7111 30046 30015 30024 30035 30018 30003 30010 28400 472 30037 30033 30027 459 30057 30047 30002 30058 21382 30045 7770 30029 30032 30050 30043 30005 30048 30019 30039 30023 30055 30054 30004 30030 30031 30020 30008 30016 4479 30041 8755 30051 19422 30038 30022 30059
550 30082 30089 30074 30064 30091 30102 30073 29511 30094 3234 30086 27500 30096 30068 30063 30078 30109 30116 30099 18914 30097 30087 30085 30062 30103 30077 30113 30081 30060 30065 30111 30084 30070 30114 30075 30098 30090 30079 30072 9689 9129 30095 11683 30106 30092 30093 30105 30069 30080 30104 30061
551 30122 30151 30148 30129 30143 30119 8273 30145 30150 8741 30132 30123 30137 30136 30130 30118 4329 30157 30135 30153 30146 30127 30139 30131 30128 30155 30134 30141 30138 13125 30144 30133 4718 30117 30152 30140 30156
552 30169 30183 12070 30193 30171 30158 30199 30197 30195 30206 30202 30179 30180 30192 30162 30203 30189 30176 30163 30182 30190 30196 30186 30207 30177 19104 30187 30168 3064 30188 30191 4721 30173 19080 30166 30175 30200 22704 30165 12555 30174 30160 30161 30201 2473 30159 2828 30181
553 30231 30263 30276 30274 30256 30230 30247 30282 30243 30229 30246 30251 30210 30214 30248 30270 30268 30228 30232 30217 30224 1580 30222 29430 30242 30261 30255 30245 30279 30283 30257 30241 30218 30211 10918 30266 30267 30272 30281 30216 30215 30233 30208 30212 30240 30277 30209 30223 30259 30275 30244 30287 30278 14231 30249 30220 30273 30285 30253 30286 30271 30219 30284 30250 30238 30221 30260 30252 30258 30234
554 30291 30303 30305 28479 30315 30293 2230 30329 10286 30310 30323 30326 14263 30321 30335 30313 30307 30308 30306 30301 14267 30328 30317 30320 30292 21419 30290 30296 30299 30314 30322 30316 18891 30298 30324 30311 30332 30309 14276 30331 15234 14277 30319 30300 30333 30327 30325
555 3235 30357 30384 30392 30343 30338 30397 30393 30362 30394 30379 1350 30376 30361 30354 30351 11700 30363 30390 30355 30383 30366 30371 30372 30401 30380 30381 30367 30382 30369 30360 30400 30346 30395 30339 30356 30345 30342 30399 24096 30352 25872 30353 30377 30398 30344 30349 30391 30386 30341 30374 30378 30359 30350 30385 30396 30368 29179 30375 30389
556 30405 30422 30439 30414 30443 30420 30407 30410 30434 30423 30417 30411 30406 30442 30446 30437 30403 30424 30425 30435 30445 30409 30418 30440 30428 30430 30413 30432 30408 30416 30427 30441 30438 30419 30412 30436 30421
557 30504 30485 30494 30486 30461 30478 30479 30459 30464 30456 30448 30490 30495 30488 30457 30480 30492 30472 30503 30469 30471 30450 30477 30499 30491 30506 30476 30510 30470 30481 30502 30507 30455 30497 30460 30505 30466 30451 30508 30489 30493 19579 30484 30498 30458 30453 30467 30487 30501 30473 30496
558 30523 30549 30525 30541 30527 30531 30514 16543 30545 30559 30556 30552 30558 30544 30530 30533 30526 30517 30538 30519 30547 30554 26914 30542 30537 30529 30561 30513 30524 30522 30511 30540 30562 30557 30520 30548 30553 30534 30560 30539 30521 30543 30532 30551
559 30575 30580 30583 30565 30581 30577 30585 30578 30564 30569 30572 30582 30571 30576 30579 30566 30574 18481
560 30622 30608 30636 23720 30614 30635 30615 30637 30632 30621 30598 30613 30593 30588 30586 30623 30626 30618 30604 30619 30628 10663 30634 30627 30630 30599 30642 30641 30631 30605 20648 17776 30596 30602 30638 30644 30597 30606 30592 30590 30643 30611 3143 16422 30600 30587 30603 30616 30629 30601 12279 10952 30607 30612 30591 8349 4802 30620
561 30663 3360 30668 30680 30654 30709 30678 30674 30716 30669 4521 30671 30684 30712 30650 30687 30689 30681 21343 30713 30682 30672 30677 30702 30695 30660 30704 30698 30690 30666 30665 1056 23049 30707 8169 30710 30697 10852 30679 30673 30696 30708 30705 3361 30659 30691 30664 30694 30688 30651 30652 30718 30701 30646 30706 30714 30699 30692 30657 30685 30717 30514 30670 30656 12468 30658 30653 30676 30675
562 18188 17421 30761 30754 29835 30756 15175 30734 15180 30742 7930 30732 8169 30740 30763 30766 2367 15166 30750 30722 30762 8041 15174 30751 30747 15179 5615 30757 30760 30739 30759 11835 30768 30727 30767 30765 15173 16770 30752 993 22090 30743 30755 2341 30733 30720 15176 30746 4132 30758 18233 30764 30753 447 30737 30749 30729 12936 30731 23873 30724 30745 15130 2365 860 15178 14210 30728 30726 11561 15177 11534 15542 30736
563 30777 30791 30792 30800 30780 30804 30779 30776 30797 30787 30775 30772 30769 30799 30788 30782 9194 30774 30796 30803 30786 4132 30801 30795 30773 30770 30778 30794 30784 30789
564 30805 30806 1582 4214 30813 6846 30812 30807 30810 30809 30808
565 30824 30826 30819 30822 30827 30815 30817 6053 30821 30823 30825 30816
566 30838 30828 23026 30834 30835 30829 30831 30832 30839 30837
567 30853 30861 30859 28426 30866 30867 30863 30855 30873 30878 30872 30871 30843 30874 30865 30862 30841 30854 30849 30847 30881 30856 30845 30868 30877 30848 30870 30875 30840 30879 30844 30869 30860 30880
568 18134 30900 30887 30911 3821 30896 30891 30906 30898 20319 30892 30917 14918 30919 30914 27570 30897 30908 30912 30913 30893 30899 18126 30884 8641 30895 30885 8518 30890 30916 15271 30922 30902 30907 30904 30920 4160 30888 15246 30886 30894 30901
569 30923 30928 30926 30927 30925
570 30963 30937 30982 29118 30933 30955 30949 29640 30983 30975 30935 30930 30940 30989 30959 30956 29228 30932 4193 30965 30968 30958 30974 30967 30971 30947 8273 12372 30943 30936 30951 30981 30946 30944 7345 30977 30978 24832 30931 8945 9145 30942 30986 30934 30957 25170 30979 30973 18614 30948 30939 30938 30962 30945 30950 7743 30961 10192 30970 30966
571 31012 9735 31004 31029 31010 31020 31058 31032 31009 31002 30999 31022 31041 31037 31044 31005 31057 31038 31027 31030 30990 31026 31054 31033 31011 31015 31060 26250 31013 31028 31001 31014 30991 31016 28295 17494 31050 31006 31059 30995 30997 31043 31047 31031 31023 31052 31036 30996 31055 31056 30994 31024 31040 31035 31007 31021 31025 31053 31042 30993 31034 31048
572 31081 31071 49 19828 31078 31083 31100 31082 31099 31061 31098 17466 19826 31087 31101 31090 31084 46 31075 9868 31079 31077 31105 16801 31072 31062 7506 31063 31085 31104 31093 31092 31065 23969 31066 31064 31088 31069 19002 4200 31094 31073 31068 31070 31074 19837 31076 31096
573 31120 31172 31162 31142 31152 31123 31161 31110 31180 31111 31109 31153 31177 31130 31179 31165 31141 31150 31148 31112 31164 31115 31174 31170 31117 31151 1840 31149 31168 31167 31128 31137 31156 31140 31127 31144 31178 31145 31108 31154 31147 31116 31175 6686 31138 31106 31139 31129 31122 31160 31134 31136 31176 31173 31133 31126 31171 31163 31157 31113 31135 31146
574 31221 31233 31198 31226 31200 31208 1668 6338 28387 31217 14655 31229 31210 31204 31228 31195 31185 31240 31214 1676 31187 31215 15823 30808 31234 31242 4194 3342 31211 31206 31201 31183 31205 31243 31238 31225 31194 31186 7883 31213 31224 31209 31237 27605 31232 31235 31191 23279 31223 31230 31189 31239 31182 31231 31222 31216 31207 31199 31202 31197 31241 143
575 31260 31248 31268 31255 31251 31250 1637 31252 31246 31254 31259 31261 31249 31245 31257 31247 31253 31267 31265 31262 31256
576 31298 31305 31280 26253 31272 31271 10964 31316 31282 31286 31314 31288 31317 31270 31284 31290 31299 31315 31295 31275 31301 10535 31300 31287 31304 31310 31296 31273 31293 31302 31297 31312 31291 31294 31281 31311 31276 31283 31318 31308 31279 31306 31313
577 31333 31376 31345 31338 31330 31373 31357 31346 31332 31334 31362 31374 31328 31360 31359 31350 31341 31324 31351 31344 31372 31354 4550 31364 31349 31342 31319 31322 31321 31353 31323 31348 31337 31370 31326 31355 31363 31331 31329 31335 31375 31371 31347 31325 31352 31377 31336 31320
578 31388 31418 31389 31413 31415 31424 31397 31416 31381 31409 31383 31414 31412 31387 31419 31396 31423 31394 31408 31401 31404 31399 31421 31422 31395 31411 31400 31410 31406 23560 31393 31379 31417 31392 31391 31398 31384 31403 31385
579 31458 31457 31430 31455 31445 31459 31470 31452 31433 31434 31427 31448 31468 31440 31446 30583 31426 31428 31467 31466 31438 1137 31441 31449 31463 4929 31465 31442 33 31436 31439 31469 31429 31471 31460 31444 31451 29526 31425 31453 31462 27758 5574 4178 31435
580 31478 31499 31488 31477 31491 31475 31520 31504 31514 11857 31502 29661 31512 31489 23866 16055 31490 880 31483 19547 31507 9988 31473 31472 31515 31485 4521 31493 31517 31516 17433 31492 31510 27122 31494 31503 31518 31484 31481 31500 2230 31509 31487 31519 25048 31521 31498 31486 2553 31496 31505 31508 27368 16540 31480 2581
581 28432 31530 31551 31546 31540 31543 31534 31536 31549 31544 2160 31527 31552 31535 31542 31548 31532 31529 31539 31550 31533 31528 17213 7152 31537 31556 28438 31555 31522 14164 31554 31553 31541 31545
582 31592 31578 31595 31563 31619 31572 31602 31618 31613 31614 31561 31564 31582 31577 31585 31588 31570 31574 31571 31583 31587 31581 31605 9319 31610 31584 31611 31579 31598 31576 31607 31562 8722 31559 31606 31569 31599 31573 31608 20397 31604 31616 31609 31589 31617 31612 31565 31600 31560 31580 31567
583 31635 31652 31630 31639 31640 31626 31622 31624 31668 31620 31664 31632 31644 31655 31659 31665 31627 31658 31677 31654 31679 31663 31643 31649 31642 31625 31660 31675 31669 28330 31647 31646 1676 30342 31638 31628 16969 31621 31653 3665 31636 31650 31673 31674 31645 31670 31623 13968 31631 5663 31637 31666 31634 31661
584 31701 31692 31682 31714 31697 31706 31698 31680 31694 31687 31703 31690 31707 31686 31715 31716 31705 31416 31702 31684 31704 31695 31713 31717 31683 31708 30647 31712 31696 8484 31693 31700 31685
585 31741 31721 31745 31720 31732 31723 31740 31727 29007 31744 31719 29011 31742 31738 31731 31726 31736 31737 31725 31735 31729 31739 31747 31746 31749 31734
586 31750 31806 31803 31751 31764 31780 31785 31774 31800 31805 31763 31781 31765 31796 31807 31792 31772 5696 31779 31755 31768 31798 31759 31767 31783 31801 31782 31793 31758 31777 26931 31752 31808 31775 4890 31754 31757 31771 31802 31784 31778 31794 17876 31799 31787 31760 31756 31773 31770 8854 31786 31769
587 4865 31834 31833 31826 31821 31851 28672 31841 31815 31824 31828 31819 31809 31846 31831 31822 31842 31836 31844 31839 31817 31847 31827 28675 31829 31840 31811 31823 31843 31810 31825 31830 31835 28693 31814 31850 31818 31838 28692
588 18024 31871 31872 31873 31915 31888 31889 31882 31898 31870 31878 31883 31854 31905 31866 31890 31902 25527 20096 31858 31875 31881 5123 31896 31874 31885 31917 31918 31900 11683 31891 6071 31904 31895 31863 8736 31907 31860 31901 31914 31899 6376 31880 31916 25526 31897 28472 30997 31893 31857 31884 31853 31861 31908 31862 31852 31911 31879 31892 19597 31876 31856 31913 31855 15548 31886
589 31927 31933 31926 31971 31956 31941 31967 31975 31931 31947 31922 31962 31970 31959 31923 31977 31946 31940 31943 31957 31938 31978 31969 31951 31948 31972 31924 31928 31958 31950 9538 31949 31932 31964 31976 31925 31921 31952 31936 31961 28422 31935 31939 2700 31934 31963 31968 31960 31942 31966 31965 26802
590 32037 31987 32018 32035 32031 32030 32002 32001 32022 32023 21343 24965 12334 32028 32019 32007 31985 32032 31999 31994 31996 31991 32027 32021 31990 31998 32004 31993 32017 32003 31989 23726 31980 31986 32008 31997 32000 32013 31979 32006 32012 32025 31983 32005 32010 32033 31981 31988 32034 31992 2118 32011 32036
591 32116 32098 32089 32115 32088 32079 32083 32071 32104 32047 32039 32085 32078 32077 32113 32102 32053 32057 32048 32064 32038 32068 32096 32050 32040 32059 32063 32058 22574 32091 32051 6270 32056 32049 32108 32086 32055 32109 32111 32069 32112 25883 32072 32061 32041 32114 32046 32082 32110 32105 32103 32076 32052 32084 32070 32107 32075 32100 32090 32095 32042 32066 32065 32092 32067 32062
592 32147 32155 32163 32140 32167 32142 32152 32137 32136 32133 32123 32141 32162 32132 32157 32119 32144 32135 32129 32120 32166 32159 32124 32149 32122 32156 32165 32125 32146 32121 32130 32138 32154 32153 32148 32127 32161 32158 32126 32151
593 32213 32183 1005 32221 32174 32177 3361 18672 32187 32175 32180 32173 32209 32223 32172 7927 32204 5603 4192 32224 32168 32184 32182 32196 18232 32198 32216 32169 32205 32201 32185 32190 32207 32217 29297 19656 32188 32211 32199 6846 32195 32218 32171 32189 32197 14591 32176 32200 32210 3061 32186 32203 32194 32170 32179 32178 32219 32202
594 32255 32282 32250 32281 32262 4683 32233 32230 32228 32268 32227 3335 32234 32244 21343 32258 396 32242 32229 23607 32251 32278 32272 12275 32265 32238 10405 10410 32274 32033 17831 32275 32249 32256 32245 32284 8557 32260 32252 8749 32263 32285 32283 28240 32226 32261 32264 32246 3235 13266 32231 32254 32243 32277 32253 32270 32240 18658 32280 32273 32271
595 32327 32311 32297 32313 32294 32328 32319 32324 32326 32315 32325 32295 32286 32293 32296 32310 32304 32287 32298 32323 32306 32321 32312 23614 31024 32330 32302 32300 32291 32305 32307 32329 32314 32289 32292 32309 32320
596 32378 32380 32352 32355 32361 32349 32370 25582 32359 7885 32347 2160 32374 32350 32373 32379 32351 32341 32336 32339 32338 22047 32334 25301 32365 32376 32369 32358 32362 32340 32371 32356 32372 32377 32381 32343 32383 32333 32360 32384 32346 32342 32348 32331 32385 32344 32353 32335 19881
597 13421 32409 32396 32424 32403 32397 32390 32387 32430 32434 32429 32412 32433 32427 32410 32392 6390 32421 32405 32386 32413 32389 32393 9219 4870 32417 32399 32406 25670 32418 32388 32423 32401 32415 32425 32420 32435 32394 20026 32398 32400 32411 32391 32404 32407 29983
598 32436 32478 32474 32446 32499 32503 32507 32497 32470 23268 32506 14595 32495 32498 32477 32485 32486 32449 32510 32480 32460 32440 21619 32491 32475 32444 32439 32511 27864 32502 32466 32500 32448 32442 32462 32464 32456 32479 32473 32459 32481 32504 32445 32494 32476 32443 32496 32488 32484 32472 32465 32487 32492 32468 32471 32441 32453 32438 32461 32505 32469 32452 32458 32451
599 3946 32513 32564 15008 35 32566 32551 32531 32546 32548 32532 32535 32569 31807 32534 32523 32533 32518 32542 24839 14332 32516 32539 32514 1137 32521 8142 24706 32530 32529 18359 32573 32561 32545 32571 32543 32537 32572 32553 32536 12935 4830 32574 32515 32575 32522 32525 32527 32559 32517 31086 32552 32554 32560 32519 28884 12956 32550 11535 32526 32556 32540 21613 32541 10824 32544 32557 32528
600 32591 32578 32580 32589 32588 105 32597 32610 32590 13526 32600 15246 32606 32609 18504 32595 32587 32577 32594 32598 20145 6557 32615 32576 32579 7687 32605 32603 15769 11372 32602 32596 32612 32586 32608 3808 3798 32584 32581 32601 32617 32593 32583 32613
601 8882 32630 32647 32666 32656 32633 32636 32655 32625 32659 32622 32651 32653 32626 32664 32642 32618 32644 32661 32662 32646 32637 32645 32623 32619 32635 32654 32628 32639 32629 32627 32665 32638 32667 3718 32663 32652 32649 32620 32641 32624
602 32692 32685 32695 32691 32689 32687 32698 12965 32690 32681 32669 32686 32699 32668 32693 32694 32700 32671 32682 32675 32679 32697 32678 32676 32673 32670 32688
603 32728 32726 32707 32715 32735 32704 32725 32729 32710 32741 32732 32703 32712 32733 32743 32705 32719 32721 32736 32734 32744 32717 32739 32731 32730 32708 32740 32709 32718 32702 32711 32716 32722 32701 32724
604 32766 32757 32769 32756 32747 32748 32773 32753 16788 32770 32745 32760 32750 31458 32758 32768 32774 32755 32762 7928 32763 32749 32761 32767 32751 32752 32764 12992
605 32828 32825 32803 32804 17784 32824 16156 32794 32797 32822 5290 15246 32786 32818 32807 32814 32815 32795 32809 32787 32802 32801 32779 1298 32784 32792 5103 32776 32810 32780 32783 3472 32782 32819 32799 32811 32796 32788 766 32812 32793 32805 32813 1226 7553 32817 29910 32778 32829 32826 32800 32820 12236 32785 32827
606 32831
607 32877 32876 4497 32843 32865 12109 32833 32858 32835 32855 32874 32856 32866 32859 32864 32851 32869 32867 32849 32850 32847 32838 32870 32873 32871 32844 32853 32846 32840 32861 32841 32845 32875 32854 32834 32857 32872 32837 32832
608 32881 32880
609 32890 32906 32902 32919 32913 32904 32884 32898 32889 32901 32888 32910 32892 32897 32895 32914 32899 32905 32896 32917 32887 32907 32885 32891 32893 32918 32882 32908 32916 32894 32886 14379
610 30826 32927 32921 32925 32924 13124 32929 32928 32922 31822 14595 32926
611 32958 32949 32943 32938 32974 9500 18927 32936 32932 32971 32961 32937 32935 32981 32977 32983 32963 32953 13503 22909 32955 32979 32948 32954 32975 32972 32950 32990 32951 6898 32984 32939 30176 32988 32989 32968 32965 32940 32970 32952 32960 32934 32945 23121 32944 32969 6882 32987 32964 32978 32933 32982 32947 32985 11154 32976 32931 32956 23110 32930 6684 32962
612 33019 33025 33016 33011 33049 33051 33030 33024 33050 33006 32998 32992 33020 33004 33003 33041 33033 33047 33043 33015 33000 33036 33014 33046 33035 33040 33022 33045 33034 33021 33018 33012 33013 33028 32995 33037 33031 33017 33052 33001 32993 33002 33039 32991 33044 33009 33010 32999 33008 33027
613 33070 33056 33077 33061 33082 33086 33066 33053 33067 33079 33069 2975 33063 33068 33060 33091 33078 33102 33087 33088 33084 33080 33072 33065 33097 33057 33083 757 33076 33064 33075 33085 33093 33099 33089 33058 33094 33101 33096 33098 33073 33074 33103 12016 33054 25261 21769
614 33119 33114 33130 33134 33121 25882 33115 33107 33137 33142 33129 33118 33139 33143 10222 33125 33104 33116 33135 33122 33111 33126 33123 33112 33127 33131 26618 33133 33141 33124 33113 33144 33105 33110 33132
615 33156 1676 11231 33188 33196 33149 33192 33191 33186 1743 33148 33201 33160 33187 33167 33151 33176 33197 33165 33162 33169 26534 33168 33163 33172 33181 7765 33194 33202 33178 33189 33174 33175 33180 33200 33159 33185 33183 26131 20042 33147 1920 8446 33190 33155 33154 33173 33152 23706 18031 33184 33170 33150 33179 33158 33146 33153 33157
616 33235 33226 33207 9337 33236 33267 33229 33238 33220 33246 33253 33248 33244 33223 33230 33239 33269 33265 33225 33231 33209 33255 14591 33206 33216 33268 33258 33250 33252 33262 33245 33243 33254 33221 33219 33257 33266 33232 33218 33217 33237 33241 33264 33263 33260 33249 33251 31540 33212 33228 33242 33213 33208 33234
617 33273 33287 33275 33298 33286 33281 33300 33295 33271 33279 29507 33274 33277 33283 10187 33284 33289 33285 33290 33299 33302 33293 6516 33272 33291 33294 33280 33292 33297 33301 30135 33276
618 33306 33307 33308
619 33329 33326 33352 33347 33343 33324 33315 33334 33365 33367 33328 33366 33360 33358 33310 33354 33327 33336 33361 33368 33313 33322 33363 33316 33319 33318 33348 33372 33344 33321 33342 33371 33309 33351 33364 33350 33337 33335 33339 32279 33370 33312 33369 33349 33338 33314 33355 33332 33357 33311 33345 33373
620 6712 33384 14367 33382 33383 33377 33392 33375 33391 33390 33378 33402 33399 33380 33397 33395 12665 33396 33394 33400 33374 33386 33387 33403 33376 33389
621 33440 33446 33437 33448 33421 8528 33405 33447 33449 33435 33416 33445 33442 33423 13123 9609 33410 33426 13649 33436 33417 33409 33419 33453 33406 33425 33430 6557 2726 13663 33420 33450 33427 33414 33408 1394 33441 33444 33443 33428 33451 11882 33413 33415 33431 13656 33422 33432 33452 33429 33434 33404
622 33463 33480 33465 20750 33495 33473 33467 33455 33487 27024 33468 33496 33461 33483 8881 33497 15767 33472 33459 33490 33494 33476 2757 12255 993 33493 30645 33457 33486 33481 24577 33456 16422 6400 33499 33485 33471 33498 33475 33477 26432 21505 18502 8710 33478 27228 13953 33458 33482 33454 18019 33484 33474 15837 18031 33492 5693 33460
623 33536 33506 33511 33531 33525 33546 33539 25200 33530 33533 25407 33542 33509 33514 33543 33535 33500 33515 33502 33516 33512 33529 33532 33520 33534 19372 33517 33518 1186 33523 13786 33507 33544 28663 33508 33540 33501 33538 33537 33504 19486 33503 33510 33522
624 33583 33586 33561 33608 33601 33552 33553 33577 33571 33559 33594 33602 33551 33591 33547 33565 33598 33584 33570 33578 33593 33560 33558 33590 33572 33554 33581 33563 33579 33573 33614 33576 33564 33605 33600 33566 33555 33609 33587 33606 33599 33550 33603 33612 33574 5458 33575 33568 33596 33562 6301 33549 33610 33588 33582 33580 33556 33604
625 33626 33636 33621 21547 33618 14332 33617 28 33631 33634 33633 16770 33628 33619 33632 33623 30816 33622 33635 12458 33625 33630 33627 33639
626 23726 33670 33642 33647 20750 33656 33684 33646 33664 33673 33663 33662 33640 33669 33666 33713 33702 33709 33655 25450 33650 33672 7507 33685 33674 3201 33698 33665 33711 33683 16204 33712 33687 33701 8309 33681 33700 33658 33706 33676 33641 33649 33693 33710 33707 33689 33651 33652 33660 33708 33648 33686 33682 20930 33668 1357 33688 33677 33692 33678 33671 22557 33705 33704 33703 33657 33643 33699 33679
627 33720 33715 33719 33722 33734 33755 33718 33731 33767 33751 33763 33729 33735 1903 18972 21061 33747 33721 33764 33760 4692 33743 33733 33746 33745 33739 33766 33753 2828 33758 33732 14382 23408 25726 33768 33717 33725 33750 33742 12692 4025 33724 33756 33727 33754 33741 33748 8292 24662 33736 33726 33757 33730
628 33812 33809 33797 33806 33818 33786 33825 33794 33789 33793 33810 33792 33773 33796 33803 33774 24006 7506 33781 33804 33827 8171 33829 33802 33788 16966 33776 33777 33790 33795 33771 33785 33823 6846 33811 2565 17310 33805 33791 33801 25726 33816 33798 33821 33820 12939 33814 5571 33807 22014 33808 33770 33779 33782 2315 33828 33815 33778 17307 10778 33826
629 33838 33843 33854 33863 33870 33862 33845 33873 33858 33847 33860 33855 33848 33853 33872 33864 33875 33859 33833 33844 33867 33852 33868 33866 33857 33842 33834 33871 33856 33840 33865 33841 33839 33832 33849 33836
630 33877 27973 33876 33878
631 33918 33929 33891 33908 33921 33937 33934 33881 26556 33886 33922 33924 33914 33882 33893 33915 33884 33938 33940 33896 33894 33930 33905 33890 33889 33933 33913 33907 33911 33935 33906 33939 33927 33898 33887 33895 33925 33912 33888 33923 33916 33920 33880 33901 33932 33919 33902 33900 33917
632 33975 33987 34002 33942 34001 33963 33954 33951 33972 33998 33974 33947 33970 33941 33966 33952 33959 33969 33988 33979 33967 33944 33994 34006 33953 33976 33983 33995 33984 33977 33997 33943 33088 33968 33981 33964 34003 33982 33999 33965 33949 33993 33996 33980 33945 33957 33991 33985 34004 33962 34005 33960 33973 33946
633 34015 34030 34010 34039 34009 34043 34014 34013 34020 34034 34021 34035 34040 34027 34038 34008 34016 34011 34018 34012 34022 34028 34023 34017 34041 34029 34042 30536 34025 34024 30528
634 34069 34068 34052 34057 34051 34074 34070 34071 34050 34066 34072 34053 34076 34048 34067 34065 34060 34063 34045 34047 34062 34055 34058 34044 34059 34073 12510
635 34094 7477 34121 34118 34099 20921 34115 34084 34078 34097 34129 34085 34122 34081 34086 34087 34128 34105 34114 9742 34127 34109 34079 34108 34098 34113 34120 34091 34093 34116 34092 34095 34119 34107 18105 34111 34080 34096 34110 34117 34125 34104 34089 23041 34100 34124 9751 280 34082 34103 34083
636 5577 34134 34130 34131
637 3239 34141 34175 34162 34140 31435 34150 34171 3774 34154 34146 34152 34159 34156 34173 34147 34161 34174 34151 34176 34181 6340 34158 34167 34180 24323 34148 34170 34163 17639 34172 11431 34155 34157 94 907 34168 34160 34153 34145 34138 34137 34143 34135 34177 34179 34142 34166
638 34186 34183 34185 34187
639 34195 34248 34245 34213 34217 34239 34192 34203 34210 34232 2967 34230 34241 21322 34189 34199 34208 34216 19217 4040 34191 34243 34226 34249 3876 34202 34219 34221 26496 34240 34196 5783 34198 2533 34237 34228 34234 34209 34218 34225 34229 4781 34220 34194 34201 34200 34250 34224 34251 34211 3122 34205 16007 34222 34244 20910 34215 13503 34227 34204 34207 34190 34212 34246
640 34268 34286 34285 34255 34290 34257 34256 34279 34282 34254 34277 34281 12963 34276 34287 34253 34292 34284 34264 34278 34291 34272 10790 34261 34266 3775 34283 34280 34263 34265 34259 34260 34258 34269 34271 34275
641 34293 34296 34336 34321 34351 34298 34311 34347 34335 34316 34315 34307 34326 34320 13558 34310 34337 34341 34304 34346 34302 34348 34331 34322 34319 34329 34314 34333 34328 34305 34338 34317 34295 34325 34301 34306 34308 34323 34334 34342 34299 34332 34330 34340 34318 34300 34313 34324
642 34390 34378 34388 34361 37 34392 34374 20535 34368 34382 34389 34379 34381 34358 34387 34391 34356 34393 13073 34366 34376 34384 34370 34385 6847 9868 34359 34353 34377 34365 9857 34371 4192 34362 34354 34383 34386 34363 34375
643 34419 34440 34423 34443 34434 34445 34454 34436 34431 34408 34426 34394 34402 34465 34459 34417 34425 34442 34458 14591 34407 34457 34456 34401 34453 34460 34432 34406 34397 34400 34414 34412 34451 34420 34464 34415 34416 34429 34395 34452 34438 34462 34404 34424 34428 34403 34441 34448 34437 34449 34450 34444 34430 34463 34418 34398 34439 34405
644 34485 34504 34496 34499 34488 34477 34478 33163 34472 34493 34491 34486 34468 34483 34469 34500 34505 25629 34494 34475 34473 34467 3681 34492 34471 34490 34495 27052 34470 34484 34498 25788 34466 25962 34482 34502 13181 34476 34503
645 34508 26989 34507 34506 26991 26988 21601 34510 26987
646 34563 13710 34513 34564 34551 34565 34536 34531 34529 34532 34581 34520 4296 34555 34582 34533 34569 34556 34514 34523 34526 34540 34539 34538 34576 34519 4358 34562 34577 34575 34543 15778 34567 34530 34525 34557 34554 34515 34548 34541 34566 34524 34553 34547 25527 34573 34511 34516 34578 34546 34534 34522 34512 34579 34549 34561 34559 34517 34583 34570 34528 34542 34560 34521
647 34626 34589 34610 12255 34604 34609 22923 22270 34594 34587 34592 19117 23444 33271 10227 34619 34625 34611 34603 34607 34591 34616 34601 34599 34596 34628 34593 34595 33270 34614 34621 34613 34597 34598 34618 34584 34627 34623 34612 34622 34602 9359 34600 34624 4875
648 34635 28098 34645 28692 34658 34656 34631 34661 34633 34636 34652 34648 31829 31841 34646 4865 34642 34634 12518 34638 34660 10281 34654 34644 34632 34641 31822 29341 34630 34662 34655 34649 34647 34637 28688 34643 20105 34311
649 34680 34672 34681 34686 34669 34676 34678 34664 34685 34666 34667 34677 34683 34670 28077 34673 34687 34665 34684 34675 34682
650 34718 34703 32518 34744 34729 34752 34713 34730 34714 20611 34697 34756 34727 34702 34736 23966 34758 34757 34741 34737 34725 34712 34691 34700 34723 9690 34721 34719 34747 16035 34746 4964 34749 34690 17278 6142 34722 3349 34689 34696 34709 34715 34698 34755 34732 34733 23188 34724 34731 34707 34701 34706 34753 34728 6833 34743 34751 4830 33820 34699 34720 34694 34735 34745 34711 27121 5410 17330 34704 34692 34693
651 34763 34771 34770 15113 34793 8153 34786 171 34792 20250 7867 17859 4506 34784 34780 34779 34789 34766 34778 34799 34776 158 2884 15073 2349 34761 34790 7874 5550 14143 34796 34797 2316 34762 26026 34781 34767 34783 34785 34788 34798 15069 34782 129 34794 34768 34764 24628 34769 157 27667 15584 34759 34791 5366 34773
652 962 34863 34814 3286 34848 34817 33631 254 34841 34866 14696 34816 34865 34803 34828 34847 6045 34822 34827 34844 34846 3740 34872 34829 34855 34839 34875 34854 34840 34853 34871 34870 34811 34849 34805 34812 34860 34824 34874 7729 34869 34861 34852 34835 34836 33969 34834 34837 34833 34813 34832 34809 34878 34873 34830 8572 34821 34818 34810 34845 34826 34819 34864 34802 34808 34876 34842 34877 34858 34850 34838 34851
653 3830 34880 34910 16692 34918 34924 34888 11352 34907 34890 34899 34891 34914 34922 34919 17720 34879 34923 14096 13624 34917 17731 34927 34887 34885 34884 34902 3800 34921 25585 3804 30907 34882 34881 34913 34886 34883 34901 34915 34920 34903 34894 34906 34925 34898 34896 7171 34912 34892 3403 2652 105 34897
654 34952 34939 34945 28153 34956 34932 34936 34948 34934 34937 34943 34931 34933 34940 34960 34957 34935 34949 34950 34955 34946 34961 34958 34930 34929 34959 34954 34947
655 34966 4129 34969 34968 34978 34982 34964 18016 34976 34965 34983 34970 34977 34962 34979 34972 34963 34967 34974 34973
656 13587 34990 35034 35049 35048 13646 35024 34996 35009 35032 4289 35002 34997 35038 35025 35020 35029 35010 34988 7596 35044 35037 10439 34998 35030 35039 35018 35045 2701 35000 34993 34987 35046 34985 35028 108 35042 35007 35035 35041 34989 34999 35023 35027 35015 35033 35005 35019 35021 34992 35012 34994 35047 24080 13621 35040 21445 35001 35022 35003 35016 35006
657 35050
658 19486 35064 35086 35061 35072 35067 35078 35063 35083 17683 1652 35087 35053 35051 22332 35069 4844 35060 12527 35065 35085 35073 35054 35071 35052 35079 35062 35056 35055 35076 35089 35058 3653 35074 35082 26932 35070 35084 3647
659 35111 35139 35116 35150 35133 35137 35101 35142 35152 35117 35126 35129 35122 35145 35151 35134 35090 35148 35119 35099 35149 35095 35121 24218 35106 35135 35120 35091 6400 35140 35109 35123 35144 35100 35108 35093 35138 35115 35107 13786 10604 10987 35141 35096 35125 35098 35146 35105 35147 35130 35113 5356 35097 35114 35118 35124 35094 35104
660 35206 35184 35188 35222 35183 35163 35176 35219 35177 35190 35215 35213 35166 35173 35162 35214 35191 35168 35185 35159 35205 35160 35186 35182 35201 35164 35198 35171 35156 35199 35170 35200 35157 35197 35224 35187 35174 35158 35178 35221 15032 35202 35230 35210 35175 35167 35220 35209 35212 35165 35179 35194 35227 35196 35172 35181 35192 35154 35195 35193 35204 35169
661 11360 35235 35237 35234 35241 35242 35254 35232 35260 35256 35239 35243 35244 35265 35261 35268 35269 35253 35236 35258 35255 35233 35251 35257 35270 35240 35259 35246 35250 35231 35267 35249 14928 35266 35271 32615
662 35273
663 9694 35280 35301 35282 35276 35315 35286 35321 10936 2160 22116 35296 35278 35319 35312 2671 12681 14311 12678 35305 35287 35281 35304 35317 35307 35311 35300 35310 35283 35303 35320 35314 35297 35292 35294 35302 35284 14619 35306 5783 5787 35277 35291 35274 35293 35295 20713 35279 35316
664 35334 35342 35324 35340 28513 35330 35357 35349 35343 35361 35336 35329 35364 35328 35353 35335 35333 35351 35326 35332 35360 35337 35323 35348 35352 35354 35339 35350 35344 35325 35365 35363 35341 35356 35322 35362
665 14598 35369 14594 24073 3270 35372 14602 35374 14596 35376 3935 35375 35371 35366 35370 14601 35378 14595 35373 35368 14599
666 35436 35450 35434 35447 35391 35388 35448 35387 35444 35401 35443 35420 35396 35432 35394 35438 35426 35421 35424 35383 35439 4421 35381 35410 35402 35449 35451 35406 35392 35389 35416 35446 35431 35422 35441 35423 35409 35413 35414 35445 35395 35419 35418 35404 35408 35425 35384 35382 35399 35390 35437 35430 35435 35433 35412 35386 35427 35385
667 35452
668 35453
669 35488 35501 35456 35464 29833 6413 35484 7792 35469 35468 35477 6395 3150 8728 35499 35482 35502 35486 35485 24627 35478 1932 2867 4793 35514 35470 35461 35510 3485 35487 7796 35481 35474 35494 35513 35466 35511 35475 1529 35457 35458 35463 35459 35491 16166 35455 35460 8322 35503 35500 35512 35506 35489 35479 35454 35508 35495 35504 21023 35462 35483 35507 35497 25602 16163 35493 35471
670 35519 27210 35534 35536 35527 35542 35544 35517 16028 35520 35539 35524 35533 35516 35529 27254 35546 35521 27102 35525 35515 35523 35545 35530 16020 35548 35518 35547 35541 35540 18999 23972 35537 2585 35543 19624 23309 35526 35535 35528
671 35585 35566 35571 35567 35550 31475 35549 35581 35555 35561 35570 18644 35582 16244 35553 35577 35559 2581 35572 31193 123 35551 553 23448 35578 5123 35552 35558 35588 156 35587 35569 35554 35574 35580 31488 35568 35586 35576 35584 35560 35565
672 35625 35633 35592 35599 35611 35610 35634 35600 35612 35621 35613 35605 35594 35598 35616 35595 35607 35622 3106 35631 35591 35628 35590 35626 35597 35606 35630 35596 35601 35627 35617 35593 35624 35603 35615 35629
673 35663 35654 35638 35647 35642 35640 35659 35639 35636 35656 35652 35650 35660 35651 35641 35653 35646 35658 35637 35662 35648 35643 35635
674 35687 35737 35671 18400 35694 35715 35740 35682 35701 35738 35726 35719 35702 35675 35713 35704 35712 35676 35722 35700 35709 35729 35699 15013 35728 35688 35683 35691 35717 35714 35679 35677 35684 35733 35667 35664 10497 35716 35735 35741 35711 35734 35724 35723 35721 35718 3058 35706 35674 35668 35666 35693 35705 35669 35665 35736 35680 35696 35689 6031 35697 35686 35692 35681 30358 12975 35670 35725 35703
675 35760 35754 35776 35774 35756 35755 35759 35764 35777 35780 35751 35749 35771 35782 35765 35778 35775 35773 35766 35779 35753 35747 35762 35757 35758 35746 35767 35750 35768 35743 35761 35763 35744
676 35793 35794 35812 35809 35798 35786 35792 35805 35791 35790 35810 35784 35813 35795 35804 1037 35802 35799 35806 35797 35800 35808 35788 9747 35796 35783 35807 27989 35789
677 35856 35819 35853 35850 35864 35815 35831 35833 35817 35814 35843 35840 35858 35836 35839 35870 35816 34021 35869 35868 35841 35866 35846 35826 35861 35828 35849 35829 35818 35855 35825 7674 35834 35844 35824 35860 35852 35847 35865 30513 35859 35832 35822 35837 35857 35863 35835 35854
678 35915 35922 35913 35940 35944 35897 35927 7339 35896 35874 35941 35899 35910 35879 35909 4661 35889 35936 35938 25205 8730 35925 35900 35933 6499 35928 35887 35920 35892 35906 35908 35904 35895 35876 35919 35898 35886 35929 3892 35926 12811 35934 35914 35921 35931 6151 35877 24413 35875 35942 35930 35937 6995 35903 35871 35888 35943 35918 35881 35923 14472 35911 35932 35880 35916 35882 35878 35883 35873 35890
679 35983 35999 35961 35970 35950 35962 35986 35952 35969 35960 35997 35987 35955 35973 35956 35957 35977 15737 2160 35971 35968 35959 35989 35978 35949 35980 35979 35981 20544 35953 35974 35996 35948 35954 10750 35965 35984 35988 35947 35994 35975 35951 35966 35990 35998 35963 20449 35958
680 36040 36070 36072 36084 36062 36069 36056 36027 36083 36068 36030 36073 36016 36067 36048 36077 36060 36063 36032 36011 36058 36025 36006 36053 12959 36023 36015 36082 36061 36078 36018 36007 36066 36065 36046 36036 36043 36021 36002 36042 36017 14610 36022 36037 36039 36031 36071 36076 36009 36012 36003 36034 36029 36064 36010 36045 36051 36019 36081 36059 36055 36033 36038 36049 36000 36004 36075 36057 36074
681 36088 36086 36085 36089 16965
682 36114 36093 36111 36104 36118 36095 36116 36112 36108 36105 36102 36109 36092 36107 36115 15664 36096 36099 36117 36110 36101 24101 36094 36119 36098 36120
683 33308
684 36151 36137 36157 36147 36152 36166 36160 17976 36145 36161 36125 36126 36148 36124 36140 36162 36158 36136 36156 36142 36150 36165 36149 36154 36138 36128 36129 36164 36155 36122 36143 36159 36133 36144 36134 36131 36163 36121
685 36172 36197 36196 36195 36214 36171 36190 36168 36198 36213 28153 24105 36174 4366 36217 36175 36219 36212 36191 36211 36194 36206 36182 36184 34824 36178 36199 36204 36170 36180 36209 36215 36203 36208 36193 36210 36183 6731 36186 36188 36201 36202 36218 36205 36173 36192 7641
686 36229 36221 36239 36250 36242 36223 36254 36222 36244 36228 36255 31740 36240 36230 36232 36246 36224 36226 36243 36251 36248 36231 36259 36220 36256 36233 36225 36258 36249 36245 36241 36237 36260
687 36310 34487 36299 36274 36309 36279 36284 7041 36267 36262 36271 36287 25403 34226 36264 36263 16079 36292 36276 36289 36290 36270 36280 28164 2811 36307 36297 36300 36286 36293 4875 36308 36268 36311 1605 36277 36305 36272 36281 15322 3094 36273 36298 36285 36282 28017 7125 36278 1217 36291 36303 36275 36304 36312 36302 15941 36283 36295 23752 2533
688 4614 36354 8413 36321 36320 36341 36372 36325 36371 36377 36331 36315 36367 36363 15787 36370 21878 36343 36359 36345 36361 36324 36376 36323 36340 36355 36385 36357 36327 36374 36322 36384 36349 36379 36334 24081 36328 36335 36353 7507 36382 36329 7031 36373 36368 36360 36318 36316 36378 7643 36375 36326 36344 36356 36352 36347 36383 36332 36380 36386 36358 14447 36365 36336 36348 36333 21091 19597 36346 36362 6024 36351
689 36432 30396 30112 36429 36413 36423 36442 36393 36435 36389 36390 36438 36445 36394 36396 36419 27037 36400 36405 36436 36402 36410 36427 36387 36418 36406 36421 36395 36353 36399 36424 28407 36408 36398 36441 8702 36431 36437 36414 5826 5331 36443 36415 12484 8764 4568 30563 36428 36411 36397 7507 15172 36391 36388 36439 36447 36446 36440 3253 36404 36426 31167 36420 36416 36425 36412 36407
690 36478 36473 36486 29489 36482 36475 36457 36453 36454 36469 36487 36449 34845 36467 36452 36466 36488 36455 36456 36489 36451 36480 36448 15441 13874 23868 36490 36477 36462 36491 36458 36470 15846 36463 17143 36460 36479 36465 36484 36461 36468 36450
691 36519 35785 30768 36534 36492 36505 36546 36526 2145 36537 36545 36498 36504 36507 36502 36511 36538 36544 36500 36516 36518 36497 2866 36523 36493 36503 36508 36496 36527 36515 36543 36499 36533 36517 36540 15696 36542 36539 36506 36547 36530 36510 36524 36536 36549 16705 36535 36529 25032 36514 36520 36531 36528
692 36554 36552 36550 36555 36551
693 36576 36610 10498 36599 36563 36594 36607 5408 36604 36578 36574 36609 36562 36603 36592 9359 36612 4908 36571 36602 36580 36590 36566 36561 36567 36575 36614 36589 36560 36605 36584 36595 36559 36598 36568 36557 36613 36585 36565 36608 30768 36596 36583 36564 36611 36597 36573 1285 36569 36558 36615 36577 36588
694 22512 36625 36629 36644 36647 36622 36637 36659 36642 30563 36655 36645 8135 36638 36620 36639 36652 36634 36632 36616 36621 36641 36650 36631 36624 36628 36627 36649 36617 30274 36658 36630 36626 36635 36623 36651 8748 36636 36654 36633
695 36663 10813 3533 36660 10806 36667 10802 36665 36668 36672 36670 10820 36669 11817 36666 36664
696 36689 36691 5407 36694 36714 36706 36675 36709 5318 36715 36697 36702 36679 24003 36682 36704 36703 36683 36699 36693 36692 36687 36686 36688 36713 36690 36677 36673 36707 36712 5400 5358 5412 36698 36695 36708 36701 36680 1588 36696
697 36716
698 36724 30072 36757 12664 36738 36726 36720 36717 36744 36756 32603 36719 36753 36760 36751 27439 36754 36732 20829 36727 36746 36725 36730 23694 36721 36731 36763 36735 36755 36743 33478 36718 22707 36728 21303 36762 36742 20708 6764 36736 2535 36750 8966 36758 1081 28017 36739 36729 36745 36722 36740 36759
699 36764
700 36768 7864 36767 31466 36769 36766
701 36781 36821 36816 36780 36789 36772 36785 26288 36804 5787 36803 36790 36819 36791 36776 36800 36807 36802 36774 36805 36809 36823 36798 36779 36792 36796 36801 36814 36815 36793 36784 36782 36795 36818 34268 36778 36773 36812 34253 36797 36811 34254 36813 36794 36817 36788 36808 36799
702 36895 36834 36845 36860 36853 36831 36867 36843 36856 36897 36888 36863 36861 36899 36898 36839 36871 36844 36848 4421 36878 36874 36885 36855 36851 36864 36835 36869 36887 36900 36836 36857 36901 36882 36840 36862 36890 36842 36829 36892 36896 36826 36873 36870 36847 36894 36828 36833 36883 36875 36872 36868 36832 36889 36838 36880 36866 36879 36859 36891 36841 36884 36830
703 36906 36926 36925 36915 9145 4962 36908 36909 9250 22855 36921 1357 36927 36930 36904 36916 36929 36920 36940 10017 9343 22270 36939 36928 36922 13462 36937 36931 29135 36942 36934 1726 36913 36933 4852 36902 36905 36938 19624 2576 13197 36911 36907 36941 36903 12491 993 36917 36910 12939
704 36958 36998 36988 36967 36963 36948 36974 36949 36975 36980 36983 36968 36997 36992 36993 37001 36969 36956 36964 36954 36973 36995 36952 36989 36962 36991 36971 36996 37000 36972 36946 28793 36994 36982 36959 36976 18382 36957 36966 22091 36961 36986 36955 36984 36965 36987 36947 36985 36978
705 37011 37024 37035 4358 37013 37030 37025 25900 37018 37017 37028 37003 37032 37029 37020 37019 37007 37014 37033 37026 37008 37005 37027 37012 37009 37022 37023 34037 37034 37021 37031
706 34289 34266 7971 34278 37036 17439 37042 34264 19642 34275 37047 37043 34268 34277 22174 3182 37050 34276 37040 37045 37049 37048 34292 37044 3775
707 34635 37057 34854 37051 37054 37055 37056 37052
708 37060
709 37061
710 25379 2509 37064 37075 20571 37108 37112 37078 37107 37067 37085 37099 1731 37106 37081 37103 37105 37096 11658 37079 37110 37100 37088 37068 37094 10987 37089 37070 37080 37087 37111 37071 37077 37098 37073 37102 37076 33679 37097 23945 37069 37063 16531 37091 37072 37086 37104 18729 37095 37062 37101
711 37156 37119 37169 37165 37148 37153 37137 37134 37140 37136 37126 37181 37124 37179 37115 37185 37146 37164 37174 37118 37173 37120 37159 37158 37125 37127 37145 37175 37129 37116 37142 37128 37150 37139 37183 15746 37176 37147 37149 37135 37171 37170 37131 37114 37161 37144 37123 37152 37186 37138 37155 37117 37177 37130 37154 37163 37184 37178 37141 37182
712 37200 37224 37227 37220 37197 37223 37241 37191 37237 37214 37198 37195 37208 37196 37221 37192 37207 37189 12733 37236 37234 37190 37211 37232 37230 37206 37219 37205 37201 37229 37240 11736 37225 37204 37216 37199 37193 37215 37188 37239 37231 37218 37238 37233 37222 19285 37210
713 37245 37244 37243
714 37270 37274 37277 37294 37290 37287 37249 37295 37257 37266 37297 37288 37296 37253 37280 37258 37293 37255 37267 37251 37262 37268 37265 37248 37289 37279 24390 37278 37260 37299 37247 37271 37259 37272 37263 37250 37285 37291 37292 37252 37261 37275 1775 37282 37273
715 37348 37355 37349 37319 37340 10238 37346 37358 37351 37301 22288 37304 37354 24029 37343 8273 37353 37300 37352 37307 37318 37345 17519 37357 37306 37313 37339 37321 37356 37315 37317 37328 37311 37350 3935 37329 37310 37325 37330 37335 37322 37334 37337 3270 37333 37302 37338 37336 37323 37344 37326 37312 37341 28615
716 37404 37421 37388 37427 37431 37372 37379 37389 37420 37384 37403 37438 37440 2118 37373 37394 37367 37429 19349 37361 37369 37370 37397 37378 37364 37375 37434 37395 37410 37415 37414 37398 37359 37419 37371 37363 37430 37382 37362 37413 37405 37383 37443 37436 37376 37360 37407 37374 37402 37365 37390 37435 37412 37400 37401 37368 37437 3175 37408 37423 37426 37424 37416 37409 20244 37411 37391 37441 37433 37387 37381 37385
717 1137 14599 14595 37451 14597 37454 37449 14594 37446 3270 37450 35373 35374 14596 37447 14601 37445 37455 14602 37453 14600
718 37460 37465 37464 37473 37457 37462 37477 37466 37459 35369 37470 37474 37471 37475 37461 37476 37468 37469
719 35452 33308
720 37480 37513 37509 37530 37495 37507 37486 27869 15340 37488 37516 37504 9673 37503 37529 37526 37506 37524 37519 37514 37490 37498 37487 37523 37493 37505 37500 37496 37481 37483 37499 37520 37494 37489 37482 37521 15305 37517 37511 37528 37497 37485 37484 37527 37522
721 37536 37543 37544 37533 134 37537 37538 37540 37539 2006 37535 37532
722 28139 37578 37553 37588 28972 37585 37572 37594 37557 37587 37580 37566 37559 37565 37582 37552 37593 37564 37561 37584 37546 37574 37570 37576 37590 37595 37575 37560 37569 37586 37589 37577 31797 37579 37568 37562 37556 37558 37545 37571 37549 37548 37591
723 37638 33840 37636 37640 37619 37600 37618 37624 37611 37606 37621 37631 37604 37599 37609 37602 37626 37617 37623 37612 37628 37613 37610 37616 37614 37639 37627 37597 37633 37634 37608 37603 37615 37620 37605 37622 37601 37625
724 6248 37664 10223 37659 37666 37693 19432 37686 37678 37691 37694 16906 37662 37653 37649 37652 37647 37658 8897 37677 37667 37642 37661 37687 37646 37651 37668 37700 37679 37697 37675 37645 37670 37673 37698 37688 37669 37685 37683 37689 37696 37657 37695 25849 37690 37665 37692 37680 37701 37660 37682 37650 37671
725 37711 37713 37707 37702 37714 37712 37709 37705 37706 37710
726 26239 37751 37743 37724 37765 7244 37745 37753 24960 37720 37726 21172 37744 37748 37752 37731 7509 37727 37721 37740 37717 24627 37754 37759 37763 37757 20930 7501 37756 37746 37766 18021 37764 13803 37729 6312 37762 37742 37716 37758 37761 18010 37719 37733 37755 37760 37734 37747 37730 5769 37749 2700 10163 37737 20030 37728 37732
727 37810 37775 29469 37798 37786 37806 37793 37785 37815 37779 37777 12523 17520 37772 37800 37788 19203 37802 37813 37794 37804 37776 37791 37780 37783 37769 37808 37812 37790 37787 37797 37767 37807 37809 37768 37781 37792 37803 37782 8362 37814 37801 37796 37773
728 37850 37831 37855 37834 37849 37844 37817 37853 37858 37830 37851 37847 37840 37824 37820 37862 37837 37832 37842 37839 37833 37854 37325 37825 37863 37859 37852 37828 37835 37822 37836 37861 37826 37869 37838 37860 37848 37865 37821 37829 37864 37845 37841 37823
729 37903 37938 37936 37930 23559 37872 37873 37917 37871 37927 37884 37890 37885 37895 14538 37922 37901 37874 37892 22699 37877 37910 26355 37919 37918 37928 37894 37908 37881 37891 37888 37939 37904 37883 37926 24188 37920 37914 37924 34821 37941 37925 37905 37929 5895 34854 37942 37940 37916 37889 37879 37937 37913 37934 37887 37921 37898 37876 37906 32268 37886 37923 5674 6533 37880 37878 37931 37915 37893 5647 37933
730 37998 37945 37985 38007 37946 37954 1556 37996 37976 37952 37967 37989 38016 37957 38004 12371 38009 37947 37979 1751 37958 37965 38011 37961 38000 37978 38008 37943 37956 37968 37948 12165 38017 37972 37991 37990 38018 38014 38002 37966 16501 37949 26409 37974 37975 37986 37987 21945 37984 37971 38013 37992 38010 37995 37963 37982 25379 37997 37981 1637 37988 37962 37955 37944 15234 2106 37977 37983 14708 37993 38001 28972 37960
731 3341 38030 38023 38054 38028 38050 38059 38035 38022 38060 38061 38052 38019 38058 38029 38057 38039 38042 38046 38051 38020 38043 38037 38038 3873 38045 15183 38047 38041 38062 28763 38055 38025 38024 38053 38031 38064 38040 38056 29976
732 35273
733 38103 27352 38075 38099 38121 15410 38125 38096 38109 38071 38082 38122 25056 38107 38104 38090 38116 38073 38127 38101 38072 38120 38129 38074 38091 38117 38081 38094 38083 10187 38089 4529 38110 38079 38130 38067 38114 38076 38119 38113 38080 38077 38098 38100 29163 38087 38088 38123 907 38108 38124 38102 22335 38078 38111 38069 38085 38105 38112 38126
734 38174 38147 38185 38142 24041 38194 38183 38144 38173 38143 9868 38159 38172 17414 38191 38162 38135 38190 38134 38164 38138 38166 38150 38140 33806 38157 38161 38182 38167 38141 38165 38154 38171 38187 38146 38179 38178 38176 38158 38139 38186 38175 19832 38152 38170 38193 38132 38188 38149 38155 27958 38163 38184 38192 38180 3272 38160 38148
735 38202 38218 38250 38236 38197 38237 38215 38200 38213 38203 38255 38253 38211 38244 38224 38219 38235 38256 38208 38222 38209 38207 38210 38241 38201 38231 38240 38229 38214 38230 38228 38234 38204 38217 38245 38248 38258 38251 38232 38233 10238 38216 38238 38206 38223 38199 38225 38198 38243 38257
736 21633
737 38266 38265 38263 38267 38262 38261 38264 38268
738 38299 38312 38272 38311 38319 38291 38310 38331 38271 38269 38321 38317 4360 38314 38278 38297 38293 38303 38324 38283 38327 38294 7057 3914 38277 38284 32841 31528 38315 24182 38320 38287 38281 38295 36331 38285 38316 10009 38298 5389 38328 38275 38302 38330 38323 38307 38305 5366 38279 23293 38329 38282 38270 38318 38280 38308 38322 38300 38286 38290
739 38378 38366 4521 38376 38397 38394 38392 38373 13813 38356 38352 7036 38369 38385 38348 32345 38374 38390 38382 38353 38351 38342 38340 38345 38379 38386 38377 38363 38387 38372 38384 38350 38334 38389 38361 36305 38355 38368 38346 38335 38349 38398 38362 38364 38357 38339 38391 38383 38347 14179 38370 38341 38336 38375 38367 38393 23032 24181 38396 38395
740 38406 38415 38412 38401 38442 38420 8161 38446 38429 38443 38422 38452 38409 38435 38432 38437 38436 38404 38403 38448 38414 38413 38418 8030 38431 38447 38444 38445 38411 38032 38430 38427 38433 38408 38440 1286 38426 38419 38434 22647 23319 23401 38449 38438 38439 38425 38421 38402 38424
741 38470 38477 38517 38463 8756 38523 38497 38485 38488 38518 38456 38467 38493 38481 38519 38489 38492 38464 38490 38486 38498 38496 38495 30284 38474 38473 38471 38483 38507 38482 38521 38480 38506 38511 25379 38487 38508 38515 38509 38461 38476 38466 38468 38462 38503 38455 38479 38469 38512 38504 38460 38484 34030 38516 38499 38520 38514 38459 38501 38502
742 38526 38524 38525 38527
743 280 38591 38579 38557 38575 38562 38554 38574 38573 38568 38532 38572 38570 38582 38540 38551 38584 38550 38578 38561 38546 38538 38548 38544 38558 38537 38539 38549 38583 38567 38564 38547 38596 38555 38542 38586 38590 38529 38589 38531 38587 38560 38597 38559 38592 38553 38594 38565 38545 38552 38534 38593 38595 38577 38585 38581 38588
744 38599 38623 38613 38624 38632 38605 38628 38633 38619 38615 38617 38601 38631 38644 38640 38618 38609 38627 38607 38598 38649 38620 38637 38622 28172 38611 38645 38612 2777 38621 38602 38630 38641 38642 38638 38639 38646 38606 38643 38636 38604 38626 38610 38608
745 38655 38651 38650 38654
746 38708 38698 38710 1366 38707 38686 38706 38700 38692 38691 38668 5729 38705 38683 38666 38664 38712 38669 38661 38657 38656 38716 38667 36385 38680 38682 38676 38711 1406 38714 38703 38688 38684 38677 38660 35676 3123 38663 38678 38689 38659 38673 38679 38665 38701 38702 38696 38662 18729 38675 38717 38694 38697 38671 38715 28472 38693 38709
747 38736 38757 38749 1582 32208 38750 23355 2355 38746 38719 38766 38734 9866 38743 38722 37713 38748 38724 38731 38764 38744 3182 38728 38756 30813 37952 38737 38763 24203 38758 1199 31510 38721 38733 27257 38745 38762 38718 38729 38723 17505 38767 44 134 38747 38725 8927 38765 38741 38768 38752 38760 38726 38761 38751 38755 38740 38739 38735 38727
748 38809 38810 38795 38806 38813 38774 38793 38803 38834 38812 38787 38827 38828 38822 38769 38831 38779 38799 38784 38773 38815 38780 38797 38801 38796 38833 38775 38781 38819 38808 38794 38788 38826 38800 38824 38790 38817 38818 38807 38785 38804 38770 38816 38778 38776 38805 38802 38789 38830 38814 38832 38825 38771 38823
749 38905 38892 38836 38839 38889 38873 38846 38896 38843 38852 38877 38845 38906 38880 38887 17441 38851 38870 38898 38884 38837 38871 38872 38888 38879 38856 35738 38867 38840 38891 38838 38886 33962 38895 38875 38859 38869 38883 38854 38841 38857 38862 38844 38858 38903 38863 38864 38893 38878 38855 23284 38901 38885 38882 38902 38853 38868 38900 38861 38894
750 6211 38912 38948 38907 38927 38919 38933 38926 38929 35035 38913 36199 38924 38937 38914 38932 38918 38920 38928 38917 38921 38909 38939 38931 38942 38936 477 38947 38922 38923 38916 14619 38941 5318 38910 38915 38940 38943 5334 38908
751 38969 38951 38970 38953 38960 38977 38973 38972 38976 38949 38968 38959 38964 38956 38958 19493 35087 38952 38961 38950 38954 38967 15364 38963 14798 38974 38957
752 39013 39027 39014 38983 33583 38984 39039 38995 39028 38998 38981 39043 38980 39000 38989 39009 38996 38997 39042 10295 39015 39036 39035 38985 38994 39040 39021 39016 39012 39029 39020 38992 38993 38978 39019 39006 38982 39010 3079 39018 39026 39003 38986 39024 39025 39004 39001 39038 39031 39022 39037 38979 8764 39002 39011 39041
753 39060 39077 39051 39067 39044 39109 39057 39092 39084 39088 39087 39053 39050 39107 39049 39082 39054 25123 5753 39085 39045 6589 39075 39101 2060 39081 39078 39091 39076 39062 39071 39103 39072 39052 39095 39048 39065 39108 39097 39061 39100 39102 39079 39059 39104 39063 39083 39099 39106 39056 39070 13382 39047 39073 25155 39080 39046 39058
754 14183 7366 39128 26696 39125 39130 39114 39118 39137 39145 24029 14314 39147 39133 39138 19612 10851 8034 39129 39166 11842 7482 39131 39148 4213 8047 39140 39119 39116 39121 39151 39113 7526 20259 39115 39123 39160 39112 39124 39161 39135 39144 39165 39155 21976 14205 7018 23936 18198 39163 39152 3036 39139 17277 11836 39132 39126 39127 39154 39158 17302 39149 39134 39110 39156 20253 10820 39162 23422 12551 39111 11867
755 39175 39183 39179 39176 39181 30716 39169 19387 39171 39184 39182 39170 14091 39177 39172 37155
756 39186 31435 29695 35452 19637 39185
757 39187
758 39240 39215 39210 39252 39224 39242 15787 39190 39196 39227 39192 39238 39241 39211 39191 39188 39228 39207 39235 39229 39232 39236 39245 39206 3894 39198 8396 39250 39218 39233 39223 39247 39226 39246 39222 39237 39197 39189 39205 39194 39209 39244 39239 39225 39195 9372 39199 39216 39200 39243 39249 15917 6522 39230 39217 39193 39202 39219 39220 39201
759 39265 39287 1617 39280 18872 5072 39260 39291 39290 39254 39275 39282 35083 39264 39268 39267 39295 39286 769 16156 39278 39289 39299 39271 39262 19482 24596 39285 25453 39277 39270 39293 39297 39273 39301 39294 26719 39266 4413 39279 34476 39296 39276 39269 39288 39259 39302 39300 4028 39284 39256 39292
760 39320 39314 39313 39326 39318 39308 39345 39339 39317 39303 39333 39343 39311 39322 39336 39349 39344 39306 39346 17511 39329 39330 39348 39324 39304 39332 39319 3005 39340 37970 39316 39323 39310 39307 39321 39309 39315 39325 39305 39327 39331
761 39389 39393 39385 39399 39373 39384 39376 10428 39375 39366 39374 39356 39403 35738 21271 39383 39351 39401 39388 4329 39371 39368 39360 39380 39386 39352 39379 39358 39354 39355 39364 39392 39359 39372 39396 39400 39365 39391 39370 39394 39377 39378 39381 39387 39361 14512 39367
762 4886 39433 39459 39454 39429 39422 39439 39412 23713 39420 39410 39437 39432 39434 39417 39461 23716 39465 39419 39449 39431 10355 39446 18053 39448 39463 23734 9187 39406 39444 39466 39428 39462 39452 20998 39424 39425 6501 7843 39458 39453 39464 39456 39435 39404 33488 17662 39421 39460 39427 15816 39426 39441 39442 39451 39416 39455 39450 33497 39407 39438 39411 39423 39440 39405 1875 39408
763 35373 39468 39470 14598 14596 14594 3935 39467 14602 39469 14601 14597 1137 14600 14595
764 39488 39474 15892 39482 39480 39481 39484 39486 39475 2904 39491 39477 39472 39483 39473 39476 20312 9791 2868 39490 39478 15441 39485 39487 10131 32603
765 39530 39500 30743 39521 34056 39516 38763 39535 39538 39541 39494 39495 39525 39546 39510 39505 39503 39547 39506 39528 39526 39544 39517 39509 39508 39523 39542 39497 39532 39520 39524 39522 39507 39518 39519 39513 39501 35368 39539 39545 39504 39543 39548 39533 39498 39540 265 39536 39514 20519 39531 39534
766 39559 39569 39575 39565 39609 7412 39604 39549 39605 39561 39573 39566 19536 39611 39555 39572 39597 39579 39585 39570 39562 39612 39592 39574 39588 39556 39560 39553 39550 39591 39596 39564 39599 25074 39587 39601 39551 39567 39583 39594 39606 39603 39582 34779 21810 39563 39590 39593 18662 39595 39576 39602 39581 39578 39580 39607 39557
767 39661 20315 39631 39664 39671 39617 16089 39628 39667 39660 39626 39662 39644 39616 39619 39630 39668 39650 39648 39638 39645 39614 20272 19440 39646 39643 39634 39621 39642 39653 39651 39624 6349 39647 39625 39623 39632 39639 39659 39663 39666 39652 39656 39627 39635 39657 39655 39669 39640 39622 39618
768 39681 39706 31892 39679 39698 39695 39672 39693 39687 39716 39675 39707 39673 39730 39729 39680 39685 39689 39725 39703 39714 39677 39724 39722 39705 39678 39676 39701 39713 39708 39726 39721 39718 39717 39686 39711 39692 39683 39691 39702 39712 39720 39690 39728 39700 39704 18359 39674 39696 39684 39697 39709
769 39782 39780 39743 39745 39749 19383 39763 39778 7797 39787 39761 39766 39756 39731 39738 39779 39789 39772 39776 8600 39785 39762 39765 13421 408 39783 13403 39775 39736 39791 39754 39773 39740 39764 39786 39769 39751 39768 39739 39737 39732 39742 10487 39733 39746 39750 39759 5696 12552 39757 39752 39777 39774 39744 39741 39790
770 39829 39827 39828 39792 39835 39815 3544 39819 9792 13098 3360 29119 39807 39801 39818 39800 39803 30731 39814 39832 39836 39809 24796 39830 1199 8144 39808 39813 39796 39822 4946 39821 39825 39797 39812 39802 23971 39817 39806 26306 39833 39794 7853 39820 39831 4798 39823 39811 39799 39816
771 39865 39884 39867 20210 39863 18645 14316 39879 39849 39858 39886 5712 39873 19546 39869 11833 39845 1583 39871 30738 39868 39878 39864 39850 17308 39891 39846 39853 39875 39841 39848 39890 7894 17145 39870 11628 39840 38452 26274 39862 39881 39866 39872 39851 39855 27254 39876 6661 15545 39838 39877 11540 39847 39892 39860 39844 39885 39861 29585 39854 34724 12942 39880 20250
772 39901 39916 39919 39918 39911 39933 39944 39928 39920 39936 39931 39927 39938 39924 39907 39898 39904 39926 39921 39909 39922 39908 39906 39932 39902 39914 39937 39941 39897 39894 39923 39934 39942 39939 39900 39946 39930 39905 39940 39925 39899 39935
773 15786 39962 39959 39950 15780 1039 39948 29878 39976 39949 39964 39973 18515 39971 39977 39952 39969 39951 1047 39955 39974 2154 39954 39961 14536 39967 39970 39966 39963 39947 39958 20709 39957 39975 39968
774 39988 39998 39981 39980 39978 39979 39999 39987 40001 37 16755 39989 39986 39996 39982 40000 39997 39994 39992 39990
775 40036 40012 40024 18796 40041 40005 40038 40055 40049 18964 40058 40008 40046 40031 2242 40044 40009 40006 40037 40035 40011 8890 40025 40021 40043 40060 2524 40057 4360 40019 40022 18464 40015 40017 40016 40050 40010 2501 40007 8612 40053 40002 40026 10539 40039 40032 40033 40052 40040 40048 40003 38649 40059 39528 40014 40047 40034 26619 40013 40018
776 40073 15055 40061 40088 40076 40066 40064 24654 40115 40083 40067 40092 40093 40116 40074 40077 40100 5102 40090 40080 40068 40069 40110 14619 27627 40062 40078 40111 40071 4394 40106 40070 5838 30082 11842 40063 40104 22071 40103 11640 24667 7506 40075 10818 40089 40091 40102 40113 40109 40096 40081 40101 40112 40084 40105 6207 40072 40095 22065 40094 40107 7327 40087 40108 7534
777 34275 34268 40123 40117 40120 36815 34256 40121 34276 3182 40118 34278 3775 40122
778 40158 40128 40160 40151 40184 40153 40172 40143 40156 40177 40176 40146 40132 40148 40161 40175 40137 40136 40124 40166 40163 40157 40131 40170 40144 40159 40165 40130 40138 40152 40145 40125 40173 40141 40155 40167 40147 40182 40139 40162 40171 40164 40149 40168 40135 40180 40154 40185 40179
779 40218 40198 40230 40225 40238 40209 40221 40222 40206 40223 40236 40228 40186 40212 40237 40190 40220 40210 40196 16906 40197 40191 40213 40194 40235 40216 40207 40214 40229 40215 40234 40187 40227 40232 8897 40205 448 40195 25848 40219 40202 40208 40211 40203 40192 40188 40233 26464
780 40252 40276 40287 40266 40268 40244 40279 40248 7734 40240 40260 40246 2997 25187 40271 40251 40258 28558 40241 40285 5867 40278 40264 40292 40269 40283 25477 40290 40257 22596 40280 40265 40270 575 40239 40267 40282 40275 40289 3369 40243 40245 40277 40249 40261 40272 40253 40256 1875 40250 40291 40247 12468 40288 40293 32603
781 40333 21462 40321 40303 40298 40313 40297 40325 24071 40340 40339 40348 40338 40337 40309 40295 40300 40349 40343 40346 40336 12145 12664 22190 40302 40334 40316 40329 40315 40306 40332 40299 40308 40344 40327 40307 40322 40320 40345 40347 40323 40331 40319 40318 40314 40311 40328 40301 5703 40335
782 40363 40369 40359 40355 40364 40365 40358 40366 40350 35852 40368 40354 40360 40351 40362 40361 28006
783 40378 40373 40376 40374 40377 19837 40371 40370
784 40414 40418 11472 40391 40412 18012 20295 5696 17946 40424 40409 40385 14144 40410 40383 4361 1822 40392 24993 40423 40384 40396 40402 40393 40394 40399 40427 4387 40420 40425 40426 40407 40422 24951 40387 13803 40404 40411 4814 40386 40406 40415 40382 20998 40397 11471 40389 40390 40413 40401 7429 40398 40417 9510 40416 23720 7081 2967 26183 40419 40403 40428 2931 482 40388 40429 40400 40379
785 18011 40460 40441 40442 15767 18442 40435 966 40454 40456 40457 40469 40463 40431 40459 40448 40434 40439 40446 40444 40450 40464 40440 40471 40461 40436 40468 1252 40432 40455 7057 40438 192 40437 40458 40462 40445 40452 40453 40466 40430 40465 40467 27474
786 40512 40521 10177 40499 40489 40490 40479 40511 40473 40483 40477 40492 40481 40503 40480 40509 40494 26227 40522 40482 40520 40514 40510 40506 40504 40474 40513 4929 40500 40501 40505 40497 40519 40493 40495 40486 40488 40515 40475 25224 40478 40507 40508 40484
787 16843 40579 40529 40548 40566 40581 40577 40593 40595 16833 40549 40601 40594 40528 40534 40589 40565 40545 40607 40604 40585 40547 40550 40561 40531 40603 40533 40536 40583 40587 40573 40525 40572 40539 40551 40571 40557 40599 40602 40558 40543 40582 40560 40590 40576 40540 40584 40532 40527 40605 40570 40555 40598 40559 40542 40530 40552 40592 40564 40544 40563 40568 40575 40596 40597 40591 40526 40554
788 40621 16173 40660 40664 40632 40651 40645 40616 40618 40622 40612 40663 40636 40658 40635 40637 40638 40668 40666 40630 40655 40623 40634 40656 40652 40613 40654 40610 40619 40626 40628 40614 40627 40649 40641 40669 40620 40653 40629 40643 40667 40646 40650 40625 40662 40661 40670 40657 40611 40608 40659 40647 10040
789 33308
790 40673 40677 40688 40682 40719 40729 40689 40698 40693 40724 40674 40696 40681 40701 16341 40676 40704 40678 40723 40697 40683 40702 40713 40727 40700 40707 40712 40709 40711 40679 40726 40684 40694 40708 40695 40685 40706 40716 40715 40690 40680 40692 40722 40728 40710 40691 40705
791 40730 40732
792 40782 2904 40773 40769 40739 40733 40744 40771 40781 40777 40774 40734 40783 40752 40767 40758 40780 15322 40736 40766 40776 40740 40738 40741 40759 40762 40396 40748 40746 29570 40772 40735 2950 40761 40754 40750 40755 40770 40784 40757 40743 40768 40751 40749 40765 40753 40763 40786 5419 9979 40779 40745
793 40793 40792 34652 40788 40790 40791
794 40871 40852 40801 40844 14591 40828 40849 40795 40870 40818 40829 40862 40830 40813 40805 40810 2434 40821 40822 40838 40812 40827 40814 40874 40856 40839 13471 40867 40836 40847 40825 34803 40831 40876 40855 40794 40796 40851 40860 15778 40797 3168 40845 40869 40806 40819 40865 40807 40866 40864 40803 988 40840 40835 40820 40858 40841 40877 40824 40843 40815 40863 40832 40875 40857 40837 40873 40800 40853 40846 40868 40872 21941 11591 40798
795 40879 40881 27957 33308 11375 40880
796 40898 40906 40883 40884 40897 40882 40904 40895 40893 40887 40886 40885 40890 40894 40903 40892 40896 40889 40905 40888
797 40920 40941 40912 40928 40921 40950 40911 40929 40943 40915 40932 40917 40940 40931 40946 40916 40951 40936 40952 40924 40914 40908 40947 40935 40933 40922 40949 40923 40925 40910 40907 40942 40919 40945 40909 40938 40944 40913
798 40983 40966 40957 40976 40984 40962 40978 40982 40958 40985 40960 40954 40971 40961 40965 40963 40987 40988 40972 40968 40975 40977 40964 40973 40979 40970 40956 40955
799 40990 26762 41004 40998 41001 40996 40994 41003 40993 41005 40991 40999 37 40992
800 41051 41037 41031 41018 41008 41048 41024 41027 6053 41028 41043 41022 41019 41029 41012 41035 41052 41050 41053 41009 41025 41026 41046 41020 41007 41030 6084 41023 41015 41044 41040 41016 19579 41045 41032 41038 41047 41049 41042 41021 7506 6088 41011 41039
801 41081 41086 41069 41067 41059 41060 41071 20259 41066 41085 41058 41062 41082 41088 41079 41083 25848 41057 41078 2060 41077 41084 41090 41061 25414 6260 41065 41089 41018 41070 41074 33365 41076 1157 41087 41064 5123 41080 606 41072 41091 41093 41075 41073
802 41113 41112 41122 20519 41095 116 19636 41107 41123 41120 41124 41100 41096 41110 41109 41099 41108 41105 41106 41117 8005 41118 41103 41097 41101 41114 41102 2576 41125 41119
803 41126 41130 41132 28619 41127 41128 41129
804 41136 41177 41160 41147 41141 41156 37700 41167 41158 4040 41134 13228 41168 41151 41178 41159 41149 41179 41153 17641 41157 17627 41133 41161 41165 41142 41171 41150 41076 22290 41174 5251 41135 41148 41176 41144 3699 41173 41139 41152 2823 41140 26589 41175 41137 41166 41138 41145 41169 4904
805 34268 34276 41183 41191 34392 41190 41186 41189 22174 37040 41181 34277 4113 41185 41182 3775 34289 41188 41184 3182
806 41226 41227 41232 41239 41211 41207 41199 41205 41213 41234 41229 41208 41228 41195 41220 41231 41215 41197 41206 41237 41216 41214 41238 41235 41202 41194 41196 41236 41212 41200 41210 41203 41233 41217 41219 32156 41230 41204
807 5776 5696 41287 17914 4479 41282 41279 41241 20769 41274 41270 41269 41259 41289 41260 41265 217 41275 41283 41266 41278 41273 10660 41263 8736 41253 1397 41250 1797 398 41245 41248 41271 41243 41276 41254 41257 41284 15856 41262 4789 41286 1400 9319 41240 4321 41288 41251 41280 41244 28338 41281 41285 41261 41267 9312 41252 41255 1385 41290 30233 41277 41272 41242
808 41319 41310 41291 41304 41307 41316 8410 21646 41330 41337 41335 10563 41341 9239 41315 41296 41320 41295 4852 41329 41313 2904 41326 41300 41317 41338 18476 41312 41318 41339 41305 3059 9272 41294 41306 41301 41325 6419 18451 41334 41308 41321 41292 41328 7442 21645 41323 41309 41342 5782 41322 41302 41293 427 41332 24454 41327 41297 2777
809 41375 14013 41362 1998 41350 1997 41346 41347 41344 41361 8797 41379 41368 18783 7092 41384 41348 41353 13503 41376 41363 12542 8418 5538 41373 41380 41360 26590 41354 41383 41349 41372 41377 41355 41381 41351 41365 25448 41356 20876 41382 41358 41366 41357 41374 41359 18464 41367 41378
810 3400 41437 41412 41433 41442 41424 41406 27698 41409 41414 41441 41400 41397 9044 41430 41428 41420 41421 41396 41386 41429 41419 41408 41434 41422 6503 41398 6504 16922 41393 41390 41407 3436 41440 41425 41427 41391 41439 41392 41426 41402 41423 36338 41413 41405 41418 41436 41388 41417 41416 41389 41395
811 41492 41444 41481 41490 41455 41453 41472 41493 41452 4201 2060 41494 41486 41488 41471 41445 41496 41460 41463 41489 41487 41470 41483 41468 19446 41491 16012 41446 41484 41497 5812 41450 41461 9851 41458 41462 41454 41456 41495 41498 41474 41480 41485 41459 41473 41443 41475 41478 1374 5624 41464 1366 41482 41476
812 41514 41502 41501 41506 31287 41523 41526 41509 6587 41505 41522 41508 31283 41519 41520 41521 41525 41524 41511 41507 31286 41503 31285 41504 41517 41515
813 41528 17382 41577 41537 41532 5741 17000 41544 41572 41545 40083 41536 41530 41558 41556 24268 41564 25230 41549 41534 41574 41571 41575 41538 41542 41551 39130 41539 41579 31375 41535 464 41565 41541 32168 16007 41569 19624 41540 41567 41573 24191 11844 41568 41560 41563 41548 41561 41531 4542 41581 41553 7221 41546 41562 41533 21825 41578 41557 41576 4394 41543 41552
814 29731 41595 28482 41638 17812 41630 41636 41603 41637 41602 41593 41648 41647 41606 41619 41586 41596 41650 5734 41643 41644 29741 41627 41629 41618 29571 41617 41587 25852 41589 2975 41591 41614 41615 466 41613 264 41609 41597 41645 41588 41624 41626 41621 41594 41598 41605 3653 41584 41631 7797 41649 41604 41616 41633 41635 41646 41620 41634 41625 41639 41607 41632 41640 41642 41622 41583 41612
815 41674 41658 41697 41662 41683 19224 18653 15087 41664 41675 41672 41678 41688 41680 41668 41671 41693 17216 41690 41681 41677 41652 23383 41698 41676 2754 41699 41692 41682 41696 41669 41679 3946 39085 41695 41691 41685 41655 41666 41689 41659 41667 8180 41684 41673 6835 41665 41687 41651
816 41720 41724 41714 16160 20646 41729 33454 41706 41730 29281 20648 3403 41709 16089 25291 41715 41723 15380 41702 11450 19235 41711 9887 12555 41727 41713 41716 41722 1356 1619 12244 29783 41712 9724 24796 28657 32778 41703 32783 41701 41721 15794 29299 16156 41710 8583 41728 41707 41718 41725
817 41738 41732 41739 41731 31729 41733 41734 41741 41737 15753 41740 41735 41743
818 41767 41787 41751 41776 41808 41790 41825 41783 41782 41758 41764 41819 41801 41756 41747 41824 41794 41791 41795 41785 41781 41798 41805 41796 41779 41771 41766 41759 41768 41793 41760 41822 41815 41788 41811 41755 41800 41780 41813 41814 41770 41784 41750 41799 41827 41753 41809 41748 41744 41826 41754 41821 41775 41752 41761 41773 41792 41803 41762 41774 41820 41823 41804 41772 41757 41763 41745
819 41854 41883 41885 29341 41834 41833 41848 41868 41856 41865 41880 41851 41882 6488 41866 41852 41876 41878 41860 41830 41879 41838 41858 41843 41839 41861 41846 41875 41842 41869 41845 30831 41844 41832 41857 41829 41836 41841 41884 41849 41828 16816 41835 41873 41831 41853 41840 41881 41859 41864 11375 25
820 41951 41935 41942 21543 41940 19822 34277 41939 4181 41949 15515 41923 41913 2342 41917 41904 41924 41914 30816 41931 41893 41898 41895 41891 41889 41926 41927 41943 41897 41918 41887 39 39539 41908 3244 41936 41907 41919 41928 2916 8273 41947 41888 41915 41899 41952 41921 31054 41894 2160 41930 41950 41920 41905 41938 41946 41903 41902 19821 40461 41934 41933 23529 41909 41911 41912 41929 2329 29327 41937 26762 41932 44
821 41957 41991 34651 41978 41984 42000 42008 41990 4865 42012 41955 41962 41996 41995 42009 41989 28693 41980 41977 41971 41997 41958 41998 41987 28723 28700 41981 41960 41972 42004 31176 28675 41959 41973 41961 14591 28672 41953 42010 41974 41976 34636 28695 42011 3436 41967 41956 254 36385 42003 41966 41993 41983 41992 42007 42005 41965 41986 41969
822 23 40121 34289
823 42081 42035 42082 42030 42029 42045 42050 42055 42056 42023 42048 42071 42079 42054 42032 42034 35864 42038 42044 42052 42024 42062 42015 42042 42078 42057 29011 42051 42063 42041 42069 31788 42022 42077 42028 42065 42043 42046 42021 42080 42058 42068 42075 42060 42084 42047 42017 42049 42061 42027 42019 42018 42070 42040 42020 42072 42039 42036 42026
824 42132 42095 42088 42091 42109 42121 42125 42100 42097 42096 42137 42130 42153 42104 42103 42145 42136 42148 42147 29782 42144 42128 42112 42085 42102 42149 42159 42146 42126 42110 42108 42119 42161 42092 42101 42141 3335 27457 42151 42087 42134 42139 42154 42106 42114 42118 42160 42105 17122 42090 42116 42142 42120 16335 22441 42135 42094 42152 42111 42143 42124 42115 42086 17128 42138 42098 42127 42150 42089 42156 42123
825 42167 42200 36982 42216 42199 42180 42205 42195 42211 42188 42212 42198 42187 42183 42196 42214 42166 42169 8410 42168 42174 42165 39424 42176 42193 42171 42206 42191 5004 42182 5858 42215 42202 42172 42190 42192 2744 42213 42201 42204 42208 42184 13701 42170 2866 42207 36389 42186 42209 42203 7459 4734 42177 42185 36391
826 42232 42260 42235 42264 42247 42220 42222 42266 42244 42256 42263 42224 42233 42275 42237 42238 42273 42262 42239 42261 31688 42267 42249 42268 42252 42223 42271 42243 42229 42257 42240 42227 42253 42236 42225 42254 42242 42277 42231 42265 42230 42274 42276 42248 42219 42228 42259 42226 42255 42246 2597 42278
827 42279
828 42336 42307 42300 42313 25865 42312 42302 42315 8727 42310 7306 2701 6612 42309 42333 42331 3059 42334 3762 5729 42296 3306 31813 42327 8977 36494 42284 20087 42308 15697 42314 42295 42306 6499 42317 42325 31597 30007 8968 42282 42305 14519 3153 42318 42319 42298 42322 42303 42293 42311 11726 42288 5788 42287 42326 252 42330 42285 42320 42292 42329 42316 6249 42297 42324 42281 42165 42289 33646
829 42340 25010 42373 42358 42347 42351 42356 42345 35485 42382 42379 42342 427 42357 11097 1366 42341 42364 42375 42343 452 31157 42374 42378 42369 42350 42381 42355 20673 42346 5782 2796 42363 42370 7406 42362 42354 12635 42372 30605 39299 42365 18927 42353 42376 42361 9701 24638 42377 42339 42338 16683 3211
830 42403 42420 42394 42400 42412 42386 42388 42408 42384 42422 42425 42393 42395 42390 42398 42397 42418 26399 42423 35948 42392 42407 42424 2054 42402 10007 42413 42419 1932 42404 42421 42401 42411 42396 42406 42389 42414 42409
831 42447 42446 42444 829 42451 42453 42443 42449 42461 42457 42440 42439 9518 24618 42435 42433 42427 42442 42436 42437 15997 42454 42429 42426 42441 19137 30113 42430 42432 42448 42460 37105 42434 42299 42465 42438 42431 42428 23073 42463 42445 42450
832 42505 42470 42475 42478 42482 42502 42493 42504 42471 35818 42469 42512 42492 42498 42511 42484 42494 42501 42515 42474 42476 42477 42489 42503 42507 42479 42472 42496 42488 42508 42487 42513 42481 42485 42483 42467 42499 28954 42486 42468
833 6150 42573 9372 42524 42559 2367 42585 42556 42531 42555 42529 42290 42567 42543 42568 42584 42557 42525 42548 42544 42553 42565 42578 42541 14080 3413 42535 42542 42572 42580 42579 42522 42563 10894 42571 42551 42560 42533 42562 42526 42528 42532 42519 42534 9484 42527 42582 42554 42516 42545 42576 32103 32104 42587 42570 42569 42520 42537 42538 42558 11835 42581 42564 8727 42518 42574 42575 42521 42583
834 42623 42637 42597 11225 42622 42600 42593 28921 26550 42594 42624 42604 42618 42609 42612 42616 42611 42603 42619 42601 42636 42617 42614 42608 42633 42610 42592 20256 4531 42606 42598 11468 42613 42630 42590 42599 3341 15234 42620 42591 42627 42634 42589 174 42626 3817 42621 42629 42615 42635
835 42671 42657 42690 42648 42654 42665 42668 42652 11574 42670 42689 42691 42660 42674 5459 42643 42688 42650 42645 42677 42656 42663 42658 42687 42684 42651 8357 42641 42669 39085 42681 42655 26755 42673 42664 42662 42647 42679 42638 42680 42642 42686 42676 42639 7964 42649 42659 41688 42640
836 42721 42714 42723 40452 42731 18872 42735 2796 42741 42736 42727 42743 42706 42709 42702 42740 42730 1316 28575 42733 1186 20829 42694 30605 18984 42711 42718 42716 42695 42738 42700 42708 42739 40279 42724 42693 42696 42701 42729 42699 1056 42697 42722 42698 42742 42725 42720 42734 42707 42712 42717
837 42745
838 42775 42766 42777 42757 42785 42773 42816 42747 42769 42799 42749 42760 42792 42756 42784 42762 42767 42795 42755 42759 30133 42814 42807 42791 42793 42783 42763 42752 42788 42776 42794 16012 42780 42811 42761 42802 42810 42781 42808 42789 42805 42772 42796 42782 42748 42787 28231 42751 42809 42750 42798 42754 42813 42797 42765 42758 42786 42778 42806 42771
839 42875 42851 42858 42861 42836 42837 42854 42855 42819 42853 42856 42840 42820 42863 42879 42835 42857 42859 42824 42846 42831 42878 42839 42834 42850 42877 42873 42825 42817 42862 42833 42821 31589 42842 42866 42864 42843 42869 42845 42872 24947 42832 42822 42849 42871 42870 42838 42830 42847 42860 39386 42827
840 42888 42895 42899 42901 42881 42898 42887 42884 42897 42882 42891 42885 42905 42906 42894 42902 42886 42890 41731 18495 42880 42883 7694 42896 42900
841 14332
842 42912 42932 42944 42946 42952 42940 42924 15330 42953 42920 42922 42925 42908 42909 42927 42942 42918 42943 42916 42915 12079 42947 42939 42933 42949 15318 42937 42945 42948 42910 42917 42928 42926 42921 32674 42907 42919 42938 42929 42930 42950 42235 42935
843 43004 42996 42958 42986 42999 42990 43006 42955 42995 43010 36913 42970 42960 42980 43009 42968 42998 42972 42954 42979 42976 42973 42994 42961 43011 42971 42956 43007 42989 42957 14265 42988 42981 42983 42962 42984 42991 42965 42978 43003 43005 42985 43008 42964 42966 43012 42963 43002 42977
844 43060 43015 43065 43069 43028 43059 43054 43066 43072 43073 43014 43041 43044 43063 4358 43034 10346 34514 43020 43025 43071 43075 43033 43055 43031 43019 43018 19968 43053 43022 43076 43068 43042 43016 43027 43026 43057 43048 43049 43024 43032 43047 43017 43046 43013 43043 43038 43077 23923 9646 43067 43061 43030 43056 43039 43062 43051
845 22999 43108 43086 43096 43092 43120 43094 43085 43100 43095 43084 43110 43093 14369 43118 3941 43090 15808 43116 4805 43134 43113 43114 43129 43112 43082 43127 43098 43105 2239 43128 43091 43121 43087 43080 43078 43124 43131 43132 43088 14753 43083 43133 43125 43117 39167 43106 5783 10453 43097 43107 43109 43119 3360 43126 38649 43104 43081 43103 43111 43099 43089 8972 6809
846 43145 43160 24201 43148 43139 43152 43153 43156 4201 43144 43137 43151 43136 43157 43159 43146 43147 43138 3286 6743 31888 43154 43142 43155 43141 19851 43158
847 43187 43213 43170 26183 43169 43191 43168 43206 43172 10692 43192 43212 43193 43183 43204 43165 43188 2708 23860 43190 43195 43201 43196 43189 43173 30768 43181 43184 43163 4529 43203 43207 43162 43182 43185 43177 43202 33932 43174 43194 43179 5738 43171 43200 43211 43210 43186 43164
848 43259 15173 43224 18031 43257 43251 7734 43252 43223 12250 8727 10045 43232 12931 43215 43272 43226 43270 43241 43264 43263 43262 43274 43255 23714 43265 43261 43220 28344 43234 43237 43233 43227 15820 43238 43254 43239 9674 43225 43247 43228 43245 7426 23703 43217 43249 43266 43248 43268 43267 43214 43269 43250 43275 39404 23273 43244 43221 43258 43222 13263 43253 43240 43235 40675
849 43299 43282 43300 43295 6378 43292 43294 43293 43298 43304 43306 43296 43297 43291 43281 43283 15767 43288 12468 43280 30187 43285 43302 43279 43286 43290 43289 43305
850 43336 23287 10871 43309 22148 43322 26331 40730 43341 43315 43359 43358 43308 43334 43327 43344 43307 43325 4520 43321 43338 43317 43333 43352 43324 43335 43332 43314 43346 43320 43351 43340 43319 26278 20481 43357 43329 43330 43316 43339 238 15093 43355 43310 43349 43328 43323 43331 15542 43312 43348 43343 5562 43313
851 43386 43372 43373 43379 43368 43364 43361 43387 43374 43365 43370 43385 43388 43363 43367 43366 43371 43369 43377 43360 43381 43382 43383
852 43395 43425 43419 43408 25457 43442 43398 3864 43429 43437 43428 43404 43424 43389 43393 43416 43391 13421 43392 43399 43443 43436 43409 43432 43440 43450 6931 43407 43445 43396 43422 43427 43417 43449 43412 43397 43401 13439 43403 43441 43411 43423 2805 43448 43390 43433 10923 43439 43418 43434 43444 43420 43430 43431 43447 43414 43453 43426 17073 43402 43452 12124 32807 43421
853 43468 43482 43479 43483 43484 43462 43455 43477 3259 43478 43485 43474 43466 43471 43476 43463 43458 43489 43473 43459 43461 43480 43487 17662 43467 43465 43486 43488 43470 43457
854 43532 43495 43506 42906 43519 43539 43502 43538 43525 43494 43512 7549 43510 43491 43508 43522 43529 43518 43534 35832 43513 43524 43528 43514 43521 43504 43535 43516 43500 25555 43523 43517 43499 43505 43537 43511 43520 43493 4308 43492 43498 43507 43526 43531 24942
855 3935 1570 43540 14605
856 43548 43542 43547 43544 43543 43546 43550 39339
857 43553 43552
858 43602 5383 1149 7506 43592 43588 43584 43570 43554 14749 43575 43557 43561 5366 43583 43569 43566 43565 43558 20083 43605 43555 43606 14311 22372 43604 43582 43567 43580 41041 43574 43593 43581 43590 43560 43595 43587 43596 5368 43594 43562 43591 22693 36714 43577 9239 11234 43598 43585 43559 43603 43586 43576 43601 43564 43556 5375
859 43651 43649 43642 43646 43635 43615 43619 43644 43617 43652 43669 43662 43609 43629 43610 43654 43657 43665 43614 43653 14455 43620 43621 43612 43659 19822 43632 10871 43638 43660 43623 43636 43648 43616 43618 7949 43643 43625 43647 43640 7990 43663 43666 43650 43656 35544 43631 43613 43611 43627 43658 43645 43624 43628 43630 43667
860 43684 43678 43685 43672 43682 43673 43680 43683 43677 43674 43681 43676
861 43712 43701 43703 43695 43694 43686 43709 7971 43704 43711 4201 12924 23 34276 34289 3182 29326 43706 43687 30816 37 43692 43713 40117 43705 38149 43700 43717 29335 37045 43691 43714 43715 43710 3775 43689 43698 16802 43693 43702 43708
862 43734 43741 4793 43733 43742 43735 4870 35581 22209 43720 43727 43718 43728 43732 43740 43730 16262 43722 43725 43726 43723 43738 43743 43719 1544 36836 43736
863 43747 8500 43783 43768 43762 15188 88 105 30906 43769 35003 43782 43778 94 43761 43779 43756 43758 92 43749 43744 19055 13654 43766 43773 43772 43771 3818 43763 12555 11354 103 43777 43757 43764 1039 43748 43745 43775 43750 9622 43781 43755 43752 43774 99 43780 34882 1217 43760 43770 2640
864 43804 43822 43825 43799 43809 43788 43789 43807 43841 43851 43808 43837 43806 43819 43829 43803 43836 43791 43830 43831 43795 43832 43801 23275 30404 43796 43846 43800 43844 43810 43839 43802 43842 43817 43828 43834 43793 43818 43847 43820 43790 43849 43797 43850 43827 43811 43824 43816 43812 43792 43815 43845 43786 43835 43794 43813
865 29765 43883 43861 43878 43869 43877 43855 43874 43856 43871 43875 43867 41845 43882 43885 43868 43886 43866 43860 43876 43857 43865 43854 43884 43864 43859 43872 43858 43853 43879 43873
866 43888
867 43943 43957 43900 43920 43891 43910 43929 43903 43917 43911 43937 43958 43926 43896 43950 43925 43906 43890 43895 43915 43942 43938 43932 43931 43914 43941 43949 43934 43924 43909 43919 43935 43953 43947 43904 43897 43930 43948 43955 43923 43956 43960 36400 43894 43898 43907 43961 43918 43951 43912 43945 43901 43905 43959 43899 43927 43946 43940
868 44009 41294 43991 43994 43968 20052 7762 7501 43978 23286 44007 44008 4394 23947 21882 43965 12848 43988 43998 8109 43970 43975 6446 43995 43985 43966 5290 43963 43989 43993 44004 465 44000 43973 10453 43992 453 11887 43974 471 43982 43976 44006 5229 27900 43962 43980 44003 43969 44005 43983 43986 43979 227 43996 43967 43972 43987 43997 44001
869 44072 1573 44011 4201 44034 44048 44050 44041 44021 44063 44055 44068 44029 44047 44053 44051 44046 44018 44033 44025 44064 44017 44014 18599 44070 44054 44057 3774 44031 44062 30145 44066 44026 44028 44039 44023 44036 44012 44042 44056 44019 44069 44071 26516 44061 44020 44058 44045 44022 44010 44024 44027 44067 44015 44037 44030 14369
870 44073 41126 28600 28619
871 44120 44086 44087 44092 44095 44124 44110 44089 44115 44106 44122 44074 44107 44085 44123 44112 44116 44078 44119 44101 44080 44102 44097 44098 9762 44104 44075 44109 44114 44084 44111 44077 44113 44099 44088 44083 44082 44117 44100 44081 44091
872 8134 44154 44150 44141 44151 44158 44143 27368 44132 44134 44142 2527 44133 11830 44147 12043 44127 44148 44139 44125 22684 23403 44128 44136 44157 36662 44156 44149 44144 31481 39101 44146 44152 44140 10849 44135 44153 38068
873 44207 44181 44189 34650 30270 928 44165 28723 41983 44187 44171 44179 44188 34657 44195 44163 44191 44190 44193 44176 44184 44198 44205 44159 44203 44199 44175 15033 44185 44161 12165 44200 44201 44180 44168 44162 44202 44166 44197 44204 44169 44160 44170 44182 31822 44196 4865 34271 44192 44167 44194
874 44210 44271 22697 44209 44238 44233 12786 44218 44251 44223 44245 36286 44212 5341 44260 5434 44252 44248 44268 6224 44213 44254 44219 44261 44241 15246 44231 20265 44226 44214 44270 44246 44230 44243 44232 27458 44255 23823 44236 44215 44225 44229 44249 44264 44242 44257 44224 44269 44217 44244 44208 5342 44267 44262 44237 20967 44247 44250 44222 44211 44228 44258
875 44287 44281 44288 44277 44286 44279 13529 28008 44273 44274 44290 44275 44278 44276 36135 44272 44282 44280 36739
876 44304 23513 44307 44308 44331 44309 44296 44317 44332 44327 44321 10015 44300 5334 44316 44298 44315 44323 44320 44311 44292 44291 44312 21333 44295 44330 44306 44297 44294 44324 44303 44322 44326 44305 44318 44293 6667 44325
877 14598 3935 35373 14601 14597 14596 14600 7506 44334 14595 14602 44335 35374 14594
878 44400 44366 44382 44346 44368 44370 44365 44389 44345 44347 44364 44359 44341 44374 44349 44363 44373 44369 26826 44401 44348 44378 44388 44379 12905 44377 12970 44392 44375 44380 44357 44342 44356 44395 44361 44338 44350 44372 44387 44383 44386 44337 44384 44394 44344 31423 44351 44398 44367 44385 44393 44339 44396 41929 44340 44360
879 44434 44442 44423 44446 44438 44433 44464 44450 44435 44426 44420 44454 44437 44429 44416 44459 44412 44439 412 44453 44404 44411 44406 44410 24549 44405 44445 44417 44436 39416 44456 44451 44432 44444 44409 44447 44461 44460 44452 44448 44457 44402 44424 44427 44465 44419 44458 44449 44425 10790 44415 44421 44443 44414 44440 44430
880 44518 44467 44515 44516 44501 44528 44520 44506 44503 9538 44496 31155 44498 44505 44526 232 44510 44499 44476 44513 44495 44483 44468 44504 44485 44493 44486 44490 44481 44466 44509 44527 44472 44479 44488 44522 44497 20861 44491 44500 44480 44489 44487 44469 44474 44529 44478 44514 44521 44470 44492 44473 44471 44482 44477
881 33308
882 44567 3403 44565 44575 44571 44550 44568 44534 43784 32580 44535 44572 44564 44542 44566 44532 44548 44555 44556 44291 44546 10287 44574 44539 44531 44538 44553 44554 44573 6774 44547 44536 44557 44559 44545 32609 40287 44543 44540 43771 44533 44558 44563 44570 44541
883 44586 44584 44596 44603 44609 44577 44582 44599 44597 44581 44588 44580 44592 44594 44606 44600 44583 44585 44605 44578 44579 23332 18296 44607 44587 44593 44601 24201 44610 27873 44591 44589
884 44639 44632 44647 44657 44651 44614 44612 44663 44638 31770 44613 44653 626 44652 44617 44627 44618 44637 44628 44661 44625 44620 44621 44662 44619 44626 44635 44624 44641 44611 44659 44616 44645 44654 44640 44660 44623 44648 44631 44649 44622 44634 44650 44646
885 44682 44693 44669 44697 28006 34020 44685 34027 44688 44677 44700 8764 34019 44687 44674 38989 44689 44671 44676 44680 39951 44668 44691 44683 34024 44673 44667 44696 44699 44690 44666 34021 44684 44692 16650 32603 28799 44686 44695 44679
886 44727 44710 44729 44704 44734 44722 44738 44726 44705 44728 44731 44715 44713 44706 44711 44717 44735 44736 44703 44708 44725 44737 44714 44702 44709 44730 44733 44721 44719
887 44777 44788 1850 44771 44765 44760 44780 42884 44767 7101 44781 44751 44763 44783 44775 44755 44776 44779 44749 44745 44748 44789 44766 42893 44769 44768 44754 44752 44770 1830 44740 44759 44786 44787 44746 44782 44744 1818 44785 44774 44742 44741 44762 44739 5787 44750 44758 44757 44784 44756 44743
888 44793 44792 44791 44795 44790
889 9877 44800 44798 44802 44797 44801 37712 44799
890 14332
891 44842 44839 44830 6722 44811 44809 44818 44834 44827 44805 44806 44812 44846 44847 44844 44828 44821 44832 44840 44807 44853 44836 44831 44810 44841 44848 44819 44814 44838 44804 44825 44833 44829 44837 44823 44816 44820 44854 44850 44845 44813 44849
892 44877 44878 30181 44890 44881 7017 44888 21319 44882 44880 44873 44895 44870 43767 44875 44894 9617 44860 44897 44864 44883 44861 44862 44887 44872 44869 44886 13669 44865 44891 44885 44884 44856 44863 44866 44889 44893 43779 44871 44858 16083
893 44965 44962 960 44901 2416 7128 44950 44963 44936 44960 44902 44948 44942 44918 44925 44909 9080 44928 44908 44906 44938 21360 44940 44930 44966 44952 44905 44927 44956 44958 44923 44911 44946 44912 44919 44898 8841 44913 44934 44939 44937 44899 44907 44921 44916 44959 44955 44935 44910 44932 14210 44926 44903 37876 44961 44924 44949 8291 44943 13389 44920 23544 44957 44964 41645 44922 44954 44929
894 44977 44980 44971 26019 44970 44978 44968 44972 44973 44967 44979 44976
895 44983 45011 45039 45037 7734 44989 3335 8763 242 3864 45007 45038 17125 25379 11559 45022 45003 45021 14956 25834 45010 45036 6545 44984 45013 44998 44996 44993 21857 44985 13421 229 45033 45016 44981 44994 45020 45030 44995 29950 44982 10410 25573 44992 44990 44987 45024 45026 23483 45040 14210 28101 45018 45034 10009 45035 45015 18032 45041 45000 18456 45023 16542 45025 44991 44988 45019 45029 45014 8434 45032 44997 45017
896 45065 41957 45049 45053 28688 45045 45068 42003 45072 45047 45056 45051 45059 45062 45054 45066 28694 45061 45057 45067 28693 45055 44180 31847 34631 4865 45070 45043 45042 11285 45046 45063 45060 34650 45044 45058 7057
897 45087 45105 45074 45101 45079 45089 39036 45084 45077 45083 45104 45097 45094 45076 45088 38510 45099 45107 45102 45106 45085 34896 45073 45098 45093 45086 31165 45078 45095 45092 45081 45100
898 45166 45145 45154 45170 45144 45156 45152 45119 45160 45114 45116 45162 45125 45163 45130 45121 45148 45136 45151 45110 45118 45124 45135 45164 45115 45132 45133 45128 45123 45140 45150 45168 45153 45127 45142 45141 45126 45155 45134 45161 45146 45129 45120 45138 45147 45169 45113 45149
899 45193 45189 45223 45210 45174 37246 45190 44395 9868 45225 45180 45191 45175 45187 45208 4224 18224 45183 45218 45219 45182 39531 45203 45222 45179 45196 45216 45221 45195 45202 45206 32546 45177 45201 45205 45212 4154 45197 45224 45176 45198 45186 45199 45209 45188 45178 45200 4223 45184 45173 45213 45215 45226 41997 45207 4226
900 45242 45231 43283 2739 45249 45244 19028 45250 41722 1707 45263 12271 4955 45248 45260 45229 45262 3167 45265 45235 33654 45245 16279 45228 32603 4735 45236 45233 45253 45256 45240 45237 45246 45239 45241 45258 45227 45254 2818 45259 45234 45255 23691 45271 45251 45238 45268 45264 26690 45232 33646
901 45290 45285 45288 45283 45279 45277 45287 45280 3377 45276 45274 25798 45286 16643 45278 45275 45289 45281 45282
902 45338 45296 45349 45329 45295 45307 45346 45335 45299 45318 45308 20370 45302 45311 31587 45306 45340 45301 45291 45345 45319 45328 45347 45348 45339 45312 45292 45304 45343 45315 45313 45303 45324 45350 45310 45322 45317 45327 45316 45334 45298 45336 45330 45309 45297 45341 45331 45351 45320 45337 45352 45326
903 45378 45366 45386 45396 45384 38004 11831 15545 45398 38063 45373 45365 2553 45364 45388 45363 45371 10716 45393 45375 45395 45380 12177 37651 45358 45354 11835 30125 9250 21917 45387 45402 45392 45374 8941 45362 45400 45379 45361 45376 25930 45356 45369 45357 45372 45368 45401 45391 38343 45370 24272 25733 23153 45353 45389 45385 45382
904 45407 45418 45429 45428 45413 45431 45432 45445 45446 36677 28360 45443 45442 45439 45433 45405 45434 45450 45454 45444 45415 45427 45404 45403 45457 45437 45424 45447 45422 45436 45419 45421 45440 45452 21592 45417 45449 45438 45411 45412 45451 45456 45426 45409 45406 45453 14734 45410
905 45512 45493 3774 45517 45518 45487 45469 44093 45528 45514 45524 45509 45467 45505 45525 45511 45477 45474 45471 45520 45526 45507 1374 45497 45486 45458 12165 45521 45513 45483 45485 45489 45502 45510 45468 30150 45478 45481 45470 45465 45463 45482 45496 45492 45495 45462 45464 45476 45480 45491 45499 45522 45460 45503 45504 2676 45506 45515 45516 45527 45494 45475 45479
906 45555 45574 45549 45548 45560 31496 45552 45553 11817 45570 45533 45562 11842 45565 22157 45554 45551 45539 45577 18465 8134 45567 45536 16051 45538 45568 23314 21178 45544 5598 11849 45543 45578 45532 24204 45563 45566 45547 45575 40065 45556 45529 45542 45534 23900 19572 45564 45531 45541 24231 34778 4798 7949 45559 13871 45545 443 14385 26762 45571 45550 21206 39825 45537
907 45590 45591 45612 45605 45589 45582 45614 45596 45611 45595 45606 45583 45602 45586 45585 45613 45608 45594 45603 45588 45593 45592 45597 45601 45609 45599 45600 3286 45598 45580 45584
908 45668 45661 45660 45617 17213 45618 10411 45637 45635 44298 45651 45638 45673 45625 45652 45636 45648 32103 45639 45624 45644 45650 45623 28260 18376 45645 45641 25911 3261 45653 45675 45619 8968 45670 45659 45634 45665 1353 45620 45669 45643 44309 3363 45616 45628 45662 45649 45656 45664 45647 45627 45654 45633 45631 37396 45642 45658 11655 45674 45676 45646 45672 45671 45630
909 45686 32004 45682 45703 25608 45694 45677 45690 45685 45698 45684 45688 45691 45700 45681 45695 45680 45696 45702 45701 45678 45699 45693
910 45745 45735 25501 22348 45750 45719 45749 45724 45741 9699 15808 8395 45709 45746 31244 45747 45707 45716 45742 45712 45744 45748 45706 45743 45736 45711 17853 40438 192 45720 45734 45729 45727 45715 45723 10126 20949 45705 45740 12555 45725 18964 45726 45731 45730 45704 45737 45739 45733 4367 9516 45714 45710 1907 3504
911 45751 45754 45752 44799 16965 44802 45755 26296
912 45807 45770 45777 45811 45800 45765 45803 3218 45775 25316 45802 45782 45793 36579 45769 45785 45788 45763 18964 45773 45799 45792 45756 45806 4907 45798 45801 45761 45774 45776 45791 45767 45758 45757 45795 45759 45766 45794 45760 45796 45790 45784 45805 45809 45804 45810 45808 45789 45772 45786 45783 45778
913 36617 45844 45868 45859 45839 45841 45876 45862 45874 45834 45867 45826 45871 45840 45822 45865 45849 45831 14210 45833 45828 45848 45815 45850 45813 45856 45879 45873 45861 45853 45869 45824 45821 45827 45843 45852 45872 45832 45814 45864 45830 45877 45817 45835 45870 45851 45837 45860 45825 45847 45855 45836 45845 45882 45866 45854 45816
914 45905 414 45941 45907 45939 45904 45919 45909 45938 45923 45918 45940 45924 45886 45920 45943 45927 45885 6454 45942 45901 3123 45932 45903 45896 45914 45911 45893 45892 45944 7850 21650 45897 45890 45930 45894 45889 45922 45902 45888 7776 45898 45926 45935 36543 45937 45899 45906 45900 45934 45913 45915 45916 45891 45925 45887
915 45956 45970 45948 45964 45969 45971 45961 45963 45959 45973 45958 45968 45949 45962 45951 45960 8501 45945 45965 45947 45954 45950 45955 45952
916 46000 46024 46003 46015 45992 45985 23188 46020 45982 45995 8180 4138 45988 46005 45998 45976 45978 11917 5587 45981 45983 45979 15542 45999 46007 46008 17859 46016 45987 2319 46002 45993 45989 157 34780 46022 2022 46018 46009 15069 46004 46023 46001 21481 45996 37950 45975 39737 46010 27276 160 46019 45977 45994 46006 46012
917 46045 46047 46073 46061 46031 46030 40388 46035 46057 46025 46039 46051 17615 46063 46026 46060 46065 46054 15822 46029 46064 46075 46041 46078 46049 46056 46034 46070 46062 46028 46032 46053 3740 46059 46068 46046 46036 46066 46048 46077 36419 7853 46027 46076 46058 46044 46074 46071 46055 46079
918 46092 46110 43574 46096 36714 46080 46097 43577 36699 1149 11234 46086 46131 46104 36681 46094 46120 46114 23811 46124 46130 3409 46108 46115 46122 46090 2316 46126 1295 20324 46112 46116 46088 46121 8273 24120 46128 46113 2273 14749 46119 36697 46082 46098 46118 25918 46109 46105 3774 46081 46100 46101 46129 46099 46103 46091 43564 46089 10666 46085
919 46198 46171 46207 46159 46175 46191 46146 46193 46155 46160 46204 46206 46215 46179 46188 46158 46152 46150 46181 46185 46138 46176 46132 46172 46149 46141 46142 46169 46205 46180 46212 46173 46178 46201 46189 46203 46154 46140 25493 46135 46156 46163 46144 46199 46167 46161 46197 46134 29368 46200 46151 46133 46184 46194 46153 46143 46183 46165 46182 32493 46136 46202 46170 46195 46192 46145 46190 46210 46214 46174 46162 46186
920 46217 36185 46235 46219 8488 46227 46229 46233 46230 46231 46223 46232 46228 46224 46218 46216 46226 46222 31448
921 46241 46252 46238 46244 13461 46258 46271 33258 46257 46259 17362 6318 46269 46296 46245 46292 46263 46293 46237 46240 46281 46285 46251 46283 46242 46250 46256 46291 46276 46253 46255 46282 46264 46287 46279 46274 46266 46268 46261 1792 46265 46249 46278 46239 46275 46272 46295 29626 46260 46289 46267 46254 46280
922 10515 46315 46340 46349 46357 46353 46346 46339 46317 46331 46350 46354 46326 46310 20838 46301 46338 46333 46352 46311 46355 46362 46299 46364 46306 46343 46303 46363 46305 46347 46332 46302 46335 46298 46308 46360 46344 46351 46297 46342 46321 46358 46319 46328 46365 46329 46323 46325 46322 46361 46366 46348 46359 46304 46309 46307 46320
923 46374 46394 46390 46370 46392 15374 46381 46416 46369 46402 46415 46404 485 46375 46412 46377 46376 46388 46378 46414 46395 8169 7028 46373 46396 46368 17640 46386 46372 46389 46403 46413 46409 46382 46379 46393 46387 46406 46391 46410 46405 46408 19387 46411 46401
924 46437 46423 46462 46455 46446 31589 41518 46436 46439 46468 46445 46442 5960 46447 46457 42443 46454 46435 46474 46473 36936 46444 46467 9449 46466 46425 46449 46428 46424 46420 46477 46476 5478 46452 11903 46453 16221 46427 46421 46431 29805 46429 46441 46438 46456 46451 15833 19693 46434 46470 46464 46440 16320 22090 8719 46432 46450 46426 46418 46469 46419 46458 46430 46465 46475 46472
925 46519 46531 41732 46538 46543 46542 46490 46528 46482 46503 46534 46502 46523 46517 46524 46478 46506 46499 46527 46494 46510 46514 46532 46485 46526 46521 46483 46512 46513 46505 3361 46496 46509 46537 46492 46489 46487 46522 46541 46488 46498 1853 46520 46495 46504 46540 46525 46516 46491 46501 23357 46484 46479 46507 46529 46500 46493
926 46571 3864 46554 46580 8292 46557 46550 46564 12079 46572 2546 46590 46559 3738 46545 19446 46581 46574 46561 46586 46588 46546 46555 46548 39584 10017 46575 46579 46553 46560 46565 46583 46549 4290 46544 46587 46547 46568 46570 46582 46558 46589 46576 14790 46592 46584 46578 46577 46585
927 46603 46619 46624 46601 46621 46623 46626 46611 46597 46606 46628 46608 46604 46614 1043 46598 46620 46600 46607 46629 18336 46631 14583 46612 46618 46596 37022 46616 46630 46595 46622 46632 46627 46610 46625 43301 46605 46599
928 46675 46676 46647 46655 4039 46650 5783 46656 15780 46658 46645 18033 46641 46649 46653 8798 46659 46639 46654 2479 14619 46651 23846 46669 15833 2500 46677 46637 46660 46661 46652 46665 46657 46663 1172 18859 41625 46670 46642 46672 46673 46634 46643 46667 44425 46648 46671 12637 46644 21242 46674 39416 46633 46638 40422
929 46726 2184 46699 46696 46717 46735 46744 46684 46706 46703 44766 46729 46722 46707 46694 46712 46745 46725 46733 46693 46736 46698 46732 46720 46701 46689 46734 46708 46738 46690 46692 27786 46686 46691 46718 46695 46683 46719 18064 23038 46716 46715 46742 46730 46731 46721 46713 18043 46714 46702 25940 46746 46688 18975 46740 46682 46739 46727 46685 30398 46697 46710 46741
930 46782 46757 46791 2877 11288 46777 12551 46756 46788 38445 46760 45727 46790 14231 24830 46778 7864 46779 46783 46749 25798 14017 46795 46759 4486 26762 7938 46768 46770 46751 16540 46748 5366 46773 46767 23442 46785 46771 46772 46775 46792 19509 39801 46755 46787 46786 8302 757 46765 27109 46758 46793 46648 34859 46764 46794 46789 7360 15072 46750 19624 46754 17441 134 46747 46766
931 46803 31454 46796 46802 46806 46805 46809 46807 46808 46798 46797 46810 46800
932 46840 46817 46826 46836 46834 33625 46841 46839 46832 46827 46812 46837 46824 46813 46829 46830 46828 31447 44833 28884 46820 12364 46822 46831 10871 46233 29695 46821 6048 46818 46814 27958 1556 46825
933 46861 46860 46859 46846 46880 46863 46868 46848 46881 46875 46871 46845 46858 46869 46854 46876 46877 46879 46878 46849 46855 10082 46850 46853 46842 46851 46874 46867 46865 46866 46882 46873 46857 46856 46862
934 46917 46929 46921 46899 46944 46918 26310 46893 46894 46913 46928 46930 3557 27313 46906 46915 46935 46937 46939 46916 46888 46926 46910 46932 46897 152 46938 13082 2375 46923 46904 45909 38265 46887 46941 46924 46933 46885 46931 46912 46884 46902 46908 8724 46892 46927 17939 46907 46898 27364 46940 46942 1506 46914 46905 46889 25726 46896 46909 46922 46900 11540 46895
935 46990 46946 13535 46977 108 32597 46957 46963 46962 46955 46953 46976 46970 46968 46973 15624 46966 43771 46971 13648 21343 46985 46958 13663 46951 46964 46989 88 46978 46982 46947 46987 46983 46979 46959 46980 46986 4321 46961 34920 46949 46965 7593 46956 46981 13646 8790 9589 46969 46945 46954 6557
936 46999 7506 47010 47011 46991 6431 47024 46995 47017 7845 47037 47021 47015 7406 47006 47030 47000 47004 47033 4292 3150 46997 46993 47023 14087 46992 47022 47029 47005 47002 46998 23713 47014 47032 47019 47016 47008 47026 47012 47013 47007 47001 47018 47003 46994 47035
937 47077 47064 47096 47091 47079 47075 47043 47081 21399 47076 47082 47066 47105 47083 47053 47041 47049 47046 47042 5722 47099 47087 47071 47051 47056 47072 47098 47055 47103 41728 47093 47063 36606 47060 47073 18815 47040 47045 47039 47048 41283 47088 47078 47100 47067 47070 47047 1212 47104 8797 43274 47080 47058 47089 47090 47038 47086 47050 47074 1917 47062 47054 47101 47092
938 47150 47140 24973 47128 3409 4876 47132 47133 47137 47121 47144 47129 47126 47122 24796 47113 47134 47110 47131 47114 47109 47107 47124 47148 47138 47125 47135 8169 47147 47118 47146 47143 47108 47141 6172 15694 47111 43218 47149 47136 47116 47139 20723 47115 47145 5366 25509 6400
939 24011 47152 32546 17230
940 47225 47197 47227 47228 47223 30997 47182 47185 5303 47200 47214 47184 39142 47202 47160 4039 47171 47229 47164 47199 47220 47198 47209 47192 47189 47157 47183 47196 47222 47161 47159 47193 47217 47169 47224 47180 47167 47188 47190 47168 47216 47211 47158 47221 47207 47156 47166 47155 47181 47187 47162 47186 47212 47226 47204 47175 47173 47205 47218 47179 47195 47172 47165 47174 47213 47176
941 47276 13006 47253 47273 47231 47257 47250 47265 47274 47279 47263 47267 47248 47278 47275 47235 47269 47252 18214 9880 47283 47233 47254 26845 12958 47282 47240 47251 3270 47261 47256 47286 47277 47232 47272 47284 47239 47241 12942 47238 31888 47244 47266 47270 47246 41906 47242 14594 27894 23927 47236 47247 13000 47280 47245 47268
942 47287
943 47352 47336 47294 47364 47292 47299 47330 47327 47293 47361 47346 47356 47291 47302 47355 47313 47339 47344 47321 47338 47347 47337 47329 47349 47300 47290 47314 47333 47305 47298 47325 47353 47319 47328 47362 47334 47309 47348 47322 47303 47295 47311 47317 47340 47315 47345 47301 47297 47363 47341 47304 47307 47358 47308 47350 47335 47343 47323 47342 47354
944 4154 1582 14595 14205 47365 27761 47369 32927 32922 47366 31822 8462 47368 47370
945 47407 47439 47400 47408 47424 12551 47382 47431 47383 47413 47374 47405 47401 47416 47435 47433 47404 44929 26762 47445 47434 2342 47412 47378 47397 47379 47418 47443 47442 47410 47386 47441 47399 47420 4329 47398 47436 47428 47430 47394 47417 47421 17321 47423 47390 47396 47380 47376 47388 47373 2575 8945 47403 47425 47429 2365 47414 47444 36113 47385 7964 39829 47415 47440 47426 47381 47411 47375 47393
946 47459 47469 28569 47474 47476 47447 47467 18542 47473 47464 47465 47452 47448 734 18090 7012 47455 17599 47460 47468 47454 16144 47466 47463 47449 47472 47462 47478 47456 47446 47453 47458 47470 47475 5096 47480
947 47511 47525 47515 47527 47538 47510 47500 47518 47509 47536 47519 47526 47524 47486 47528 47493 47488 47501 47533 47532 47491 47531 47513 47498 47490 47505 47529 47537 47539 47535 47497 47508 47517 47499 47504 47503 47522 47512 47487 47506 47514 47521 47485 47495 47489 47496 47534 47530 34197 31111 47484
948 47540
949 8462 47542 15533 47543 47548 47549 47547 47551 47552 47554 24444 47541 47546 47544 47550 13124
950 47564 47556 47560 30829 47561 47557 47562 47559
951 47625 47612 47636 47567 47607 47598 47577 47581 47569 47585 47628 47637 47613 47580 47566 47608 20571 47596 47614 47605 47600 47624 47609 771 3131 17639 47568 47592 47626 47635 47602 47573 47634 24241 47629 47611 47627 47610 47593 47574 47633 3132 47631 47623 47616 47595 47601 47579 47599 47615 47570 47619 47622 47594 47606 47590 47589 41166 47604 47586 47630 47588 47587 47617
952 47677 47640 47649 47663 1837 47648 30668 47651 47669 47639 47647 47650 47668 47672 47662 1407 47659 47657 22248 47654 1045 47655 47664 41742 597 21902 47642 47660 47674 47652 47641 47643 47661 47645 1081 47676 47656 47671 47638 47667 47666 7467 15786 47675 47653
953 47681 47683 47682 47680
954 47700 47685 47718 47698 47684 47694 47689 47712 47722 47695 47690 47720 47710 47702 47688 47687 47686 47697 47716 47691 47711 47692 47706 47693 47723 47721 47715 47701 47719 47713 47704 47703
955 47724 11939 47728 47757 47742 47726 7596 13535 18148 30912 47761 47730 47735 47762 13590 5108 47756 47754 47736 47727 47760 47746 47734 33424 47737 43773 47744 47739 47731 25616 47758 47729 47748 47751 47725 47749 47753 34987 47745 47743 47738 46959
956 22116 47779 47808 47767 47783 14041 47801 12255 5115 47778 47799 47793 47764 2230 12223 12191 47788 5563 47773 47780 47784 7915 10222 4138 47802 47810 47805 47785 47796 8034 47815 47765 47787 47794 47803 47786 47804 47795 47791 47798 28747 47771 447 47816 47812 47789 47774 47807 6547 47776 1217 46784 47800 47797 556 2533 47790 47777 38744 7406 2530 47772 47770 15055
957 47825 47841 47843 47817 47836 8755 47833 47842 47839 47845 47821 47838 47820 47824 47834 47832 47822 47850 47828 47826 47831 47823 47830 47851 47848 47827 47840 47847 34024 47819 17147 2568 47835
958 47896 47899 47869 47853 46571 47909 47882 47904 47861 47890 47903 47862 47860 47868 15640 47895 47905 47898 16356 47877 47892 47867 47864 47859 47854 47908 1971 9449 47870 3123 47879 47894 47885 47910 47887 25848 47865 47893 47866 12583 47878 30716 47886 47900 47876 47855 17165 47856 47906 42534 47883 47880 47907 47884 35880 47881 47857 47875
959 1807 47948 47936 47941 47960 47942 47939 47935 47932 47913 47928 47933 47934 47912 47954 47959 47957 47922 47962 45075 47915 47920 47919 47926 47950 47938 47953 47947 47952 47923 47924 47911 47958 47914 47937 47925 47955 47927 38510 47921 47916 47931 36147 47956 45093 47918
960 47981 47970 47988 48001 48018 48008 47963 47985 47973 47972 48019 47964 47980 48003 48006 47983 48013 47998 47978 48009 47967 48012 47968 48022 47996 47994 47993 47990 47982 47976 47965 47997 48005 47986 48017 48015 17939 48004 48016 48011 48000 47992 47987 47979 48007 47975 47991 47995 48021 47969 6746 1545
961 43221 48046 48037 1186 48043 41332 48057 48029 17909 1066 48063 7417 48047 48061 48033 48050 48058 48034 48042 48041 48038 48032 48064 48052 48026 48060 48048 48054 48051 48049 7782 48053 48030 48035 48055 33394 2060 48036 48028 4960 48039 48044 48059 1814
962 48070 48078 48074 48066 48072 4380 48065 48077 43882 31886 48069 48081 48076 10561 48068 48080 48075 48071
963 4236 48124 48127 48141 48085 48119 4793 48097 48133 11842 1217 48107 48082 48138 48111 48116 48130 2014 48106 48128 21815 7275 7129 48109 48084 12558 48104 48088 48105 48087 48099 48117 20476 48092 48135 165 48100 48108 4194 48122 36914 48136 2982 4852 7291 48121 48095 21825 48120 6547 48086 5619 48096 20225 15179 48140 48114 24714 48131 48113 48134 48142 48132 48118 48102 48110 11926 22439 48103 12538 7211 6338 48093
964 48196 48195 48190 48205 48168 48144 48162 48191 48209 48169 48153 48145 48146 48206 48189 1279 48171 48160 48180 48178 48186 48159 48166 48177 48202 48200 48183 48170 48193 48161 1670 48167 48197 48148 48143 7210 48182 48156 48187 11640 48150 48163 48181 48179 48164 48208 48203 48198 48147 48175 48172 48154 48157 48149 48155 48176 48158 48188
965 48257 48225 48226 48254 48224 48221 48235 48242 48260 48216 48238 48218 48245 48227 48253 48231 48259 48267 48230 48212 48268 48264 48269 48220 48252 48256 48247 48237 48236 44961 48223 48213 48251 48239 48228 48248 48233 48219 48249 48265 48263 48240 48250 48255 48266 48211 48241 48246
966 48312 48315 48330 48302 48282 40595 48278 48329 48311 48288 48332 48301 48317 48316 48287 16852 48320 48279 48276 48280 48319 48271 40554 48324 48318 48307 48293 48310 48283 48292 48277 48321 48299 48331 48298 48270 16830 48289 48296 48308 48305 48326 48327 48294 48273 48309 48286 48284 48300 48325 41801 48295 48272 48291 48304
967 48333 39144 48335 48334
968 48360 48404 48350 17036 4358 48389 48384 48396 48344 16720 48402 48365 48357 48370 48338 48378 48352 9104 48347 48376 48366 48367 48383 48401 48343 48346 48341 4032 48375 48342 48405 48379 48364 48395 48393 48362 48356 23096 48380 48372 37755 48368 29790 48377 48355 48403 11165 48348 48361 48358 9646 48354 48340 48394 48371 48388 48386 48381 48398 48399 48369 48385 19597 48353
969 48429 48446 17142 48409 48415 48464 22559 48443 48467 48462 48454 48408 48469 48447 2700 48468 35468 48419 48463 9312 48424 48460 48412 24413 48425 48455 48426 48431 48461 48416 48423 48466 48457 48438 16368 48422 48433 48451 48439 48414 48421 24375 7842 35941 48445 48437 48459 48406 48417 48442 1224 48440 48427 48436 48450 48465 48418 48452 48448 48441
970 4421 38860 48471 48470 48473
971 48511 48514 48529 12091 48508 48496 48500 41155 48489 48478 48484 48527 42461 48509 48501 48492 48520 29816 48534 48519 48485 48518 48504 48521 48530 48488 48503 48512 48498 48515 48535 48479 48477 48495 48480 1357 48533 48490 48516 10040 48482 48523 48524 48505 48497 48481 48513 48531 48532 48506 10457 48499 48475 48487 8773 48486 48525 48502 48526
972 48585 48561 48607 31842 48550 48564 48584 48616 48552 48615 48575 48603 48574 48551 48557 48573 48568 48548 48614 48538 44521 48543 48600 48612 48542 48567 48569 48594 48544 48597 48562 48537 48576 48554 48601 48558 48602 48610 48581 48599 48613 48556 48590 48570 48553 48571 48609 48540 48541 48546 48566 48586 48579 48587 48588 48582 48608 48593 48595 48606 48565 48536 48604 48559 48598 48578
973 48631 48635 48659 48663 48664 48633 48639 48623 48669 48619 48637 28972 48642 48622 48629 48632 48666 48654 48672 48656 48670 48649 21650 48645 48640 48655 48674 48667 48643 48660 48620 48617 48626 48646 29122 48658 48665 48651 30081 48662 48652 48653 48636 48650 48638 48657 48630 15519 45909 48621 48625 20096 48624
974 48729 48677 48722 48732 48728 48720 23734 48676 48731 48702 48709 45764 48703 48687 48708 48700 48723 48678 48725 48695 22248 48718 48730 48680 48714 48721 48699 48710 48706 48692 48679 5133 48715 25453 48683 48682 48711 10074 48675 48724 48704 48701 48705 48686 9829 48690 48693 48716 48689 48694 48697 48712
975 48776 48767 28420 48744 48792 4358 8729 48746 48790 48734 48759 48772 48777 48745 31156 48748 48791 48766 8362 21055 32272 48771 48755 17508 48793 48501 48735 48785 1357 48752 48758 48753 3120 48756 48733 48764 48751 48737 48781 48769 48747 1707 48761 48794 48750 48749 48774 48742 9314 48763 48741 48736 48754 48779 48743 48775 48740 48780 48768 48782 28407 48762 48795 16454 48739 48765 48784 24965
976 3067 48825 48817 48816 48812 48804 48809 48803 48799 48815 48805 48797 48806 48818 48811 48813 10271 3401 48798 48820 48814 48819 48802 48810 48801 48824 48796
977 48856 48862 48851 48829 48860 48850 48867 5664 48835 48865 41053 48840 48848 48859 48834 25479 12854 25563 48861 5951 48871 48830 7051 48843 48832 48852 48828 30703 36396 48827 39784 26780 48855 48842 48836 48838 11007 48833 48868 48839 3064 8410 48845 48849 48826 48847 15823 48858 48857 48846 45005 3396 48853 39745 27998 48831 48870 4876
978 48928 10279 48929 48918 48912 48909 48893 48935 48941 48876 48934 48873 48880 48881 40835 48942 48891 48883 48906 48890 48920 48877 48885 48915 48899 48882 48922 48908 48925 48898 48917 48907 48900 18359 48897 48930 48903 48879 48921 48884 48905 48895 48911 48888 48875 48872 48894 48901 48914 48887 48904 14873 48933 48943 48916 48940 48926 5422 48878 48932 48889 48896 5957 6685
979 48974 48976 48989 48984 48955 48961 48964 48962 48945 48947 48959 48965 48957 48956 48981 48986 48953 48971 48987 48975 48969 48970 48983 48982 48952 48954 48958 48960 48963 48980 48950 48991 48992 48948 48946 48990 48978 48973 48944 48979
980 49014 6537 49016 48995 49023 48996 6361 5632 6192 8630 10487 48998 49009 49027 7366 49008 30272 466 1412 7052 49028 49035 49034 48999 49025 49039 49022 17393 29752 49004 48997 48994 49003 7724 10887 49018 49011 49038 49042 49037 49005 49001 7792 49000 49002 49031 49020 5674 25901 49033 49015 5704 49012 48993 49026 49030 49024 49010 406 49032
981 49055 49052 49043 49059 49051 49058 49062 49053 49064 49045 49047 49044 49049 49061 49048 49054 49050
982 49081 49088 49101 49069 49065 49082 49113 49086 22174 49075 49084 49074 7345 49066 49106 49104 49098 3407 49115 49095 49072 49099 2866 49077 49087 8610 49111 49076 49089 49096 45544 34611 49112 49107 49100 14221 48933 49092 49102 49117 49078 49091 21248 49103 49068 49073 49094 49071 49116 49109 13772 49085 49110 49105 8861 49108
983 49157 49155 5724 49140 49164 6302 49147 49145 49167 49149 49132 49122 12817 49138 49133 49156 49174 28472 9304 49130 16694 49131 49171 49159 49146 49126 49154 16697 49143 49168 49173 49142 49160 49139 49121 8325 49127 41205 49172 49128 49134 49169 49158 49166 49119 49163 49161 49123 32785 49153 49144 49165 49170 49151 49148
984 5857 49228 5840 49234 783 49191 49207 49196 49230 49211 24318 49209 49206 49210 49233 49229 10346 49195 49219 49181 19448 49213 49200 7047 49178 49182 8586 49217 15246 49180 49190 49226 49222 5845 49177 13964 49214 49227 49185 22574 49199 49224 49193 7136 49176 25592 5103 49202 1172 49194 49204 49231 10091 1873 49208 5846 23026 49186 49212 5853 49192 49184 40146 49189 49235 49179
985 49285 49237 49252 49264 49247 49269 49299 49279 49259 49294 45537 49271 49240 49283 49261 49262 49274 49253 49275 49290 49243 49297 49281 49256 49291 49292 49296 42676 37417 49260 49300 49242 49288 49280 49249 49298 49287 49246 49248 49295 49251 49239 49241 49286 10923 49255 49272 5459 49236 44369 49257 49245 49263 49284 49267 49277 49289 49244 49273
986 2118 49365 49326 49348 49327 49312 49332 49354 33942 49363 49368 49367 49351 49311 9215 49341 49346 49361 49310 49333 49330 49359 49364 42395 49337 49356 49362 49353 49345 49316 49339 49366 49344 49358 49347 49329 49315 49303 49309 2873 49349 49321 49357 49331 49317 49340 49322 49355 12089 49314 49328 49318 49305 49320 49350 49338 49323
987 4550 49393 49397 49407 49401 49403 49374 49390 49398 49382 20502 49410 49411 49415 16756 28972 49389 49414 49373 49384 49369 49412 49394 49405 49386 49370 49409 49395 49383 49396 49402 49387 24024 14385 18276 49372 49381 47414 2565 49391 49385 49418 49379 2585 28726 49400 49406 49371 49376 49408 49377 49380
988 49453 49477 49454 49444 49431 49428 49481 49471 49448 49419 49470 49430 49483 49421 49439 49485 49423 49446 49466 49472 49424 49436 49475 49465 49473 49432 49435 49449 49426 49456 49467 49469 49452 49420 49464 49480 49450 49459 18776 49429 49484 49433 49434 49474 49461 49438 49427 14143 49482 49458 49468 49442 49441 49463 49476 49443
989 38526
990 4792 2316 49520 6232 49527 49488 49501 49526 19767 49524 49508 49518 49504 49525 2282 49490 49529 49489 49523 49506 49530 49494 49532 49503 49513 454 49499 49495 49531 16038 49528 49533 35035 19792 49516 442 49521 3759 49493 49492 49522 17786 7129 49507 49487 49510 49512 49509 19256 49500 8829 49496 49515
991 49547 49563 49545 22992 7365 49536 12855 12868 49550 49561 49541 41544 49553 49546 14125 1932 49548 49542 49537 49544 49538 49558 49543 49539 49555 34613 49535 49554 597 49560 49549 49556
992 49575 49583 49591 49572 49589 49617 49581 49570 49609 49599 49610 49608 49580 49569 49601 49606 49612 49588 49587 49568 49582 49567 49586 49602 49604 1045 49584 49595 49611 49576 49564 49592 49598 49613 49593 49565 49577 49573 49574 1159 49615 5437 49566 49600 49597 49616 49614 49578
993 49643 49630 49645 49620 49628 49633 49639 15533 49640 49629 28153 49646 49627 49651 49648 49634 49623 49631 49619 49647 49622 49637 49635 49625 49626 49650 49642 29636
994 49656 49659 49663 41126 28615 49658 49661 49664 49653 49654 28617 49657 49655
995 49665 49692 49722 49725 49719 49732 49693 49696 49728 49671 49695 49707 49670 34514 49672 49717 16321 49681 49669 49711 49686 49705 49668 28075 49700 3497 49691 49706 49729 49724 49676 49726 49731 49704 49702 49718 49723 49675 49699 49708 30190 49677 22942 49710 49694 49689 49685 49674 49727 49679 49688 3864 49709 49673 49684 49678 49715 49730 49687 49690 49667 49733 49698 17784
996 49758 49768 10378 49734 49769 3122 49764 49763 49742 49752 11471 49748 49749 49735 49771 49738 49761 49767 49745 49739 6603 49744 11275 49754 49756 49760 49736 49751 1217 49765 49740 6932 49737 9887 49766 49741 49743 4843 49753 49755
997 21629 49785 49782 49776 49783 49781 49786 49775 49784 49773 49778 49787 49779
998 49812 49841 49842 49834 49843 49825 49814 49805 49832 49792 49849 49828 49807 49818 49837 49836 49794 49795 49823 49816 49797 49845 49800 49796 49827 49829 49826 49813 49852 49815 49851 49809 49848 49838 49821 49798 49820 49804 49801 19845 49793 49824 49819 49789 49833 49840 49811 31449 49799 49846 49844 49830
999 49862 49859 49858 49864 49868 49878 49875 49873 49854 1043 49879 49872 49881 49866 49865 49853 49877 49882 49874 49869 49857 49871 49863 49861 49870 49856
1000 514 49936 49924 49919 49915 2794 49917 49895 49918 49908 49894 14655 49893 49931 49937 49930 49922 49940 24741 49914 9646 4054 49886 49901 10074 49900 49929 49939 3097 49927 49907 49892 20804 49909 452 20742 49910 9535 1432 49887 49933 9847 49897 49905 49911 49923 49920 49928 49913 49899 49916 26414 39431 49912 49903 7837 16183 49906 16423 7219 49938 907 49890 49921 3094 49925 49889 49902 49935
1001 49952 49992 993 16068 49959 49980 13243 49981 49969 21786 49989 49991 49972 15007 49986 49946 49971 18085 49965 31506 49975 49961 49973 49955 49958 49951 4521 49953 34789 427 49949 49956 35047 49967 49990 49979 49941 49982 49943 49977 14041 49944 49985 49963 49964 49976 49942 49968 49987 49966 555 12202 2317 49948 49960 49945 49974 49947 25451 7499 49950
1002 50055 19374 50003 50014 50057 50034 50019 50018 50023 50020 50047 48160 50029 50022 50032 50010 49996 49997 50025 50016 50058 39003 7192 50024 50028 50033 50048 50039 50038 50001 50050 50043 50009 50052 50060 464 50007 50063 50037 50036 50006 49999 50008 50015 20479 50051 50045 50044 50021 50030 50041 50005 49994 50017 50027 50062 49995 50002 50054 50056 50026 5847
1003 50086 50089 22582 50069 50102 22699 50098 50080 50079 44453 50075 50087 50085 50064 50115 50071 50067 50117 50120 50091 29878 50084 50092 50111 50072 8897 50116 32492 50083 50100 50118 50119 50105 50107 50066 50109 50106 10694 50112 50077 50101 50082 50081 50096 50090 19446 50073 50094 50097 50088 50078 50074 50068
1004 50126 50123 50131 50125 50132 50124 50133 50121 50130 37457 16784 50122
1005 50143 50151 50138 50153 50140 50156 50161 50136 50158 50155 50148 50160 50137 50147 50146 50154 50159 50139 50135 50145 28625 50150 50144 50152
1006 46759 50204 50215 50192 50163 50205 50200 50229 24217 50179 50173 50225 50185 50217 50209 29633 50227 50212 50177 50175 50171 50193 50220 50219 50228 50197 50194 50201 50221 50196 50180 50172 50164 50199 50188 50198 50207 50190 50169 50162 50214 50223 50176 50182 14512 50183 47510 50208 50211 50178 50174 50216 50189 49435 50165 50231 50168 50226 50170 50191
1007 50234 50237 50248 50253 1582 50247 50236 50232 50245 3286 50250 50233 50235 50240 40852 50243 50241 50246 50242 50244 50238
1008 50270 50263 50256 50281 50255 50259 50258 50265 50269 50279 50266 50273 50280 50277 1069 50254 50271 50257 50275 10590 50264 50276 50274 50272
1009 50289 50320 50300 34014 43525 50299 50282 50309 30513 50287 1837 50314 50286 50285 15754 47662 50312 50303 50322 50321 50293 28008 17139 50304 50284 50319 50298 50291 50305 50296 50290 50288 42880 34015 42896 50316 50307 50315 50306 50297 50292 50294 50310 50302 50313 50323 50317 50311
1010 50372 50395 50396 50329 42573 50330 50358 3181 50387 3360 14658 17831 50352 50363 50380 3720 50345 50349 50382 50360 50348 50386 50362 50344 50350 50338 50393 7507 24665 50326 50357 50337 50359 50346 37872 50370 50364 50341 50392 50381 50331 30992 50377 17767 50383 50365 50397 50388 50371 50366 50378 37912 6210 50328 50325 50374 50398 32093 50390 50335 50339 50389 50368 50376 50333 50336 50399 50354 50351 10751 50353 50394 50343 50332 50373 10116
1011 50407 50422 50420 28197 50417 50409 31743 27996 50402 50428 50412 50424 50431 50408 28013 21149 15777 50415 44752 35312 50418 44780 50400 50425 50411 50423 50410 27998 50430 7694 36228 50426 50414 50427 15791 50406 6340 50416 1823 50403 50283 1643 2175 50405
1012 50434 50444 50438 50441 50446 50443 50440 50435 50437 8463 50433 50445 50432
1013 50464 12516 1821 15767 42898 50473 50450 50471 50448 50458 50470 18529 50457 42904 18512 50476 50469 50474 46505 36509 50455 50460 50463 50472 24552 50413 42882 28008 50467 50456 50452 50451 50468 50459
1014 50498 50483 50510 21075 50494 27358 50480 3440 50481 50484 12310 50506 50479 50497 13193 22971 50486 14313 50500 50509 50507 50511 11639 50492 50502 50503 50496 50490 50487 50478 50491 50493 50488 50499 50508
1015 50543 50549 50532 50530 4301 50559 50534 50574 50564 50524 50540 50513 50560 50520 50537 50567 50535 50544 50550 50546 50094 50553 1697 31865 50566 50523 50548 50545 6612 50565 50516 50562 50538 50541 50563 42111 50531 50515 50558 7507 50525 50556 50527 50554 1378 1407 31392 35831 50533 5332 50561 50536 50573 50518 50522 50526 50557 50529 50568 50517 50570
1016 50595 50580 50629 50617 50612 50618 50623 50593 50585 122 29430 50581 50600 50614 50602 43545 50577 50606 50636 50604 50605 50611 50621 50599 50639 50607 50632 50601 50635 50589 17039 14223 50586 50598 50576 50609 50634 50619 50627 50583 50622 50640 50641 50596 50613 50616 50591 50608 50578 50631 50610 50588 50587 50615 50628 50594 50626 50625 50620
1017 50643 32546 37711 16965 50642 47152 50644
1018 50648 50689 50679 50650 50655 24891 50671 50677 50691 50665 50674 11177 50656 50663 50684 50666 50659 50680 12279 50676 50669 50672 5723 50692 50667 50683 50661 50675 50658 50654 50646 50660 50681 50649 50678 19481 50688 50686 50652 50647 50682 50694 50673 50670
1019 50705 50753 50748 50710 50695 50699 50696 27435 26666 50700 50746 50709 50754 37450 50721 50744 50737 50727 50719 50703 50713 50739 50738 50722 50749 50707 50730 50725 50747 50745 50723 50698 50726 50708 50715 50742 50714 50712 50717 50735 50729 50728 50711 50755 50720 50704 50706 50734 50718 50736 50741
1020 50761 50778 48265 50790 50794 50766 50780 50772 50763 50765 50799 50788 50791 50758 50801 50773 50781 50760 50762 50784 50798 50756 50768 50774 50792 50787 50775 50785 50795 50777 50800 50770 50757 50793 50786 50769 50779 50776
1021 50803
1022 41885 36913 50812 50809 50805 50806 50811 50810 50807 50808 2423
1023 50813
1024 50830 50866 50842 50837 37399 50838 50814 21918 50816 50815 50872 50845 50852 50827 33088 50873 50854 50859 50828 50817 50847 37424 50824 50869 50826 50822 50867 50850 37420 50860 50836 50853 50841 50856 50862 50840 50834 37403 50846 50865 50855 50833 50848 50844 50823 50870 50843 50831 50820 8150 50839 50832 50851 40820 50818 50871 37401 50835
1025 50896 12402 50876 50874 50879 50888 50883 21852 50894 50890 50878 50881 50892 50877 50893 50897 50880 50895 50884 50882 50889
1026 50908 21049 50900 41311 50950 50930 50945 50937 50942 50910 50935 50919 50902 7360 50906 4810 50904 50925 5772 50931 9072 7424 50936 27649 50933 2897 50898 619 50923 50912 50913 50926 50944 50946 50934 10007 50929 50914 50899 50901 50940 50916 50943 50918 50911 40016 50947 50938 50949 50907 41310 50920 18490 21048 50905 50927 50941
1027 50972 50960 50955 50952 50964 50966 50974 50969 50971 50962 50957 50965 50951 50953 50954 50956 50963 50959 50968 50958
1028 50997 51026 50978 51001 17887 29796 2727 50995 51024 51007 51013 51032 51033 51014 51002 24602 51012 51000 51030 50982 50979 50980 51006 16443 51015 50994 50988 51017 51034 50984 18029 50998 50977 51029 50976 50986 51018 51004 50987 51023 50989 50991 50981 51035 51016 51008 51005 51027 51022 51003 51009 50993 51028 51011 50983 32364
1029 51075 51047 51067 51062 51042 51071 51084 43795 51064 51082 51086 51040 51088 51063 51072 51057 51038 51058 34392 51044 51048 40120 40121 51050 51055 23 26288 51068 51037 26837 51051 51074 51078 51073 51077 51046 51049 51085 51069 51066 51083 51059 51065 40117 51045 51061 51070 51043 51053 51036 51089
1030 51116 27350 51121 15052 5366 45994 1005 38764 51111 51137 13055 51130 8927 51091 51132 51112 51115 116 51099 36662 51107 156 51092 51123 21597 45993 51094 51095 23337 2912 51098 51136 51106 3665 2230 51114 51093 14231 51035 51135 51108 34742 51125 51134 51118 51124 51117 51129 51113 51104 51097 26266 51127 51122 51139 19854 51100 30733 51119 30731 51131 51109 5290 4251 51096 51141 10820 51105
1031 38899
1032 51183 51146 51156 51170 51147 51166 51157 51151 22785 51184 51176 51173 51165 51168 51179 51159 51172 51174 51150 51152 51182 51171 51148 51177 51178 51185 51162 51155 51158 51161 51160 51167 51143 51153 51163
1033 51196 51254 51188 51186 51247 51198 51217 51232 51194 51189 51216 51245 51205 51211 51209 51190 51224 51191 51249 51226 51221 51239 17170 51251 51193 51212 45054 51220 51219 51240 51201 51257 51233 51213 51237 51229 51200 51210 51228 51255 51206 51253 51230 51241 51223 51227 51246 12334 51208 51231 51256 46829 51235 51218 20215 51238 51215 51250 51195 8570 51187 9332 29103 51243 51259 51222
1034 51271 51276 51263 44159 31176 51266 41960 51278 28668 51265 45066 7057 51270 34635 51261 51273 41957 31810 31816 44995 51260 34657 51274 28667 51264 45056 51275 51277
1035 51306 51285 51302 51309 51280 51286 47116 51313 51279 51304 51310 7792 51300 13225 51297 47119 51298 18019 51282 51312 51293 7074 51284 51318 12700 51294 51287 51311 51307 51283 51314 51296 51308 51305 9707 18046 34587 51315 50886 51281 51295 51290 51319 51288 51289 51317 24542 39410
1036 51329 51340 51335 51337 51322 51321 51341 1850 4907 15769 2156 51328 51327 36509 1825 51342 1853 51339 51330 51344 51324 51326 51325 51336 51338 7687
1037 3403 51385 7417 51368 4876 18012 51367 46768 25309 15301 51355 51381 51382 42909 51353 51350 16674 51377 20725 17893 51380 51370 51346 51369 51358 51389 51359 51378 51376 51351 20277 51348 25501 51375 51356 51373 51354 51387 15303 51364 51357 51362 51371 51361 4007 51390 51365 51363 51379 15300 51372 51349
1038 51411 51403 51418 51409 51408 51410 51398 51413 51391 51397 51399 51406 51396 51414 51395 51393 51405 11921 3586 51415 51394 51392 51402 51417 51416 51407 20734 51412
1039 51436 51442 51432 51435 51464 24545 49740 51430 51403 51433 51450 51467 51426 5366 6483 51452 51465 51469 51463 51454 51455 8390 51447 51466 44637 51441 51427 51472 51428 51459 51471 51462 21859 51439 51434 51425 51451 51457 17543 51431 51458 13871 51423 51424 51461 51446 51473 11620 51429 45554 51440 8135 6522 51456 51468
1040 51530 51479 51519 51504 51503 51488 51533 51500 51517 51557 51512 51548 51507 51502 51508 51525 51499 51513 51484 51537 51490 51476 51551 51482 51559 51536 51526 51539 51555 51494 51543 51547 51538 51509 51475 51554 51505 51515 51534 51553 51518 51556 51478 51545 10426 51496 51532 51495 51514 51481 51480 51550 51549 51535 51491 51544 48588 51522 51527 51493 51521 51528 51520 51546 51529 51485 51506 51540 51511 51483 12397 51487
1041 51355 51577 51584 51576 51589 51585 51575 51592 51573 51595 25780 51567 51568 51582 51564 51581 51569 51560 51562 51572 51588 29198 51566 51587 32374 51563 51578 51571 51593 51565 51594 51583
1042 28567 36279 51637 51619 51628 51609 51646 51597 51622 51626 51604 51600 51630 51631 51641 51647 51638 51618 51601 51624 51607 51603 1822 51629 51632 51645 3440 51621 51613 51615 51643 51610 51625 23539 51614 51617 51620 967 28192 6772 51616 51612 30397 51605 51627 23047 51648 51635 51636 51644 51634 11319
1043 51681 51670 50300 51669 51674 51684 51662 51697 51655 51672 51679 51660 51666 51673 51678 47662 51658 51694 51688 51675 51654 51693 51695 51652 51682 51659 51650 51657 51663 51689 51690 51668 51665 51651 51683 36135 51676 51653 7914 51680 51696 51671 50412 51667 51677
1044 51698
1045 51726 51702 51729 51748 51738 51744 51751 51720 51708 51706 51715 51723 51741 51704 51736 37526 51759 51746 51728 51713 51700 51749 51732 51710 51747 51752 51707 51714 15697 51754 51701 51731 51758 51737 51711 5704 51716 51756 51757 51699 51717 51743 43755 51735 51755 51734 51722 51739 51745 39422 51750 51753 51721 51733 51725 51703
1046 51760 33308
1047 5645 4458 51788 31268 51777 51773 51789 51763 51764 51787 8977 51786 51790 51812 12788 22120 51767 51784 51792 51807 51809 51793 51781 51776 5947 33173 51772 51762 51802 51778 51799 51770 51780 51771 51794 51774 51811 51796 51783 51782 7266 51798 22700 42561 51808 51765 29731 51769 51803 51775 11226 7256 31865 9493 51806 51779 24479 51800 51768 1880
1048 49214 51844 48398 51830 51869 51838 51818 51833 46095 51845 6729 51831 51872 51864 51836 51850 51839 22942 51834 51822 51866 17369 51837 51852 51817 51868 51873 51848 51858 31926 51846 10790 51861 51857 51856 51853 51821 42190 51859 51814 4479 51849 51843 30358 51841 51835 51863 3330 30112 51860 51840 51825 51816 51820 51851 51819 7016 26177 51842 51828 51823 51874 51855 33768 51871 25848
1049 51925 51884 51887 51894 51888 39784 48513 51899 51915 51923 51879 266 51911 51882 51895 51876 51883 51890 51892 15461 51877 51881 51906 51902 51903 51908 51893 51898 51907 51905 51880 51909 51918 51921 51914 51878 51875 51904 51920 51919 51916 51910 51900 51922 51912
1050 51941 51952 51966 51936 6515 51949 51980 36312 51976 48816 51939 51955 51940 22455 51946 1593 51981 51944 51974 51950 51927 51935 51951 51963 51978 51928 51969 51977 51954 51971 51933 51958 51975 51947 51943 51931 51937 51945 51959 51926 51970 51979 3224 51972 51948 51956 51960 51961 51932 51967 51934
1051 51985 51989 51992 51986 51995 51994 3775 51984 51993 12385 51988 51987
1052 51997 52005 15787 52003 52015 206 52011 30716 52006 3777 7501 5295 3705 4479 52004 52008 18292 1931 52020 52013 52001 10487 52014 3720 52021 52016 52012 51999 52002 51996 52000 51998 3719 52019
1053 52042 52044 52045 52064 52033 52047 52052 16983 30547 52030 52054 52051 52038 52027 52043 52032 3289 52060 34142 52070 52072 52068 52056 52037 52046 29172 52066 52062 52028 52049 52055 52023 52050 52041 52057 52073 52058 52040 52063 52031 52065 52067 52069 52026 52025
1054 34392 52078 52081 52077 52074 52079 52076 52080
1055 52098 52087 52101 52109 52116 52113 52099 52112 20750 52105 52107 52121 39278 52096 52097 52103 10303 52092 5859 52095 52093 52117 52115 22509 9278 52114 52082 52100 52084 52118 52104 52090 52089 24942 52119 52088 20348 52085 52083
1056 52132 52133 52143 52131 14747 12650 12479 52129 52140 52123 6451 35134 52138 38989 6054 52146 52139 52150 52137 52145 52122 52136 52124 52127 52135 52126 52142 52130 52128 52147 52149
1057 52152
1058 52187 2186 3653 52189 15464 16433 52183 52173 7432 22110 52155 52169 452 52154 52186 52163 7458 192 27900 5783 3864 15805 52160 52166 11216 20663 52156 21488 16061 52191 12648 4025 52185 41307 52182 5511 6419 46947 52174 52180 52157 3379 1657 52171 10630 52153 35057 28181 52172 52184 48477 1285 14800 52162 2513 52175 8407 52181 52170 52188 52168 52161 12675 5265
1059 3505 52210 52231 6282 52229 45910 52225 52241 52198 52215 52236 18400 52220 52238 52208 48405 52214 52216 52200 52206 52211 12981 52193 52234 52197 52230 52223 52199 52224 52239 52237 52192 9314 52207 52202 52218 52196 52232 52204 9646 52235 52203 52226 52212 52194 52205 52221 9286 52222
1060 52242 52244 52263 31814 52251 22720 52273 52260 52245 52261 4112 52272 3436 52275 44189 43963 52258 52268 10281 52253 52250 52271 44183 52256 52277 52262 52248 28671 52278 39227 52247 52255 52276 51278 52259 34637 51276 31829 41978 52264 6031 52265 52267 34634 52269 52280 52270 52274 52252 51264 51275 52243
1061 52315 21880 52321 3360 45218 52330 23248 52302 52318 14697 52303 52285 52322 52290 52288 52283 24444 52301 52306 52325 29673 52320 52319 52307 52327 31449 52305 52316 7910 17308 52300 52281 10561 11861 29764 14603 52308 52310 3599 52329 52291 52323 52292 52317 15036 37033 52282 52326 16786 52314 52312 52299 52289 52286 15144 52304 52309 52294 15778 52331 40819 32570
1062 52372 52359 16130 52369 52365 52375 52349 52364 52336 15794 52362 52353 13775 52368 52357 52338 52352 52340 7433 13787 26933 52361 52367 1186 52335 52360 52356 52347 50137 5251 5783 52346 33173 52333 52348 52366 52354 52332 10186 52344 52370 52374 13803 2214 52371 52339
1063 36068 45018 52379 21575 52382 39760 5258 31146 22134 34200 17213 44334 52383 30233 52378 52384
1064 52408 52409 52389 52417 52399 52424 52410 52433 5123 52415 52412 52430 52403 52442 52428 10273 52431 52427 52398 52395 52426 52418 52419 52406 52434 52411 52420 52441 52432 52423 257 1676 52392 52400 52429 20874 52385 52425 52422 52405 52397 52402 52387 52421 28480 52393 52436 52386 52416 52390 52437 34957 20616
1065 52466 52454 52491 52464 52489 52467 52497 52486 52492 619 52456 52473 52482 52447 52494 52479 52469 52463 52452 52449 52457 52450 52448 52475 52443 52444 44023 52485 52455 16321 52472 52490 52487 52460 52445 52481 7804 52480 52471 27399 52493 52483 52495 52488 52446 52470 52462 52476 52477
1066 43157 52498
1067 52532 21271 52537 3436 52501 52535 52513 18529 52543 52523 52511 52505 52507 14210 52506 52549 52550 52514 52517 27682 52545 52522 52539 52500 52524 46480 42893 52525 52536 52530 14143 52504 52518 52526 46513 52533 4282 52548 52521 52546 52508 52516 52503 36377 52542 51335 52527 52531 52551 52538 39205 52512
1068 24011 52556 52557 52553 52552 33879 52554 26296
1069 24389 52559 49816 52567 52570 52582 52577 52583 52575 52571 52563 52579 52581 52558 52586 3272 52566 52565 23 52560 28113 52564 52585 52576 52584 52573 52562 52569
1070 52600 52589 52595 52642 52588 2068 52640 45641 52612 52647 10979 23503 52623 52592 52648 52606 52610 14079 23512 30113 52641 52613 52616 52601 52645 52593 3153 52625 52605 52608 52638 22268 52634 52646 16750 28500 5117 52632 9264 52596 20348 52587 52599 52619 52633 52609 52627 52617 52639 9093 23564 4619 52622 52621 20616 1397 52591 52624 2485 52620 52644 52636 52618 52614 52628 18456 52590 52626 52607 7663 52598 13919 52629
1071 25148 20214 25080 52670 52649 23448 52662 27097 52665 52682 27687 52657 52679 46889 52689 52660 28727 941 52688 156 52655 52666 52683 52673 14334 52656 52653 52674 52675 52652 52680 52684 52677 52672 52661 52678 52667 29393 44138 52681 52664 15100 52651 52659 52668 52687
1072 52700 52707 52697 52724 52704 28472 52734 52728 14935 448 52723 4360 52714 52705 15231 39444 52722 15267 1707 52703 52699 52695 4236 52731 52732 1401 52718 26450 8392 52711 28434 52715 39211 52692 1222 52713 52698 30006 52701 2828 52721 52716 52693 52717 3091 52733 1377 52712 52719 52710 52726 52729 52720 52706 52735 4661
1073 52746 52787 52756 52784 52737 52767 52754 52785 52788 52774 52745 52789 52751 52794 52742 52795 52771 52797 52741 52782 52738 52773 52786 52793 52783 52760 52758 52790 52770 52755 52743 52748 52740 52801 52803 52781 52792 52744 52750 52768 52778 52800 52762 52749 52806 52804 52779 52805 52766 52780 52802 52772 52759 52798 52747 23264 52791 52796 52775
1074 50304 52808 24520 7052 52837 52827 26090 52855 52835 15034 52850 52819 52857 52840 52858 12468 25246 52829 52833 52831 27127 52823 52852 52854 52826 48493 52828 52810 52824 52813 12548 1582 52849 966 52859 52832 13163 44960 28400 52836 52843 5258 7328 4284 52830 52815 52809 22720 52825 52834 2535 8736 39252 52848 52817 52821 52820 52842 52812 219 5895 52818 52846
1075 52920 52921 52923 52896 20089 7853 52877 52891 52887 52868 52925 52865 52910 52912 52919 52893 52922 52872 52869 52889 52901 52892 21908 52883 52882 52875 52916 52915 52884 52866 52908 52898 45002 52876 52897 52890 52867 52888 6274 52870 52906 52878 52894 52902 52864 22183 52886 52895 52861 52913 52881 52926 52907 52903 52924 52862 52904 52873 52871
1076 52936 52985 52978 52964 52970 52933 52973 52940 52928 52965 52974 52956 52969 52947 25899 52939 52966 52971 52958 52977 22502 52957 52945 52942 52931 52950 21019 52982 52954 52949 52967 52972 52968 52979 52938 52930 52980 52946 52934 52944 46411 52952 52976 52953 52951 52975 52983 52962 52981 52961 52948 52959
1077 53018 53006 53000 30323 53020 53008 21787 53002 52989 45744 20930 52997 53019 52986 53022 53042 52992 52995 53023 53004 53038 4357 52991 53016 53015 53039 3894 53024 53005 3203 53003 52987 2828 2701 2026 53009 53011 53041 52994 53014 29731 53025 53017 23627 53026 9795 53029 52999 40438 11682 53033 13702 3094 53032 11001 53034 16704 53027 52988 53030 53028 53013 53040 1593 53036 53007 3064
1078 53074 53063 15486 53068 53071 53064 47763 53077 53070 53053 53076 53046 53043 53067 53052 53065 53062 53075 16643 53055 53069 53048 53061 53047 53057 53051 53059 53072 53073 53060 53050
1079 53122 53088 2640 53087 53084 8644 53079 21218 53093 53091 53099 11373 9617 53112 15256 402 53080 53106 53097 8652 13650 15283 8503 25583 53102 53110 53083 53094 53101 53100 53125 9792 53113 53119 9847 53107 53082 8645 8500 53123 9590 53103 8511 15255 15268 53096 53111 30913 13635 8634 18120 53118 53117 53115 1206 53121 9601 53105 20327 8516 53114 53095
1080 53144 53158 53139 53163 53154 53150 53129 28500 53137 53152 53155 53130 53149 53147 53131 53146 53151 53157 53133 26400 53136 53128 53142 26986 53127 53143 33401 53153 53145 53138 53132 53134 53164 53141 53148 53161
1081 53210 53187 53189 53198 53169 53168 53176 53172 53188 53209 21586 53218 53196 53205 53222 53184 53202 53173 53208 53219 53190 53180 53213 5957 53200 53197 53204 53185 53201 53178 53203 53207 53194 53221 53170 53179 53216 53215 53217 53211 53166 53193 53177 53174 32177 53171 53212 53199 2311 53195 53175
1082 53227 49654 53233 53225 53229 53228 53236 53239 53237 53230 53231 53232 49657 53235 53226
1083 53245 53269 53261 53244 53254 53247 53246 53258 53243 53255 53257 53242 53256 53260 53248 4128 53264 53253 53263 53250 53241 53265 53267 53249
1084 53296 53298 53282 34392 53287 53273 53278 27766 53310 53270 43652 53292 53300 53283 53297 6847 53288 53290 53271 53280 53299 53277 53279 53285 53291 43691 53307 53306 53303 53286 53274 53293 53302 53304 53294 53272 53275 53284
1085 47901 53326 34631 53320 53341 53311 53337 53343 53313 53344 53334 53312 53350 53316 53333 53322 53332 53336 53340 53346 53338 53329 53339 53335 53315 53330 53319 53314 53347 53328 53324 53342 42241 53323 34102 53317
1086 53398 53352 53354 53363 53356 4132 53400 30808 53402 53384 53364 53365 53359 53378 53360 15548 53395 53353 53366 53361 53387 53392 53385 53355 53374 53358 53404 53357 53390 53362 53370 50853 53388 53380 46793 19656 17379 53368 36104 53377 53383 53375 53391 53397 53394 12 53403 53386 9287 17213 50215 53373 53372 11551 36174 17311 53399 45185 53376
1087 53405 53408 22116 53418 53415 53420 53409 5601 53436 3289 53427 53428 53430 7406 53431 53429 53411 53416 53422 53432 53406 39642 7506 53421 53410 53425 53413 53407 53414 53439 52283 53434 53426 53424 53437
1088 28960 40450 53459 3201 53444 30703 37931 53461 53450 53462 38104 53465 23415 9446 53483 53467 5895 6623 53485 53464 53477 24509 53457 53446 53484 17519 53460 53475 53482 10997 53476 53447 53474 53440 53487 13889 53455 10861 53486 53441 53454 53442 53451 53445 53466 53469 3770 11592 53456 53470 53449 53471 20607 53458 53480 53478 39966 53443 53472
1089 53535 53491 53516 53506 13287 53539 53508 53500 53520 7724 53526 53515 53523 53512 53517 46945 4521 53507 53488 53528 53510 53546 53548 4321 53533 53493 53490 53543 53530 53551 53495 53550 53511 53538 53531 46051 53503 53541 53501 53547 53519 53536 53494 8841 53509 53496 53518 5715 53522 53524 53502 53513 53549 53525 53499 53534 53540 53529 53492 19667 53504 53498 32059
1090 53558 53557 53555 53553 53560 53554 53552 53561 53559
1091 53613 53604 53584 53581 53568 53567 53606 53620 53622 53599 53607 53580 53601 53617 53578 53577 53592 53618 53614 53572 53576 53619 53585 53565 53582 53586 53598 53602 53593 53579 53591 53597 53563 53583 53611 53587 53616 53615 53596 53574 53612 53621 53566 53594 53623 53571 53603 53575 53562 53605 53589
1092 53667 16160 6262 53657 3241 53642 53645 53647 23114 53631 44090 53629 53644 53666 53651 53649 53640 53648 53635 53650 53653 53627 53638 15833 53663 49098 53661 53656 53639 35187 53664 53626 53655 53643 53652 53662 53659 53660 53654 53641
1093 53676 53689 53693 53680 53692 53672 53677 53687 53681 53675 53668 28017 53682 53674 53670 53688 53691 53673 53685 8617 53669 53694 53683 53690 18883 53679 53678 53696
1094 53707 53708 53701 53698 53702 53697 53700 53699 53704 53705
1095 3540 53722 53721 53732 53710 53714 53729 53740 53736 53725 8012 53715 53713 13518 53711 46755 31472 53745 53738 11629 14360 26762 53718 53744 53730 53735 53741 11824 53712 53726 53739 47769 15116 22019 3567 53717 53724 53743 53728 53737 160 53723 37679 53733 53719 21490
1096 16786 53748 53747
1097 34870 53764 53806 53793 53762 53814 53783 10254 53797 32618 53785 53778 40437 53789 53782 53771 53775 53818 47230 53790 53808 15640 10852 53801 53798 53813 43146 17136 50353 53757 53776 53795 53780 53750 53810 53759 53788 53802 53766 53784 53774 34803 10281 53751 53753 53779 53773 53749 53787 53794 53807 53800 53799 19247 53804 53781 53777 53812 53767 42290 50379 53763 39193 53816 8572 53805 53803 53758 53786 53761
1098 53864 53827 53848 9646 21344 53867 53833 53830 53869 53847 53854 1381 53825 53856 14079 53874 53843 48941 53636 23408 53838 53862 53834 53860 53850 53835 53844 53828 53855 53821 53863 53836 53839 53853 17834 53865 53859 53868 53831 53829 53877 53857 53861 53840 4258 8704 53849 53826 53871 53842 53870 53824 197 9215 21364 16080 6400 53841 53019 10009 53845 16481 53851 53820 53823 53875 49146 5951 15216
1099 53883 53890 53893 53895 53882 53880 53886 53891 53889 53892 53881 53885 53894 53887
1100 53914 53908 41018 53899 53935 53924 53913 53930 53918 53933 7415 53937 53936 53907 53896 53928 53923 53897 53938 53926 53925 53919 53921 53927 53910 53906 45975 53900 26444 53920 53932 53902 53911 53929 53898 53909 53922 53916 53915
1101 53943 53976 53942 53968 53984 53994 53963 53945 53967 53970 53941 51132 2317 53944 53956 53983 53989 13093 53996 53988 2899 44605 53974 53985 53982 53986 53981 53987 53947 53992 53969 53946 53997 53951 38055 53993 25280 53950 53964 53965 53991 53975 53977 53973 53980 53998 53953 53962 25069 53948 15158 53972 53960 53958 53979 53432 53966 53957 15550
1102 54011 54050 54047 54033 54043 54037 54018 54008 54002 54052 54063 54003 54034 54069 54000 54046 54021 54048 54051 54019 54061 54049 51860 54028 54040 54029 54073 54007 54032 54041 54060 25496 54059 6344 54016 54039 54006 54062 54013 54009 54042 54010 54064 54058 54020 54044 54030 54071 54057 54015 54014 54024 54068 54038 54027 54066 54056 54012 54005 54004 54017 54065 54036 1776
1103 25037 54094 54078 54082 54083 54099 54086 54088 54077 49163 54079 54074 54104 54092 54098 54075 54093 54103 54089 54076 54101 18713 54090 54091 54096 54084 18711 54081
1104 54105
1105 54117 54139 52003 54154 46221 54144 54132 54126 238 54138 54136 54160 46269 26867 54128 54106 54119 54158 54131 54129 54123 10515 54124 54116 54146 54140 54153 54147 54157 54120 54114 254 54145 54135 54137 15531 54113 18760 54156 1137 54149 54151 31889 54127 36494 34877 53386 54163 54107 31882 54142 54159 54111 54133 54148 54134 54150 54143 54108 20528
1106 54178 54175 54174 54172 54177 18837 36648 54168 54170 54166 54169 54176 54183 54164 54182 54180 54179
1107 54195 54219 54188 54190 54214 54203 16076 54184 54229 54230 54241 54235 54216 54224 54199 54125 54223 37925 54189 54185 54205 54239 54217 54225 45666 54232 54236 54197 54194 12112 54238 54220 54200 54240 54191 54222 54209 42306 48473 54192 54213 54186 54227 54226 54187 54207 54193 54215 54210 54228 54204 54201 54196
1108 54248 54279 54274 50455 32577 54275 30522 54270 30513 30523 54273 34012 1861 51676 54252 54265 54266 54257 50300 34030 54245 34024 34019 54255 54261 50320 54278 34008 54259 54267 1859 50422 54280 54262 46529 54276 54258 34007 54263 34014 28197 54242 54272 34020 50287 54246 54243 54269 54277 54244 54249 54260 54253 54250 54264 1854
1109 54329 54304 54306 442 54341 54345 16824 54284 54347 54295 54316 54293 54325 54333 54296 54334 54307 54344 54291 54301 54339 54305 54314 54337 54342 54346 54332 54322 54335 54319 54338 54282 54317 54292 54312 54324 54294 54298 54299 14101 54336 5268 5635 54340 54308 20802 54297 48041 54320 54300 54318 54310 54287 54315 54323 54309 54290 54286
1110 54355 54350 54351 3286 54354 31807 14265 54348 54349 1971
1111 54381 12042 54360 20535 54403 2118 14378 54369 43547 54379 31807 54364 54390 14591 15548 43324 54393 15545 31156 12397 54407 54388 54386 4830 31449 23969 54404 45482 54392 54394 54384 54378 54406 54385 48908 54363 19624 54375 54401 54377 54383 54398 1971 54399 54380 7347 29624 54373 36199 54368 54389 50573 54402 45503 54365 10238 54362 54387 54357 54400 54408 54358 54409 54391
1112 54446 54442 51824 54412 54423 20915 54420 54429 1715 54440 54448 54414 54428 54455 54419 54451 54415 8707 54433 54413 54435 54439 54424 8336 54431 49323 30007 54437 54452 54436 54417 21023 54416 9165 32394 54450 45909 54445 54444 6739 12240 54421 54434 5883 54458 54438 54459 54418 25563 9319 30636 5914 54430 54454 54456 54447 19028 8729 54432 54457 3095
1113 54515 54500 54471 54508 54521 54479 54460 54474 54519 54512 54518 54463 54492 54470 54484 3290 54504 54491 54468 54495 54493 54511 54517 54485 54461 54482 54473 54506 54514 54483 54476 54467 54522 54509 54499 54487 54469 54465 54480 54505 54486 54466 54481 54507 54503 54510 54478 54516 54475 54523 54520 10378 54494 54477
1114 24444 54530 54525 31368 54555 54526 26306 54563 54548 27267 54545 54539 17433 54560 54532 54553 54562 54559 54568 54564 54531 54538 19660 54546 51099 17519 54558 54542 54566 54574 3059 54533 54575 54570 12978 54536 54561 17344 47395 54572 29661 54551 54556 54544 34281 54528 54573 54576 54534 16109 3360 54554 54541 54557 54565 54569
1115 54590 54594 54604 54593 54611 54586 54584 54588 54602 54607 54598 54625 54587 54577 54617 54616 54615 54581 54619 54614 54583 54623 54579 54601 54582 20275 54608 54592 54613 54599 54609 54591 54595 54597 54580 14316 54596 54589 54612 54618 54578
1116 54638 28193 54654 54637 5314 54629 54661 54658 54664 54636 2156 54645 54644 54634 54655 54649 54626 24947 54659 54668 54660 15765 54666 54662 35964 54643 54651 54627 31183 54639 54652 54630 54632 54646 2179 54648 54665 54628 54640 54631 54670 54669 54647 54663
1117 54686 54700 54679 54683 54708 54684 54709 54689 54722 54699 54685 6718 14707 54723 7802 54678 54716 54673 54712 54711 16638 54714 54696 54677 54704 54693 54694 54695 54713 21907 54690 54691 54681 54701 54680 2011 6712 54715 54705 54720 31435 54717 22279 54675 54707 54702 54698 54703 54718 26864
1118 54772 54757 54734 54736 54758 54733 54744 54728 54776 54762 54743 54742 54750 1971 54756 54751 54748 54730 54752 54738 54759 54768 36494 54780 18500 17213 54731 54775 54779 54749 2754 43146 54760 54766 54755 54771 54739 39188 29519 53380 54782 54767 54773 54770 54725 54745 54735 54778 54764 54741 54740 54769 54737 54774 54732 54777 42005 54753 53377
1119 8572 54823 54856 54802 54819 54824 54859 54839 54795 54815 54866 54836 54830 54818 54792 54805 54846 54829 54809 54825 54787 54803 54799 54788 54816 54797 54857 54851 54791 54862 54833 54801 34383 54812 54832 54847 54794 54855 54848 54817 54852 54858 54800 54784 48604 54850 54790 54804 54811 54854 54860 54865 54826 34411 54786 54841 54821 54834 54808 54814 52954 54831 54843 7816 54842 54861 54828 54849 54789 54810 54807 54813
1120 54875 54873 54872 408 54867 49774 8487 54870 54874 54869 8464 54868 49779
1121 54913 795 54894 27689 54917 54899 50508 54905 4873 54906 54893 54885 54903 54908 48786 54907 54900 23079 54909 20945 54896 54890 54897 39829 54912 54901 54911 54915 54881 54880 54898 40241 54883 54891 54884 54892 54879 54887 54902 54914 54889 54882
1122 53778 54972 54988 54967 54974 54920 54978 54958 16160 54923 9932 54926 22566 54975 54941 16180 54962 54950 54944 54948 53775 794 54939 54961 54938 54976 54970 54986 54935 54949 54943 54987 54960 49199 54965 54932 54937 54971 54952 54940 54925 54919 54921 54927 48455 54928 49017 54957 54942 54955 54954 23026 54964 54985 54936 19075 54946 42344 54990 54945 54979 54981 3478 54982 54969 48844 54966 54977 54930 54983 54963
1123 55032 55039 55013 55025 54992 55036 55033 55022 54998 55017 53752 55040 13276 55034 54999 55021 54997 55005 55000 54993 55041 55002 55003 55009 54996 55008 55014 55026 54994 55028 55020 55011 55035 55004 55015 55029 55012 55007 18481 55031 55027 55018 55023 12107
1124 55045 12037 55050 55052 55048 55053 55047 55051 52152 55049 55046 55042
1125 55083 5489 55077 55079 55064 1630 55066 16089 19117 8418 55088 55097 1652 55094 9514 6805 55093 55056 55061 55055 13378 55092 41726 15905 1651 55089 3308 16298 55102 55060 3665 55062 22090 21717 2494 55074 3187 12336 55069 55095 12202 55098 55075 55070 55081 48102 11421 55068 55101 55087 55054 47141 55065 55072 21507 55091 55084 55096 41730 55080 55058 22211 38303 55086 55085 12340 55063 55067
1126 55119 55111 55151 23136 55133 55107 55116 55121 55106 55104 55108 55114 38204 55123 55122 55124 55156 55109 2545 55135 55153 55127 55140 55128 25102 55160 55143 55129 55157 55105 55139 55161 55141 55120 30768 55145 55149 55138 55148 55130 55115 55110 55146 55150 55131 55155 55159 55113 55147 55154 55134 55152
1127 55186 55170 55166 55185 55184 55180 55171 55164 55169 55172 55177 55182 55174 55188 55175 55181 55165 55183 55179 55194 55191 55190 55176 55168 55187 55167
1128 10051 55232 371 55212 55228 55197 15890 55214 55219 55204 55201 55215 55220 18029 55205 10097 15958 13419 55231 4720 597 32272 20187 55200 55208 4262 55223 55230 55221 15407 40450 1903 55227 21299 55206 55207 53450 55209 17777 7010 15433 13243 6352 55195 12258 55216 15374 55224 55198 5171 5306 55229 55217 55203 55234 55213 427 12564 55196 55226 1605 12870 55222 22314 55235 7260
1129 55251 28921 55282 55248 55295 55291 55242 55292 55249 55254 55250 55278 55260 55270 55294 55289 55279 55296 55273 55261 55245 55290 55243 44364 55262 55265 55274 55263 55283 55253 55285 55276 55286 55297 55255 5837 55256 55287 55240 55267 55247 55277 55293 55239 55266 55252 29866 55258 55275 55264 55236 55244
1130 35836 55319 55299 55333 55307 55309 45643 55306 26413 55301 55314 43516 55324 55302 55304 55308 55320 55327 55298 55313 55322 55321 55316 55326 55303 55317 55330 55311 55332 42903 55323 55310 55318 55300 55328
1131 27253 26177 55356 45569 55381 48259 55362 1792 52659 55363 55347 55353 55335 24230 55374 55352 55354 2585 55368 55360 55376 55341 14143 55379 55350 55372 55375 55361 55378 55367 55355 55377 55365 130 36887 19578 23414 55369 55346 55336 2571 11577 55371 4236 40065 14644 55342 53743 51105 11625 55351 157 55357 55334 55349 13062 55339 4241 55343 55358
1132 55383
1133 55399 55393 55391 55388 55395 55384 55405 55386 55402 55392 55385 55397 55396 55400 31727 55401 55403 55389 55390
1134 55420 55448 55450 7850 1875 55451 55426 55424 55421 55430 55413 55442 55441 55429 55422 6665 55411 55427 55438 55425 13953 6233 55428 55444 55419 55414 55432 55440 55418 55407 836 55455 1224 55458 55406 55435 55436 49686 55457 24609 55449 55452 55437 21257 55412 55431 55453 16184 55459 55416 55415 46440 55410 55447
1135 55512 22130 55474 55509 55521 55502 55513 55501 40254 55515 55492 55480 55465 55520 55473 55472 55498 55477 55518 55508 1182 55482 27615 55475 55470 1159 18430 55467 55519 55514 55493 20708 55487 55468 55485 55499 55483 55504 55496 55494 5282 55507 55491 55486 24967 55516 55503 55461 55460 55505 55490 55484 55464 55517 55476 55497 1915 55469 55489
1136 55545 55536 55533 55543 55542 55541 55524 55529 55548 55547 55523 2118 55522 55534 55528 55527 2174 1932 55531 2176 18504 55526 1039 50417 52505 20804 43784 11910 55537 55530 55540 9787 18515 55538 15739 15769 55532 7694 18518
1137 55571 55565 55581 55564 55570 55560 55572 55582 55568 55592 55569 55567 10082 52053 55573 32351 30305 55552 55558 55563 55574 55559 55593 156 55575 55554 55579 55553 33809 55550 55588 55583 23873 55566 55589 55591 55562 55578 55556 55576 55594 55587 55585 55577 55580 55555
1138 25705 22784 55613 55619 55631 27247 55602 55601 55633 55630 55640 55620 55644 55629 55615 10563 55599 55622 55621 55603 757 55608 55596 55614 55634 55616 3338 55598 55604 55648 55607 55600 55632 55636 55624 55626 19572 55606 55612 55605 55628 55635 55638 55645 55650 23750 20100 55637 55647 1670 55649 55642 27259 55597 55639 8249 55617
1139 55658 55667 11842 55677 55670 55681 55654 55674 55682 55686 6018 55685 55663 55656 55678 55662 55668 55651 55671 55675 55669 55659 55672 55673 55684 55653 55679 7057 55676 55683 21243 55652 55664 55660 55680
1140 55725 2828 26397 10927 6410 55716 55728 6609 55691 55704 55702 55712 55713 55717 55709 11882 5817 55692 55688 55698 8797 55710 5632 55700 55720 55708 55689 4360 55726 55730 55723 8802 55703 2054 55729 1903 49025 34211 13551 1891 16335 243 55722 33646 55714 12863 28216 55697 55727 4321 13421 16080 2576 20280 907 55707 9360 55732 4358 16109 4852 55734 55705 55699 55719 3665 2563 55706 55733
1141 55736
1142 55772 55762 48104 55783 55798 408 55738 19810 55785 22812 55744 55737 55742 4826 55776 55790 55773 55763 55746 55778 55741 55768 21693 19803 55771 55752 55792 55788 55758 55775 55748 50361 55789 10561 55784 55753 55751 55765 55757 55745 55796 55774 55782 55767 55739 55777 55770 55797 55740 55756 55754 55780 55755 55747 55793 55766 55761 55760
1143 55816 55818 55801 5545 55823 55839 55813 55806 23753 55837 55825 55814 55829 25355 55830 55810 55827 55808 55811 55817 55822 33129 22036 55828 55838 49969 55805 55799 55836 55820 55833 556 55826 55809 55834 2494 55815 40405 55807 55842 55831 55843 55824 5231 55804 55812
1144 55851 32609 55858 55866 55856 3800 55845 55844 55859 55852 55854 4608 13646 55860 55861 55864 28497 55862 55850 55847 55863 55865 55857
1145 19710
1146 55877 55907 55902 28 55880 55915 55924 55893 55883 55920 46917 55912 55872 55891 31499 55917 55911 55901 55898 55894 55921 55896 55918 55878 55892 55908 55888 55890 55903 55925 26705 55889 55909 55870 55904 55929 55910 55364 55874 55873 55926 55881 55876 55869 55868 6426 55905 30563 55879 55899 55882 55886 55913 51732 55927 55922 55916
1147 55973 55985 55976 55937 55940 55966 55947 55948 55968 55950 55943 55974 55941 33307 55942 55934 4332 55933 55971 2577 48 55932 55959 24677 55972 20080 55957 408 55964 55965 55975 55963 54760 55969 55954 55967 55962 55931 55944 55955 55936 55960 55949 55945 55977 55946 55980 55930 55979 55952 55956 55939
1148 47365 55990 32922 47372 1582 32929 55991 55987 32928 31822 43715 55989 4154
1149 17357 56009 32552 55997 55995 56039 56025 56038 56019 56034 56040 56020 56024 56016 56028 11265 1919 55998 56046 56017 56006 56029 56044 56002 56036 56023 5789 23414 56015 56000 56027 56037 55996 56026 17275 56014 22039 43740 56030 56022 56033 56003 34692 56035 55999 56013 56043 56001 56042 56021 56010 56045
1150 56061 56089 56091 56100 56081 4430 56050 207 56077 56070 56054 56080 56105 15047 56087 56066 56102 56082 56086 56058 56095 56073 56048 56069 56047 56064 56051 56104 56053 56067 56088 56103 56076 56079 56063 56085 56094 56059 56096 56065 56062 56083 56090 56101 56098 56049 56055 56097 56072 24101 56084 56056
1151 51783 2739 56112 56151 2828 4258 56114 7712 56154 56143 25632 56106 35872 24941 56120 56132 56124 56109 1707 56111 1368 56127 56126 56155 56119 56134 56131 56139 56149 56136 10748 56117 56153 56135 56158 2118 452 7238 3716 56142 29711 6995 9035 56138 4360 56110 7797 51786 56108 2533 192 56146 12788 5696 56107 56123 56113 56148 56159 56115 48405 56133 56156 56118 56144
1152 56164 9044 56181 56214 56174 56215 56165 56211 56199 14444 56205 56209 56191 56183 56210 10009 41051 56184 56175 56196 56201 56187 56172 56166 56200 56208 33371 56197 56178 13518 56171 30396 56189 56160 41088 56176 56206 56188 56195 56180 36432 45062 46645 56198 56169 56212 56170 52955 56186 56194 56163 56207 52208 56161 56204 56192 56190 34635 56202 16220
1153 26988 56220 56231 56216 56223 23315 56226 56232 56228 2747 56229 31466 56225 56221 56234 56224 56218 56217 24018 56235 56222 9885
1154 56238
1155 56245 56242 56264 56274 51107 56272 56253 56259 56266 56268 56247 56263 14486 56258 2230 56249 56275 56271 30743 56244 56239 56269 56270 56276 56261 56250 56257 18233 56267 56254 56241 56251 56260 56255
1156 1304 12380 5334 56304 56325 25425 56313 56296 56305 22288 56308 47047 56323 25404 56322 56314 7719 56302 56326 56328 56334 56309 9956 56288 25409 25396 56282 56306 56324 56329 56283 14417 1333 56301 56285 56294 56330 1643 25427 56318 56290 56287 412 56295 25433 56284 56312 55091 56291 56319 4911 56332 56307 56316 2975 56278 56321 56317 56333 56279 56331 56315 56293 25417 56297 56299
1157 56379 56358 56382 56372 56339 56345 18891 56384 56374 56341 56388 53352 56375 56360 56377 52675 56390 56347 56353 56344 56385 56389 56365 56348 56359 39584 56369 56340 56336 24199 56350 56380 56354 56335 56355 56366 56367 56351 18599 56338 56368 56381 56371 26663 56383 56337 56356 4212 56373 23892 56352 25200 19838 56386 56370 56363 45554 24520 56378
1158 56393 56392 56391 56395
1159 56429 56422 6286 7705 445 5684 18011 56426 56430 408 5636 56423 56396 56414 56435 56433 56421 5680 56427 5629 56415 56400 52283 56397 56424 56416 56408 56434 56420 56417 43547 8702 56399 5637 56406 56437 56411 10405 56436 5932 56425 5632 56402 5674 56407 5623 56401 56405 5625 56412 56413 5663 56418 56410 5689 5647 56398
1160 56441 13128 56447 13127 56440 13136 56442 49781 56443 56444 25682 56446 25838 50445 56448 56445 56439
1161 56513 56515 56505 56488 56514 56468 56452 56466 56490 36529 56516 56457 56480 35788 56483 56494 56454 56462 56511 56479 56477 56510 56484 56491 56504 56458 56497 56499 56472 56467 56473 56498 56509 56492 56489 56485 56465 56455 56502 56463 56481 56464 56486 56471 56482 56517 56450 56501 56518 56507 56474 56496 56476 56460 56500 56503 56493
1162 56562 56539 56544 56520 56581 56579 56566 56528 56565 56564 56568 56530 56538 56519 52742 56558 56525 56580 56577 56523 56524 56572 56563 56557 56545 42045 56547 56559 56537 56553 56567 56548 50537 38467 56570 56542 56551 56534 56555 56573 56533 56576 56522 56540 56536 56578 56552 56526 56574 56521 56569 56561 56546 56532
1163 56608 56582 55804 13325 56609 56619 56585 56601 56629 56591 56637 56606 56639 56638 56618 56590 56626 56620 56610 13324 56612 56602 56625 56600 56599 56627 56594 56616 56613 56621 56628 56636 56631 22120 13323 56605 56588 56584 26670 56633 56624 56597 56583 48189 56587 56589 56592 5895 56604 56586 56598 56611 1346 56603 56595 56607
1164 56643 56647 56670 56667 56655 56668 56661 619 42606 56653 56671 56657 56664 19624 56372 56659 56640 54348 56641 56658 56666 56663 56651 56652 45 2374 4487 56646 6537 56669 56660 56656
1165 56239 14283 56692 48841 56725 56701 56691 56677 14187 56693 56707 5414 56706 56697 56689 56686 56702 56722 56708 56718 56673 56695 14640 56674 56709 56716 56694 56710 56672 56687 14279 56714 56704 56720 7225 56698 56676 56696 13275 56682 56690 32394 22720 6352 56699 56721 56678 56684 29941 56680 56703 9355 53820 30292 56715 56723 56717
1166 56735 23 56766 56784 56734 56732 56762 56769 56737 56786 56743 56789 56788 30813 56775 56738 56767 56729 56757 56773 3284 56751 56731 56772 10561 56780 56771 7971 56777 56790 56770 56778 56740 56776 56774 56760 56736 56750 56746 56763 56761 56779 51274 56752 56744 56742 56764 56726 56783 56785 56765 56730 9868 36792 56787 24065 56748 56756 34289 56768 56741 56739 56747
1167 56827 56828 56839 56805 56807 56797 56808 56810 56832 56809 56836 56834 56819 56814 56833 1676 56825 56829 56811 56826 56801 56831 56802 56812 56799 56793 56818 56821 56815 56841 56795 56806 56792 56817 56824 56830 56822 56803 56800 56842 56837 56820 56840
1168 1827 52548 1840 56859 18521 56868 56865 52505 56870 18529 35817 18500 56849 56861 56853 56858 56860 51321 56869 54242 15741 56845 46484 56863 46491 56855 56871 1815 56856 46483 56847 15742 42896 50407 1081 7694 46498 52524 56844 56850 56862 46499 56872 56851 28197 28008 44788 50422 15746
1169 56903 56905 56896 56897 42287 56912 56888 53095 56907 56876 56908 56891 56874 56911 8551 38807 372 206 56895 7594 56916 56900 32282 56886 3094 56873 56887 56914 56894 886 56889 56915 56885 56880 9590 56890 50671 56898 56878 56902 56892 56901 56881 56913 56918 56883 56877 56875 56919
1170 56928 34392 17439 56929 56926 55766 56922 31081 52081 52080 52078 56921 52077 56925 56924 56920
1171 56933 56938 56941 56936 23 37045 56937 56934 56940 56931 56930 3775 56939 47365 34278 56935 34275 12963
1172 44792 32546 56943 56942
1173 56956 56953 56949 56952 56947 56951 56958 56948 56945 56957 56946
1174 56966 56991 56974 56969 56989 56990 56973 56961 56993 56978 56959 56981 56984 57012 56988 57002 56962 56975 57015 56977 416 56994 56964 56980 57009 57014 56963 56979 57003 57001 56998 56992 57000 56968 56967 56971 5102 56997 56960 56982 56972 56986 56983 57011 56965 56985 57005
1175 57016 57037 57024 57031 57028 57027 57032 10841 57050 57025 57043 57046 57038 35095 57040 37756 57055 51287 57042 36274 57060 57049 49540 57019 40033 57026 23733 57039 5333 57020 3409 57030 57061 13378 57053 57023 57054 57048 57022 22693 22344 57033 57036 57021 57034 10357 57062 57018 57035 57059 17853 43558
1176 49699 57076 57077 57081 57082 57070 14737 57085 57079 57086 57078 57089 57088 57068 57093 50478 57090 57087 57092 57084 57065 57083 57064 3356 11387 57080 57091 57073 57067 57072
1177 3350 57114 28686 52275 57104 57095 32928 31840 8462 57117 44179 57110 28671 57101 57098 57097 57121 57116 57109 57113 57107 57106 57112 57102 57099 57119 57105 57096 41956 10281 57100 57108
1178 57160 57175 57128 57139 57163 57173 57158 57159 57176 57140 57123 57174 57162 57144 57143 57147 57130 57138 57183 57151 57150 57149 57153 57124 57125 57166 57127 57133 57142 57126 57165 57161 57169 57146 57148 57136 57167 57179 57134 57181 57154 57172 57129 57137 57168 57155 57157 57156
1179 57199 57188 57197 57191 57189 57190 57194 57198 57192 57185 57193 25798 57184 9887 57187
1180 57232 57214 42095 57207 57216 57249 57241 57212 57227 57224 57245 57219 57226 57256 57252 57251 57253 57237 57205 57231 5318 57230 57238 57235 57221 57200 48759 57234 57211 57254 57225 57201 46051 57206 57246 8710 57210 57242 57223 57240 57244 57215 16368 57213 57255 57209 36425 43120 57229 57247 57204 57222 53656 57220 57228 17121 33646 57217
1181 57262 57268 57292 57277 46571 57296 57275 57300 10979 57281 57282 1377 57309 57290 57260 5254 40620 21043 22362 28861 6931 57257 57264 33684 57305 12101 57307 19203 56410 57263 57258 57306 8710 7219 57261 57295 12697 57279 57297 25455 1250 57286 57301 8727 57278 33477 57270 2068 57285 57287 25470 57269 54455 57271 57310 57298 57294 57280 57293 33942 57299 57267 57273 3774 57283 57302 57272 57284 57274 57303
1182 57337 55332 57329 42902 57327 57328 57317 57322 34015 7694 57320 57324 57334 50455 46529 57336 2175 1854 57318 57330 57338 57332 42880 57339 32577 57319 57313 57340 57314 57315 54244 57326 57316 1834 57323 57321 54261 57312 54247
1183 57358 27786 57384 57347 57345 57376 57351 57375 57341 57377 57383 57393 57370 57403 57380 57381 26065 57388 57408 57367 57374 57368 57397 57406 57385 57361 7734 57357 30078 57394 12279 57354 57362 57346 57359 57390 57392 57369 57352 57348 57400 57387 57395 57372 19100 50002 4103 7036 57398 57401 57343 44247 22942 18738 10017 57373 57342 8362 57363 25663 9314 57396 57379 57350 46724 57371 57360 36523 57355 57407 57402
1184 57443 26203 57417 57429 57448 57412 26790 12971 57440 57428 57450 57449 57444 57446 57411 17437 57420 57416 57418 57409 57445 57430 57425 57415 57432 57431 57423 57421 10820 57436 57447 57414 3284 57442 57413 44348 57424 57433 57451 57441 57422 57410 57427
1185 57454 57457 37461 57488 8462 57474 57465 57469 57493 57477 57462 57491 57490 57481 57463 57484 57471 57458 57483 57480 57475 57485 57482 57459 57478 57460 57456 57455 57476 55654 57466 57487 57492 57486 57467 57472
1186 5982 57531 57520 57535 57513 57524 28861 57502 57511 57538 57525 57501 14928 57537 54921 57532 57498 20644 57509 57506 57508 57496 51815 57533 57519 57516 57526 57515 57505 57500 57523 57527 57497 57521 57534 57494 57495 57529 57512 57518 22248 57514 57530 57504
1187 7356 57564 57569 57551 57576 57606 57545 57572 57605 6883 9449 57589 57549 57570 3150 16080 57554 57592 57585 25893 57603 57566 57575 57557 57552 57577 57584 57542 10885 57607 57599 57550 57593 57558 57562 57546 57574 57565 57578 57600 57580 3653 57561 57590 8719 57591 57559 57547 57604 57567 57597 57598 57588 57583 57573 57560 10007 57601 57543 57595 57586 57544 57581 57594 57555
1188 57661 57626 57624 57638 57608 57625 57659 57617 57673 57628 57666 57616 57647 57676 57679 57637 57639 57630 57656 57663 57652 57618 38843 22134 57677 57622 57609 57641 57680 57636 57669 57634 57632 57665 4620 57646 57683 57658 57631 57610 57672 57670 57612 57657 57653 57614 57635 57667 57619 57627 57674 57684 57623 26582 37426 8897 57650 57640 57668 57651 57654 57678 57645 57621 57620 57655 57613 57643
1189 57697 48696 57695 57725 57713 57719 57722 57729 15671 57700 57705 57701 15969 57720 57696 57726 24599 57731 45785 57727 39462 57711 57689 57693 57698 57730 57728 37529 57710 57686 57706 57704 5837 57735 57723 57685 15308 57736 57691 57717 45298 12279 57733 19137 57709 57716 57732 57724 57718 57707 57703 57699 57702 1915 57721
1190 57753 57788 57737 57763 57762 57754 57749 8575 15246 30637 57771 57747 57752 57768 56985 16086 57741 57744 57748 57764 57781 57782 57743 57775 57759 9595 57745 57746 57742 57787 57767 57750 57765 56876 57778 57785 57770 57756 57773 57784 57761 57755 57758 57780 57783 57760 57738 57739
1191 57838 57833 57822 57835 57813 57791 57795 57837 57806 57832 57804 57831 57847 57815 57834 57844 57842 57798 57790 57799 57810 57820 57845 57792 57794 57805 57793 57817 57808 57818 57819 57812 57801 57824 57807 57848 57800 57830 57843 57836 57826 57846 57811 57840 57803 57796 57802 57839
1192 57872 57865 57883 57864 57890 9231 57855 57882 57849 9243 57857 57888 57862 57869 57885 31741 427 57866 57859 57868 57894 57867 57871 57873 57879 907 57893 57887 57881 57856 57852 57891 57870 57880 57874 16969 1697 3653 57851 57863 2576 57860 57889 57853 57892
1193 57915 57930 53522 57924 57928 57902 57905 57897 57914 57942 57919 57940 57933 35670 57937 57901 57920 57907 57934 23578 24148 57906 57921 57923 57939 57910 57917 57918 57898 57927 57908 57932 57941 14536 57900 57938 57926 57911 57931 57925 57904 57936
1194 57978 57960 57946 57967 8547 57977 57970 13536 105 8533 57950 57964 57943 57969 57958 46954 57976 57961 57952 57963 57947 57988 57954 57973 57968 57966 57975 57957 57986 57983 57980 57985 57979 57981 57972 57959 44461 57982 55848 57965 57948 47901 57962
1195 58029 58024 15205 22542 58016 58027 58051 57994 3864 58045 4301 58058 58007 58048 58011 33707 58005 58039 58034 58004 28075 58019 58009 58037 58040 58030 58018 58001 57993 58023 58010 57990 58033 58013 58015 58041 57997 58057 58035 58006 58043 58049 58020 58050 58022 58014 58002 58046 58054 58003 44894 57999 57995 58053 58038 58028 4479 48786 58047 58012 58044 57996 16192 57998 57989 16190 57992 58031
1196 58090 58060 58065 58098 58118 58061 58108 58104 58076 58109 58089 58073 58112 58075 58100 58113 58084 58070 58091 58086 58088 58105 58117 58099 58115 58097 58087 58063 58114 58071 58103 58092 58079 58111 58080 58066 58102 58095 58106 58062 58064 58107 58110 58072 58093 58074 58083 58094
1197 21575 58122 58127 58126 58124 58121 58129 58123 58130 48252 58125
1198 58155 29393 25932 5781 58139 54022 58180 58159 28175 58169 58156 58189 58147 58160 58152 58168 14488 58154 58174 58153 2674 58162 58151 16540 8346 58135 58148 58131 58132 14231 49325 8068 23462 58146 38063 58157 58142 58187 58176 58179 58150 58140 58170 58185 58149 30768 58163 52507 58137 58190 58181 58144 23408 58158 907 50334 3403 58186 58161 58184 58138 25950 58133 14311 58164 8763 58136 15443
1199 58233 58225 58220 58218 58241 58232 32641 58247 58228 58204 58253 58238 3412 58205 58266 58246 58242 58199 58259 58257 58223 58269 58198 58244 25529 58213 58234 58202 58215 58258 58211 58265 37917 58252 58212 58251 58250 58255 58240 58231 58264 58267 58203 58207 58210 58235 7509 58201 58256 58197 58216 58260 58226 58229 58192 58268 58221 58230 58243 58262 58193 58219 58209 58227 8441 58261 58195 58245 58236 35225
1200 58278 58300 58325 58314 58296 58315 58277 29341 58332 58286 58308 58316 58292 37465 58318 58287 35779 58313 58324 58298 58272 58297 58302 58291 57489 58280 58319 58271 58294 58293 58290 57488 58311 58326 58312 58273 58303 58310 58301 58284 21880 58289 58275 58331 53308 58281 58309 58285 58283 58320 58327 57484 57492 58317 58282 58307 36114 58321 58276 35761 57490 58274 58279
1201 58340 52911 16652 16109 58335 58333 53823 58348 58345 58352 14311 58343 58351 58361 58344 58366 5493 7938 58357 58334 58355 999 12042 58365 58336 58364 58358 58339 58350 58356 58347 2877 22013 58360 58367 9215 33088 58338 58341 58349 58368 58353
1202 58390 58385 17413 58407 58417 58419 58397 58416 58375 58406 58382 58383 58377 58387 58413 44480 58409 58399 58408 58386 58380 58388 53368 58410 58402 58392 31834 58395 58378 58376 58372 58400 58373 58414 58403 58384 58371 58379 58401 58393 58398 58381 58404 58412
1203 58432 58446 58454 58427 58449 22213 58422 1045 26413 58448 58461 55596 44745 58428 34896 20641 58447 58444 58436 15760 58450 12592 58426 58455 58456 58437 58435 58458 3383 58441 58445 18506 58431 58460 18502 58440 597 58421 58423 2803 58452 58425 58424 13529 18513 58420 7226 58462 15782 58430 881 58453 58459 58457 43774 6877 6199 58434 58443
1204 58487 58485 4521 58469 58467 58472 58489 58470 58488 58473 5511 15773 58481 51676 58474 1809 58490 58475 58482 58464 58479 2177 58477 58466 18513 58465 58483 58478
1205 58527 13421 58514 58515 58507 58524 58519 58506 58500 5722 58496 58505 58537 58532 58501 58520 15815 58502 13722 20129 3720 58494 58540 58509 7850 36503 58518 58538 26409 58530 58495 58504 2975 24677 58491 58531 58503 58523 58516 58534 3363 58510 10117 58536 17520 58533 10720 58528 58525 16566 221 2535 4565 15639 58539 58498 58517 23238 58508 58492 8719 2106 27653
1206 58555 58578 58564 58558 58560 58572 58577 58585 58574 10561 28480 30831 58570 58569 58554 58559 58590 58565 58567 58550 58545 58584 34160 58583 37143 58588 38089 58582 58562 58576 58586 58580 58543 58544 21880 58566 58553 58549 58568 58552 22155 58581 58575 29653 58546 27526 58561
1207 58621 58602 58594 58616 58592 43524 58597 58609 58612 58623 58625 58595 58601 58605 58603 38477 58630 58641 58604 58618 28369 58606 58617 58629 58633 58640 58611 58596 58615 58610 58620 58635 8933 58634 58607 58631 58636 30163 58622 58643 58599 58608 58591 58638 58600 58626 58624 58632
1208 58644
1209 34514 58656 58683 46420 58671 9274 58663 58690 58693 58669 58697 17735 58698 58701 8702 58666 58655 58668 58692 58695 58681 58689 58678 58648 33645 58670 18509 9328 58658 58662 58653 58674 58696 1235 5951 58651 22484 11160 9307 58677 5007 58685 58654 58657 58688 58649 58691 6110 58667 49224 58694 58646 58676 9261 58684 58672 408 9311 3064 58673 58650 9320 58647 29585 9308 58700 9276 9257 1726
1210 58739 58750 58721 58741 43296 58702 58736 58735 58704 58703 58748 58732 58751 58746 42073 58729 58711 58752 58744 58709 58714 58705 58753 58717 58719 58722 58718 58742 58737 58731 8244 58740 58724 58727 58730 58725 58747 58720 58728 58712 58745 58713 58715 58734
1211 58766 58780 58759 58776 58758 58770 58762 58783 58772 58754 58769 58784 58761 58765 58767 6729 58778 58773 58777 58756 58760 58768 58755 58774 58764 58779
1212 495 40671 58820 58799 58796 48415 25592 58811 4521 58833 58817 58836 58831 7057 58807 3740 58800 58841 58803 58825 58801 1784 58832 58786 58847 58829 58826 22718 58788 58815 58809 58793 58804 41464 58827 5858 12091 58814 58813 58792 4529 58791 58797 58795 58838 58787 58810 58837 58846 58828 58834 58802 58822 58805 58823 58794 58806 6353 58842 58835 14019 1350 58844
1213 9161 58881 58867 41248 58865 58872 58886 993 58874 58882 58892 8797 58866 58852 58864 58860 17139 35484 58857 58891 58883 39003 58863 9319 58895 58878 58880 58859 58862 58851 58875 58850 58884 58888 58869 58893 58868 58856 58853 58854 58849 58877 58873 58870 58889 40420 58887 58896 58861 58858
1214 58931 58935 19012 58915 44984 28017 58939 4358 58937 58903 12583 19439 58905 58933 8435 58919 58944 58926 58908 58918 55753 58913 58921 58909 58934 4853 8773 58900 58902 58940 58945 58907 58925 58914 58916 7792 58917 58920 58941 58930 58901 58927 58929 35170 58923 58936 58924 58943
1215 38440 58953 3360 58958 37969 7079 58983 58967 58977 58962 14389 58981 58956 58947 15100 52721 58965 58984 9145 2967 58948 17409 58951 58974 35703 44605 58960 18296 58982 41880 58963 23999 58966 58972 7018 58976 58954 58946 23472 6041 58959 58971 58955 58979 4194 58970 58969 7105 17433 7192 58957 20082 12020 34614 2560 58950 58961 58975
1216 4421 58999 58995 59004 59006 59000 58990 58989 59007 58985 59008 9584 58987 59003 58988 58996 58993 58994 58997 58992
1217 21985 59009 17894 21964 11128 59015 59020 59014 21984 59027 59021 59017 59018 10769 59022 59023 59011 59024 26320 59013 59026 59025
1218 32922 27761 17230 8487 47368 1582 31822
1219 59050 59034 59072 59049 59058 59043 59031 59060 59029 59038 59064 59061 59070 59032 59056 59041 59066 59045 59077 59067 59036 59052 32448 59042 59059 59051 59075 59054 20119 59035 59065 59044 59040 3024 59062 59033 59047 59073 59046 12043 59039 59069 28305 59071 59076 59053 59055 59068
1220 59097 59095 59082 59083 59093 59101 59102 59081 59094 59096 59098 59086 59106 59087 42128 59090 59103 59099 59088 59084 59105
1221 59111 59113 44795 17327 59115 59116 59110 59107 59109 59117 37703 59120 59114 59119 53220 59121
1222 7344 59160 59137 59136 59131 59149 59151 59143 59145 59157 59125 44546 59141 59159 59124 59148 59129 59155 59138 59158 59147 59135 26470 59150 59127 59140 13558 59134 59133 59126 46983 59130 59139 59146 12488 59161 59142
1223 16752 16793 16753 59162
1224 59172 59191 50312 59183 59218 59197 59212 37221 59186 59193 59223 59198 59233 59228 59163 59202 59195 59182 59175 59174 59204 59229 59205 59177 59165 59184 59171 59216 59211 59196 59220 59219 59194 59207 36623 59178 59214 14265 59201 59209 59181 59199 27920 59222 59185 59224 59189 12510 47202 59213 59179 59188 59176 59237 59169 59200 59231 59208 59215 59173 59170 59180 14079 59225 59166 59164 59190 59167
1225 59239 59244 59253 59271 59254 59240 3393 59278 22720 59284 59277 59276 59246 15533 59260 59250 59248 59258 45056 59285 59286 41957 59261 52265 36202 59264 59238 59273 59274 31814 5665 31054 51270 59249 59267 59257 59245 59247 59243 59281 59279 31815 59272 3436 59255 59256 59252 59263 59242 59270 59241 59259
1226 59352 59336 59339 59287 59317 59348 59349 59309 59344 59304 59321 59343 59301 59292 59328 59350 59313 59297 59296 59305 59334 59333 59353 59310 59307 59316 59300 59323 59291 59308 59347 59314 59290 59311 59330 59293 59342 59294 59324 59288 59289 59306 59298 59295 59302 59322 59331 59337 59320 59338 59340 59319 59299 59346 59326
1227 45482 59355 59357 59358 59406 24540 59372 59379 59377 59388 17520 59378 59365 59381 10871 59403 59416 59401 59369 59360 59396 59375 59409 59382 59390 59373 8702 59384 59366 59413 59359 59415 48454 59367 59371 59418 59370 59404 59394 59389 59374 59380 59412 59376 59402 59414 6883 59363 59361 59386 59391 59417 8572 59383 59405 23408 9337 59385 3330 59408 59400 44766
1228 59426 59437 14080 59470 39760 59430 983 59454 59469 59475 39214 59453 12829 59460 59480 59419 59448 59442 14884 59421 59452 59445 59463 59420 59455 3394 59465 8420 6024 59467 59472 59477 59423 59473 59476 59441 59464 59438 733 59457 59428 59440 59449 59468 59474 59443 59429 59424 21166 59444 59462 59436 59432 59434 59451 59450 59458 59459 59425 59456 59447 59446
1229 11386 59530 59535 59532 59493 59515 54367 59540 59557 59531 59527 59560 59499 59561 59524 59512 59534 59513 59545 59547 59554 59485 59551 59541 26770 59559 59508 59522 59523 59521 59487 59562 59482 59528 59539 59492 59555 59548 43613 59558 59538 59506 59526 59509 59502 59483 59518 59529 59507 59504 59517 59497 59549 59505 59510 59516 59553 59533 59488 59556 59537 59489 59514 59503 59519 59500 59525 59501
1230 59611 59599 59589 59564 59618 59600 59573 59566 59609 2345 59574 59572 59612 59607 59570 59583 59578 59596 59577 59603 59579 59620 59568 59614 59584 59569 59597 59592 59591 59587 59595 59586 59602 59590 59567 59565 59608 59615 59594 59601 59619 59593 59576 59598 46004 59585 59588 59604 59610 59606
1231 59633 59663 59642 59636 59623 59639 59652 59658 59622 59647 59654 59621 59638 59646 59656 59659 59661 59644 59649 59650 59643 59625 59630 59662 59660 59624 59664 59645 59641 59667 59631 59640 36641 59653 59632 59665 59635 59655
1232 59693 59705 20811 59687 59710 18105 36425 59675 59723 59729 59707 59717 59677 59682 59683 59714 59711 59719 59685 59726 59718 59713 59730 59708 59704 59679 59692 5729 23217 59672 54732 59695 59716 59688 59694 46703 59701 59689 59676 59699 59691 2303 59725 59686 59678 59702 59712 20860 59721 59703 59731 59670 59684 12484 59709 59690 59715 59697 59681 59671 59720 42286
1233 25048 59744 59756 59759 59778 15118 18276 59754 59776 59755 59743 59746 4798 59770 59757 59774 43123 1537 59765 59772 59735 59786 59791 59783 59788 25258 59750 59752 59748 59733 59747 59740 59775 19504 8150 59732 59763 59753 59792 59734 59767 59749 59781 9062 15105 59760 59782 26197 59773 59764 59762 59739 59737 59790 59736 59777 59771 18662 59738 59769
1234 59845 10378 59848 59804 59831 59847 20029 59808 59819 59849 59832 59862 59865 59812 59838 59818 59826 59864 43932 59867 59809 59860 59846 59798 59855 59844 26160 59853 59859 8388 59825 59858 59851 59814 59842 59863 59800 59828 59815 59799 52622 59843 59806 59820 59841 34555 59833 59856 59817 59830 59797 5067 12581 59793 59810 25880 59834 59824 59823 11059 28139 59840 9733 28054 59821 59839 59854 59816 59801 59822 59796 59807 59868
1235 59891 59896 59885 59879 59875 59870 59869 59889 59872 59890 59886 59878 59880 59877 59895 59893 59874 59894 59871 59892 59881 59888
1236 59926 59917 59930 59918 59916 59921 59912 59897 59904 59898 59908 59928 59923 59899 59927 40748 59922 59906 59909 59920 59915 59924 59907 59910 59925 59929 59911 59900
1237 59946 59996 60000 59938 60003 59953 59969 60002 59961 59997 59984 59960 59931 59992 59968 59954 59970 59994 59973 59936 59935 29571 59965 59999 59989 59967 59971 59993 59962 59978 59964 59974 59981 59979 59956 48917 59995 6504 59958 59982 59949 59944 59963 59934 59943 59937 59955 36105 59951 59932 59933 59966 59947 59985 59957 30343 59945 59988 59975 59986 59950 59939 59977
1238 60042 12336 60048 43229 60018 60008 60007 60014 60025 4360 60010 60027 60022 60015 60037 60024 60020 60030 60044 19498 60026 60019 60033 60009 45258 60023 60011 5535 22090 60028 16152 60038 60012 55055 60017 60016 14286 60021 60039 60043 60034 60006 41718 60032 60046 43218 33465 60045 60035 60047
1239 14332
1240 60089 37 60063 60069 60066 60079 60054 60072 60057 60075 60076 60071 60083 60101 60086 60095 60049 60087 60091 60080 60068 60078 60074 45983 60082 60099 60062 43793 60070 60061 39998 60077 60081 60092 60102 60090 60058 60052 60084 60060 60065 60097 60093 60053 60056 60059
1241 60109 60129 60126 60138 60110 60141 60108 60119 60111 60125 60133 60123 60120 4540 52293 60112 21547 60131 60130 60134 60139 60128 19636 44343 60135 60114 60106 60136 60118 60117 60142 60124 60137 60127 60113 2345
1242 12042 39966 60143 60152 60145 60147 60151 60146 60154 2522 60144 60148 60163 60162 60155 60165 60161 60160 60159 60150 26496 60149 34469
1243 60195 60169 60225 60212 60204 60194 60226 60219 60203 60208 60201 39964 60171 60180 60181 60183 60199 60168 60216 60186 60227 60196 60178 60176 60166 60193 54668 18105 11730 60207 60179 60215 60202 60220 60189 35852 60205 60206 60224 60173 60175 60221 60167 60198 34895 60213 60170 60222 60209 60200 60223 60190 60210 60211 60187 60188
1244 60233 60280 60243 60257 60230 60275 60274 60249 60270 60273 60237 60247 60246 60251 60245 60281 60235 60272 60248 60255 60258 60231 60250 60262 60271 60263 60238 60269 60232 60266 60254 37239 60239 60277 26177 60244 60276 60279 60241 60261 60278 60265 60252 60236
1245 7983 60292 60295 60337 60336 20487 60313 60316 4487 60305 60298 60306 27250 60312 5562 60322 60319 60321 60326 60299 7893 60324 60282 60291 39859 7506 60338 60341 60339 60330 60329 37987 60323 60332 17390 60310 60333 37955 60302 60296 60309 60288 60334 60318 60307 60317 60331 60283 60314 60294 47427 19532 34699 60311 60290 60328 60315 60325 60304 14401 31461 60285 60287 7939
1246 16965 33879 52554 52557
1247 12191 43284 60346 60379 60347 1010 9805 60361 5565 60373 3265 19559 60372 60364 60359 60366 60374 60375 60363 39584 17339 38759 60380 60350 60345 60352 60376 34776 60384 60385 60369 60342 60358 60382 17202 27084 24215 27114 60357 8138 19911 60360 60368 18662 60353 30983 60381 135 60343 60371 5616 60365 34773 60383 183 60370 60356 17447 20502 60378 60344 18655 60348 24212 20508
1248 60412 60442 60428 19542 60436 23448 60410 60419 60400 60421 5586 3554 5615 60432 23455 60396 5571 60430 60388 60406 60420 60387 5787 27150 144 60409 60441 60389 8041 60413 15132 60414 44379 30740 60418 60431 60434 60415 19547 27250 60443 5600 25705 60438 60445 60393 60397 60386 34778 60424 60427 60395 60411 60399 14401 60426 60425 60433 2316 60401 60405 60437 60422 60417 60439 60444 60390 60404 60391 14389
1249 60470 60484 60513 60514 60525 60457 60499 60493 60472 60505 60469 60461 60479 60515 60451 60449 60455 60476 60459 60478 60448 60481 60510 60480 60498 60502 60483 60511 60464 60506 60487 60447 60492 60468 60486 60488 60497 60520 60452 60494 60482 60474 60473 60463 60507 60512 60458 60496 60526 60501 60516 60519 60489 60523 60454 60475 60522 60509 60521 60465 60503 60490 60460 60453
1250 60527 19296 60528 60529
1251 47403 60562 60537 60541 2317 60553 7712 60568 60546 60551 38637 60552 60548 60565 53410 25148 16153 60567 2341 60531 60543 44 4290 60555 60545 18497 60550 47672 18964 60566 60570 60540 60559 60549 17390 60564 60547 60557 60542 60558 60544 23274 60530 46370 60532 60569 43945 26278 60533 60535
1252 60584 60601 4661 60588 60626 60615 60587 5738 2727 60593 60611 60586 60596 60619 60614 60625 60622 60585 6944 58193 42951 60595 60620 60609 60631 60576 21508 16735 60629 60599 60581 43424 57781 49527 8381 49215 60577 14935 60621 60603 372 60594 60605 60575 60579 60583 33477 60571 60598 60630 60606 60610 60602 60623 60617 60627 3894 18927 60597 60604 16192 60613 794 60582 534 60589 60574 9851
1253 7933 60633 56238 60632
1254 60636 60675 60654 60661 60642 60652 60657 60668 60662 3064 60639 55856 60664 34306 60637 60676 60669 60643 60671 60656 60655 60673 60674 427 60651 60659 60638 60658 12713 39745 6567 60650 60635 5813 60648 60667 60647 60640 60672 60665 60644 60646
1255 60683 60677 60690 19838 60687 62 41927 60700 16050 60692 54391 44 60691 41916 60689 60697 55 1582 60679 19643 60678 60699 60686 60695 60685 41891 60698 19833 41896 56 60681 60682
1256 3775 34278 4201 34289 23 40120 34277 60701
1257 60726 60751 13462 44204 60744 60741 17973 60717 60736 60712 60705 60730 60702 60754 60735 60755 60708 60753 60723 60747 60703 60721 60711 43146 60731 14419 60704 60745 60749 38235 60720 60742 60738 60724 60732 60740 60706 60752 60725 60722 60748 60750 60710 60716 60714 60719 60733 60713
1258 60814 60795 60818 60768 60778 35703 6636 60776 28139 60788 60777 60811 60784 14455 60764 60808 31691 60772 60771 60813 60806 29393 60802 46348 60783 60758 60817 60760 60766 5701 60819 60769 60761 60757 60794 60821 60792 60812 10932 60796 60801 60793 60804 60809 60762 60765 60767 60815 29544 60822 60785 34853 40057 60797 59491 60780 60774 60791 60789 60820 14486 60779 60781 60782 60810 60787 60759 60798
1259 60830 50291 60828 50290 60826 60827 60823 60829 50293 18504 60831
1260 60847 60842 60856 60867 60881 30723 60835 60832 60866 60862 60840 60857 60425 60353 60855 60878 60877 60838 60859 60865 60861 60875 11628 60834 60864 24024 60844 17433 60879 60850 60837 60833 60836 60848 60849 16007 60880 60843 60846 60876 60874 60872 60868 60841 60854 60863 60851 60871 60858 60882
1261 60889 40027 60907 60923 60913 60886 60890 60935 60928 60920 60938 60917 60888 6266 10470 60922 60892 60911 60905 13798 60885 60902 22343 60914 14768 41700 60933 60900 60936 5243 60921 60912 60924 51861 60891 60934 60903 60916 59755 60918 10457 34596 60899 60910 60893 60896 35311 60908 60931 60932 2197 60894 60909 60927 36280 60897
1262 60992 60994 60968 60967 60948 60988 60985 60972 60956 60961 60946 60970 60980 60990 60952 60982 60984 60949 60974 60325 60987 60973 43125 60964 60989 987 60966 60976 43795 60954 60940 60977 60991 60945 60979 60986 60943 60960 60951 60950 60971 60978 60983 60958 60939 60944 10192 60969 42621 60995 60953 60981 60963
1263 61010 61018 61005 61049 25540 60998 61008 61011 61013 61034 61046 61009 9518 3181 61044 61021 61026 61066 30716 60997 61025 61064 495 61017 61061 61052 61055 61062 61035 5737 61060 61007 28353 61057 7553 61036 19989 61040 61054 61047 61014 7570 61039 61032 61024 61033 61058 61050 61015 61022 4402 61020 61001 61027 61003 60999 61000 61059 61038 61004 4479 61019 59853 61045 46667 61043 61051
1264 61108 61102 61093 40732 61084 61074 61109 61087 61099 61088 61113 61121 61117 61127 61078 61067 61097 61130 61128 61085 61079 54398 61098 36113 61103 23268 25232 61070 61112 12946 61101 61096 61123 61092 61106 61105 61122 25141 61100 61131 61114 61080 61072 61119 17213 61083 30272 61126 61090 61125 61111 61095 61115 23312 61082 61104 61124 61107 61129 61110
1265 61167 61132 61140 61153 61158 61149 61144 61155 61154 61148 6500 61157 61136 61161 12814 3919 3023 61138 61143 9449 61164 16182 35880 61139 61146 61137 61165 61160 7728 61135 61166 42947 61134 12275 61145 61168 61152 28437 61142 61133
1266 61212 61234 61171 61216 61239 61223 61242 61187 61221 61178 61231 61172 61237 61213 61228 61191 61215 61196 61193 61226 61201 61222 61236 61174 61183 61209 61198 61203 61224 61218 61199 61189 61233 61229 61188 61177 61195 61190 61194 61181 61197 61240 61176 61214 61180 61230 61179 61169 61192 61241 61205 61227 61175 61217 61210 61202 61182 61235 61200
1267 61243
1268 61271 61254 61258 61293 61299 61263 61279 25414 61253 61255 61295 61264 61266 61252 22010 61288 61289 61277 61294 61280 61257 61268 23 61260 61282 61251 53364 61286 61269 61275 10147 61270 61276 61259 61291 61285 61247 61250 61265 61278 61290 61274 61249 61281 61302 61261 61292 61298 61262 16559 12289 61256 61283
1269 61321 61356 61351 61354 61328 61327 7338 61358 61343 61312 61338 61360 61310 6747 61304 61325 5722 3246 61361 61344 61334 61317 61307 61319 61357 61336 61323 61305 61320 61355 61333 25547 61315 61309 61306 61332 31036 61340 61342 61353 61341 35091 61324 4321 61345 1186 4325 22290 5831 61326 61318 18458 61316 61346 61349 15666 46477 61359 17139 42461 13589 3243 61308 37105 61311 61352 10997 61314 61330 61322
1270 61374 61389 61391 61397 61384 61394 61366 61364 18664 61399 61387 61380 61367 61372 61373 22062 61371 34779 61365 61375 17277 61398 24215 61392 61368 61385 61396 61376 61382 61395 61393 61370 20502 61386 61377 61379 61378 14394 61363
1271 61405 61429 61432 61426 61418 61428 61434 56307 20811 23172 61420 61404 24173 61427 4929 61409 61423 61411 61408 61419 61436 61424 61417 61402 51987 61437 61406 61412 61410 61421 24238 61407 19379 61401 61439 61400 61414 10286 24497 61433 61415
1272 61503 61440 61448 61460 61462 55822 61487 61489 809 61464 39094 61471 61475 61466 61455 12478 61473 61449 61490 61505 61468 61510 61476 22393 61486 13186 25349 61482 61443 61441 61445 61450 61454 61508 61474 61477 61453 61491 61479 61465 61496 61458 29570 61469 61499 55821 61480 61457 61511 61461 61481 61452 61444 61495 61501 61442 61483 61497 61502 61500 61463 61509 61484 61485 61456 61488
1273 24101 61551 15513 22203 15169 61561 61534 2365 61543 61563 9948 61548 61560 61537 61524 55372 61566 61532 27102 61567 61565 14519 61535 61520 61552 61557 3935 30868 61529 61549 61546 61530 61554 61559 61544 61569 61545 61515 61553 6661 4212 61564 61555 61519 61516 17310 12939 61556 61539 61522 61536 61558 12975 43795 25798 43697 61562 2342 61525 61542 61540 61523 14231 61526
1274 18517 14496 2757 61592 61583 61601 4258 61575 16423 61618 61582 61589 61578 61606 61610 61576 61616 30636 61579 19922 61615 61598 61603 61574 61585 61590 2762 61594 61607 13470 61584 61591 4876 61604 21287 41448 22451 61597 61605 16087 1350 45011 26454 61586 61595 61593 1351 48031 5858 61600 16072 19070 61609 61580 61617 61599 61587 11628 4793 9851 61577 61588 61573
1275 61654 61623 61632 61653 61672 61649 61670 61635 61640 61664 28066 61629 61656 2381 61624 61674 61657 61644 61636 61651 61642 61655 61671 61652 61631 36622 61648 61663 61621 61669 61660 61645 61666 61668 61658 28317 61659 61622 12105 48426 61637 48455 61630 61620 61626 61639 61665 61675 61643 61634
1276 61683 61694 61679 61678 61677 61690 61686 61684 61689 9282 61691 61681 61682 61692 61685 61680
1277 61695 37042 34278 3775 56742 34275 4154 61696 43708 3182 37045 34289 41190 41189 34276 23 34268
1278 61699 61703 42731 15822 30981 61715 61731 61732 61704 61716 61729 1316 61736 61707 61706 4046 61722 61721 61735 61700 61726 61711 42736 61719 61723 30605 61701 21045 21880 61727 61717 61709 61712 61728 61734 61724 61733 61705 42737 61714 61730
1279 61794 61738 61749 36836 61746 61775 61816 61796 61802 61787 61815 61767 61766 61782 61741 61776 61797 61789 61771 61786 61811 61759 61770 61791 61753 61752 61750 61788 61792 61757 61799 61763 61765 61760 61758 61747 61809 61742 61790 61744 61769 61745 61798 61780 61814 61777 61773 61762 61781 61779 61801 61768 61755 61808 61785 61737 61810 61754 61764 61748 61739 61740 61784 61783 61743
1280 61822 61855 21477 61843 30124 61824 61868 61863 61870 61853 61842 61844 61826 61864 8900 61841 61825 28289 17139 61819 61859 61846 61850 3618 61838 49990 61830 61866 61849 61845 61867 61857 61869 61858 61860 61827 61851 61852 61836 61831 61834 61821 61835 61856 61832 61862 61817 427 61820 61848 61828
1281 14091 61876 61891 61883 61884 61893 61897 34281 61895 61885 39331 43543 61880 61874 17039 61890 17511 50606 61889 43549 61872 44142 61888 2833 54545 61886 61877 61871 50617 45413 61881 61875 61878 61887 61896 61873
1282 61951 61917 61952 61957 61923 61918 61913 57220 61905 61953 61943 61914 61947 49712 61935 61942 61921 61955 61944 61903 61945 61927 61924 61941 61911 36404 61925 61934 61916 61940 52847 61933 61961 61960 61901 61938 61932 61930 61910 61950 61912 61928 61904 61937 61906 61954 48751 54420 61902 61915 61936 61948 61922 57210 61908 61931
1283 14332 3271 55867
1284 62025 61997 61974 62021 61987 62010 62007 61993 62002 62016 44961 62003 62019 62011 61981 62004 62024 62008 61990 62005 61962 61988 62023 61986 54944 62014 62026 54449 61982 16631 61994 61983 452 61964 61977 61998 62009 5278 61995 61978 62000 61968 20129 61991 61975 62022 61999 16556 62006 61984 62018 62015 61971 61980 62020 61989 12715 61970 61996 61985 61979 62027 61969 61966
1285 62070 23474 62037 62048 54103 62059 62064 62044 62061 62035 20180 62032 62069 62028 5298 25848 62033 61145 473 62043 62031 62046 62073 31489 12198 62042 56722 62041 62036 25141 8292 62075 15820 62066 5741 39579 62038 62055 7129 62050 62047 53825 408 62072 28420 62052 62065 62040 62071 606 62030 62067 62062 62068 62056 19909 62039 62045 4529 62057 14851 62054 1726 40061 62029
1286 62080 62085 62089 62087 62090 62086 62083 34709 62079 62076 62088 62082
1287 62133 62138 62112 47246 62106 62131 62139 62105 12954 17245 1512 12479 62107 62116 62094 62123 62135 62114 62129 62130 62104 62125 39542 62136 1582 62096 62132 62126 62141 62111 62091 62109 62118 62098 62117 62119 46921 62128 29224 62120 62101 62124 62134 62095 62113 62121 62100 62137 62103 62110
1288 62182 62199 62152 23352 62183 62158 62161 23933 62167 62179 62204 62181 62151 62166 62191 62160 62193 62156 62180 62205 62164 62186 62202 62176 62168 62196 23332 62197 62153 62154 62159 62174 29118 53727 62155 62175 62148 62171 6224 62201 62147 62157 62149 62185 62144 11629 62198 62187 62172 62184 62192 62150 62195 62200 62194 62189 62173 62165
1289 62250 62256 62258 62208 62211 23411 62234 62240 62249 60991 62225 62247 62233 62242 62236 62257 62219 62232 62260 62230 62235 62255 19387 62226 62228 62251 62259 5831 62223 62227 62214 62246 62239 62207 62212 62215 62220 62245 62213 62224 62248 62221 62253 30358 1552 62243 62217 40398 62241 62254 19656
1290 62289 36494 62283 53380 62262 62299 17519 27713 10561 62306 62288 62275 62287 62263 62302 41945 62305 62274 62301 62277 62298 62266 62280 62300 62269 62296 62284 62290 62286 62295 62276 12935 1022 62304 62271 62282 62294 62297 4150 14231 62265 51115 62261 62272 62268 62270 62303 52293 62281 62273 54398
1291 44794 44790 51125 37711 44795 26296 52555
1292 62333 62311 62307 62309 34870 62328 62350 12421 62342 62355 62357 22184 62317 62318 62353 62330 62310 62338 1105 24219 11907 62347 62332 62329 62354 62313 46942 62348 62341 5277 62346 38948 62336 1295 62339 62349 8284 62312 47277 62322 62320 62308 62325 1091 62344 7162 62319 62340 62324 62345 2348 15161 61265 412 62343 62356 62321 50898
1293 62361 3436 62371 62376 62362 62365 62370 62358 62373 62369 62374 62360 1581 62375 62367 62366 62359 62368
1294 62424 62423 62407 62391 62346 62410 62414 62387 62417 62386 62389 62394 62402 62382 62408 62404 62399 62428 62384 47096 62380 62398 62390 62405 62412 62383 62419 62416 62385 62425 62379 14998 62422 62397 62421 62381 62413 62415 62426 62395 62406 62420 62401
1295 62451 62463 62446 62444 62467 62471 62429 62453 62462 62476 62464 62478 62437 62482 62445 62431 62466 62461 62440 62469 62455 62468 62459 62433 62434 62447 62452 62472 62480 62441 62442 62458 62448 62436 31584 27910 62474 62477 62456 62450 62439 62435 62457 62479
1296 62527 62483 62500 21825 62514 243 17303 20580 62516 62484 62494 62524 62525 62489 62486 13693 62497 62520 62502 62508 62533 62513 62498 62490 62493 20571 62515 62519 13942 7499 62485 3071 62528 62507 62522 62530 29635 62511 4421 62495 62526 1371 62523 8953 25964 62492 62496 62529 62491 62501 61876 6531 34463 62532 62517 62504 10724 62487 35397 62510 2571 41327 62521 62488
1297 5366 2866 62534 12666 29459 62549 55236 62550 62546 24227 62545 62541 62540 62539 5268 62548 62557 11217 62537 62565 62560 62535 62562 62563 62566 62561 52355 62551 62538 62552 62571 62555 62542 62564 62559 62567 62568 55365 62569 62553 62536 62558 596
1298 62573 62572
1299 62614 62625 62628 62593 47241 29341 62595 62589 62623 62616 62620 62621 60686 62610 62619 62608 62581 62577 62634 62574 62591 54402 62586 62631 24008 62626 62611 62592 62587 62597 62632 62627 62600 62607 62629 62599 62605 62575 62602 62596 62612 62604 22085 62584 62594 62590 62618 62630 25142 35899 62606 62624 62617 17304 62603 42005 62582
1300 62665 62649 62648 62664 62639 62674 62653 62683 62682 62660 62667 62655 62677 62681 62676 62669 62647 62688 62671 62663 62661 62659 62654 62678 28369 62658 62635 10497 62689 30525 22282 62637 62656 62680 62641 62657 62673 62687 62643 28014 62666 3229 62668 62651 62638 62646 62650 62684 62675
1301 62694 62697 62705 62700 62699 62703 3290 62696 50445 49781 8462 56444 62704 62708 62693 62706 62707 62690 62709 15167 62698 62691 9284
1302 62718 48073 17350 62736 62730 2480 62726 20796 62715 58352 21998 62728 62731 62748 62737 62721 62751 62727 27307 62724 62746 62729 59020 55673 62733 14378 62719 62741 62716 17503 62744 62742 62732 16109 22052 62755 62747 62712 62713 19637 12898 44969 62753 62711 62739 62710 16012 62743 62734 26381 62714 62725 12837 38739 62717 62735
1303 62782 62807 62763 62809 62760 62780 62799 62777 62793 62766 52166 62783 62792 5230 62813 62795 62775 22363 62770 62805 55060 62767 62765 62802 62772 62759 62789 52155 62800 62758 62787 62797 62771 62796 62811 41379 62784 28748 62786 62801 62794 62768 62773 62779 62812 62769 62764 7770 41385 62798 62774 62806 2204 62803 62778 62761
1304 34276 23 34277 37713 37 62817 62815 3775 3182 16801 16802 31082 40120 62816 34268 37045 43708 62818
1305 62824 62843 192 62823 62844 62836 7676 62830 62819 62835 62839 62828 11421 62837 52548 7682 62827 62821 62829 62841 4456 62825 21489 62820 62822 62845 16652 62840 62763 1357 25012 7669 62838
1306 62871 62866 62859 62861 62873 62848 62860 62854 62867 62863 62865 31475 62870 62849 62872 62850 62877 62875 62856 62847 62858 62864 62855 62851 62876 62853 62869 62874
1307 62883 62890 62896 62897 62893 62880 62887 62889 62895 62879 62886 62892 29099 62894 62888 62898 62878
1308 62923 62908 62902 62900 62920 62903 62922 62909 62928 62927 62925 62904 62935 62934 62933 62906 62932 62905 62907 62921 62929 62901 62913 62899 62926 62910 62918 62930 62912 62919
1309 62937 62938 62939 10894 13779 62977 62946 62991 62953 61972 62979 62956 62995 62958 62960 62967 2533 6353 62940 62942 62984 62961 62949 62737 62941 62985 62974 1703 62989 62962 45673 30072 62993 12086 2109 62994 62992 62981 62948 49959 62988 62947 62987 62936 62964 6791 62970 62945 62983 62957 62982 62950 19379 62976 7734 5632 62963 62944 62999 62998 62969 7502 62952 62966 62978 24407 62965 62971
1310 63036 63006 63021 63004 63008 63032 63002 1081 63001 63016 63030 63009 63031 63024 63034 63005 63017 1841 63015 63025 63022 8034 63023 63010 63019 63033 10473 63029 63007 22290 63020 38919 63014 63026 63003
1311 63066 63053 63074 63079 63043 54272 63069 63088 63054 57339 63080 50466 63068 63071 63052 63089 63050 63078 63056 63064 63037 63060 63062 38455 63041 63048 63090 63084 63047 63045 50455 63044 63046 57470 57318 63072 63085 30525 63076 34032 63087 63059 63081 63065 63040 63083 63049 63067 63055 63070 63061 63051
1312 63095 63135 63105 63137 63098 63125 63093 63123 63092 63132 63120 63119 63106 63129 63114 63117 63111 63100 63110 63102 19861 63096 63116 63126 63099 38437 63131 63112 9992 63109 63127 63121 63139 10490 63134 63128 63124 63104 63133 19617 63101 62849 63108 5585 63094 63118 63097
1313 63184 27684 63145 63182 63183 63156 63154 63193 63158 63172 63179 63163 63165 63149 63166 63141 63162 63170 63152 63191 63150 63160 63177 63164 63186 63188 63151 63187 63175 63190 63173 63159 36279 63180 63174 63143 63176 63153 63167 63178 63140 63144 63157 63161 63189 21892 63168
1314 38649 63198 63235 63224 52184 9510 63205 63233 63213 49904 63199 1285 221 63210 30014 30107 63196 63222 63214 63223 63201 63219 40408 3864 63221 63200 63216 63212 41387 7797 63231 63238 63208 5783 60024 62905 63226 63209 63217 33200 63218 63234 63207 63206 63232 63228 43269 63204 63195 63229 63211 23699 63227 63220 63202 22354 4751 5696 40762
1315 14332
1316 33516 63251 63248 37666 63253 63249 63242 63244 63246 49489 63245 63241 63250
1317 63254 63255
1318 63289 63312 63310 63305 63303 63309 63268 63315 63279 63260 53630 63317 63322 63271 63287 6341 9518 56409 51866 63295 3097 63320 3124 63278 63280 63283 63275 63304 63266 63277 63290 63301 20928 63272 48841 63256 63302 63323 60580 63284 63261 63319 63282 63308 52111 63300 63267 63263 63299 48438 63274 7854 63258 63276 63306 49143 63273 63314 63294 63307 63297 63311 63269 63321 63293 63262 63313 34231 63281
1319 63392 63342 63389 63385 63380 63359 63334 63350 63335 63386 63356 63378 63379 63382 63343 63351 63341 63353 63357 63332 63366 63333 63372 63345 63346 63376 63388 63387 63348 63355 63368 63339 63354 26914 63349 63340 63336 63338 46317 63361 63344 63347 63331 63360 63327 63365 63364 63329 63391 63326 63390 63373 63337 63369 63324 63381 63371 42860
1320 12898 63401 21980 21786 63397 63394 63398 63393 63395 62752 17902 63396
1321 63431 26861 63420 63436 63406 63424 7111 63408 63427 63413 63419 63435 54674 63433 63426 63428 12456 63434 63411 33402 63421 63439 63410 6699 62953 63422 14811 61610 63417 63412 63416 63429 1105 63407 63418 39616 63430 63425 63409 63402 63404 63414
1322 12975 63488 63462 10839 63455 63446 63478 63460 63482 3770 63480 63448 63471 63503 63474 63445 63495 35937 63466 63456 63461 63450 63485 63498 63481 240 63442 63457 63468 63496 63452 63501 35938 63489 63465 63447 63464 63483 63486 63467 63463 63490 8809 63476 63458 63484 63451 63449 63469 63443 63444 1971 63472 63502 63479 63499 63494 63491 63473 254
1323 21575 63547 63531 63512 63528 63504 63541 63507 63509 63555 63546 63520 63513 63523 63551 27765 63506 63508 63536 63548 63518 63542 63552 36770 63530 63535 63539 63521 56763 63543 63537 63517 63527 63553 63533 1582 63529 63554 63545 63519 63557 63525 63549 63538 23284 63540 63550 63505 63524
1324 63604 63578 63596 63611 63560 63587 63606 63608 63613 63580 63574 63603 63568 63567 63562 63581 63594 63565 63563 63561 63595 63607 63569 63609 63583 63591 63610 63605 63558 63582 63599 63571 63592 63584 63576 63559 63572 63602 63575 63570 63600 63593 63585 63573 63579
1325 63631 2866 63629 63649 6393 46455 1379 63645 6522 2872 63636 63620 13123 63634 63619 3864 10395 10131 30647 63643 63618 49036 16080 61139 4263 15173 63616 63626 10410 7353 2975 63642 12583 63627 25848 53481 63638 63624 63625 63648 4418 8797 63615 1931 50168 63647 55693 63623 63640 5683 10662 63646 9449 63630 9044 2727 8407 20129 12334 20006 44408 63633 4843 1703 15629 63632 63628 40087 63639 2831 2118 1707
1326 63670 63652 63663 63655 63677 63689 63676 63667 63681 63693 63678 63688 63683 63650 25426 63666 63669 63702 63680 63664 63658 63675 63695 63696 63673 63672 63656 63653 63684 63665 63668 63697 63662 63700 63651 63690 63694 63657 63659 35320 63679 63682 63661 63686
1327 63706 41878 63705 63704
1328 34289 34285 34268 3775
1329 63755 63709 63766 63735 52931 63770 63750 63745 63764 49099 63771 238 63767 63726 63721 63715 63756 63734 63744 63759 63738 63752 63723 52780 63754 63730 63731 63757 63740 8386 63747 63760 63722 63719 63778 63769 24562 5624 63710 63737 63725 63779 63768 63736 63749 63748 63717 31807 63780 63733 63761 63765 63714 63743 63732 63762 63753 63774 63751 63724 63772 63727 63716 63777
1330 63813 63790 63797 63843 63838 63807 63795 63785 63803 63821 63801 63839 19970 28214 63819 63832 63806 63815 63842 63840 63849 63783 63798 63811 63792 63826 63784 63788 63794 63841 63820 63823 63793 63836 63844 63804 58578 63824 63845 63825 63799 26409 63814 63831 63816 63800 63809 63848 63796 63846 63808 63818 63786 63835 22282 63822 63828 63781 63789 63787
1331 62612 44334 63860 33308 63856 63853 63851 63858 63857 63855 63852 63859
1332 63907 63883 63904 63905 52543 39245 63876 63887 63882 63867 48066 63868 63892 63874 63900 63894 63879 63862 63889 63906 63903 63911 63884 13739 63877 63863 63881 14138 63890 63897 63896 63908 63888 52597 63875 63865 63873 63898 63899 63869 21935 4325 63872 63870 63909 8749 10382 63901 63885 63891 63866 6623 63902 21488 63895
1333 63935 63950 63927 63914 63969 63976 63938 63955 63915 63953 63946 36130 63920 63930 49273 63933 63923 63944 63975 63919 63945 63974 63960 63913 63964 63949 63957 63941 63922 63931 63977 63967 63928 63937 63952 63968 63948 63936 63934 63963 63970 63939 63958 63932 63916 63956 33646 63966 63954 63917 14536 63965 63943 63942 63971 63962 63973
1334 64019 64006 63992 64039 63996 64018 63983 64008 64000 64035 64014 1137 64041 63995 64031 64016 64027 64043 64004 64007 63978 64032 64001 64017 64005 38850 63998 64037 63980 63986 63990 64024 63989 64021 63994 63993 64012 64015 59852 28139 64045 63982 8927 64038 64026 63999 64033 63981 63991 64002 12936 64028 17146 64010 64036 63997 64030 63979 63988 64025 64003 63985
1335 64048 966 64049
1336 64066 49555 64054 4714 58147 64069 1160 64059 64068 3669 64067 39167 64062 15797 64070 64053 47151 64063 12477 8034 64065 64050 64055 64061 14757 64060 64052 64058 36567 64057 64064 64051
1337 64093 64130 64127 64074 64131 64109 64092 64087 64104 64086 64097 64136 64078 64072 64123 64079 64101 64090 64134 64099 64132 64095 64106 64116 64114 64085 64098 64140 25608 64081 64133 64119 64108 64118 64111 64083 64096 64102 64135 64129 64084 64073 64076 64124 64113 64075 64082 64103 35197 64117 64121 64138 64122 64110 64137 64100 64091
1338 64169 64177 64141 64182 64171 61233 64153 64208 64184 64186 64152 64190 64183 64206 64142 64146 64165 64191 64155 64162 64175 64193 64160 64201 64147 64189 64204 64145 64196 64181 64159 64210 64166 64185 64179 64200 64207 31435 64156 64149 64172 64202 64144 64151 64205 64168 34831 64157 64176 64173 64187 64203 64150 64194 61127 64188 64154 64192 64199 64164
1339 64217 64244 64229 64240 64222 44495 64219 64238 39810 4174 26155 64216 7406 4487 64251 64249 64232 52662 64212 64214 64234 64237 64230 64223 64241 64218 64213 64211 64224 64242 19855 12913 64246 5123 27100 61560 64225 17447 26762 64220 54762 64227 64231 26783 14519 64253 64245 31544 64250 17223 64221 64247 26310 64248 64236 64243 64233 5965
1340 64283 60546 11628 64280 64274 16966 64271 4290 64257 64270 64256 64259 32205 14784 64264 33631 64281 1971 64267 64258 64273 11375 30768 14588 14205 64269 17947 64286 64265 64276 64263 64275 64279 64255 2329 64268 64277 15007 64261 64260 12963 1582 64266
1341 64289 64317 64288 64298 64292 64309 64313 64315 64308 64297 7754 64307 38142 64290 64295 64306 64302 64305 64312 43664 64318 53365 64287 64291 64310 64304 64301 64314 64296 64293 64300
1342 60072 64322 64330 64329 64328 64325 64331 64332 64323 64326 64333
1343 55382
1344 34383 64389 64385 9868 23026 64370 64383 64356 64382 64386 56414 19614 16012 64381 64379 64384 64372 64352 64371 64353 64339 34370 64380 64359 64338 64367 64375 64334 64335 64378 64342 64387 64362 64336 64357 43715 64351 64346 64369 64345 19845 64374 64373 1581 64340 64350 64349 64354 64348 59361 64347 53293 64363 64388 64365 64376
1345 64396 64432 27583 27560 64394 64411 33418 64404 64422 64424 64418 64403 64443 64405 64397 8634 64401 15278 64417 64414 64392 4758 64407 64395 15268 64390 7596 64440 64437 11343 64425 64400 64419 8662 64435 3858 64439 64428 8533 18135 64409 8644 64431 64423 64420 29716 8504 64421 64438 8667 64434 47730 64399 64415 64426 64416 64444 64433 64441 64408 64430
1346 64467 6401 52181 64466 64445 64461 64456 64454 4999 64473 64448 64462 64465 13503 40419 64447 64471 64458 64468 64446 64450 64452 24272 64464 52187 63655 64457 64463 64469
1347 64498 64514 64478 64476 64538 64529 64539 64517 64549 64503 64505 64543 64495 64535 64508 64482 64501 64542 64475 64499 64485 64528 64521 64550 3738 64519 64487 64484 64480 64540 64513 64520 64496 64511 64504 64518 64493 64491 64490 64533 64477 64515 64524 64534 64506 64510 64494 64522 64486 64536 64507 64497 64479 64547 64481 64526 64492 64500 64548 64546 64488 64525 64530
1348 64556 64579 64576 168 64561 64577 21481 64560 64554 64555 64573 64566 64565 64559 37534 2205 4793 64557 1357 64568 64580 64574 2676 13751 45548 64552 64558 64562 64575 64567 64553 64563 64564 17860
1349 64643 64608 64616 64638 58405 64604 64618 64582 64623 64605 64593 64641 64619 5055 64613 32284 64644 64629 64628 64645 64609 64635 64603 64597 64634 64612 64595 64606 64592 64621 64590 64647 64630 64589 64622 64633 64632 64585 64614 28139 64617 64640 64637 64583 64624 64586 64620 64639 64625 64601 64611 64581 64631 64642 1971 64626 64600 64615 64646 64591
1350 64685 64672 64661 64669 64668 64660 64658 64675 64677 64663 64674 64667 64666 64676 64671 64653 64687 64683 62513 64655 64657 64670 64652 64656 64681 64665 64649 64678 2866 64651 64673 64664 434 64654
1351 64692 64691 64695 54760 64696 64690 64693 64702 64701 64698 64694 64697 64700 64689
1352 64720 64721 64715 64711 64708 64723 64717 64709 64713 64710 64734 64736 64707 64728 64724 64731 64725 64722 64727 64737 64732 64718 64729 64719 64714 64730
1353 64783 64751 64782 64767 64780 49815 64738 64744 24827 64740 64765 64788 27761 64763 19659 64747 64793 64741 17304 8294 64786 64752 64778 64768 64758 64753 34405 64777 64748 64774 64745 64776 53169 64791 30486 64743 64775 14603 62293 49799 64784 64764 64761 64785 64794 9880 64779 64766 64750 64742 64770 64754 17449 64755 64769 36494 64759 64789 64792 7369 64760
1354 64806 64812 64819 64814 64829 64816 64836 64837 64817 64830 64801 64828 64823 64825 64802 64805 64827 64815 64835 43861 64807 64826 64831 64798 64809 64803 64832 64810 64822 64818 22590 64808 64833
1355 64896 64875 64904 64859 64866 64890 64854 64880 64897 64871 64901 64891 64886 64903 64851 64853 64877 64892 64861 64860 64841 64852 64867 64889 64848 64844 64876 64865 64864 64888 64900 64898 64879 64846 64839 39448 31392 64843 64842 64902 64849 64850 64855 50537 64840 64899 64857 64878 64883 64884 64869 64863 64856 63931 64858 64887 60213 64847 64893
1356 64938 64951 64929 19546 7938 2586 13077 25253 64928 64940 64912 64906 64923 64930 64915 64936 64949 33777 64921 13751 7903 64905 64946 17269 64917 64937 64911 64935 51136 64932 4488 64913 64931 64941 23955 64947 64943 64925 17278 23400 64924 23956 64918 64934 2570 64927 64909 64926 64948 64908 64916 17039 38444 64939 2585 64920
1357 64979 64984 64960 64964 64971 64963 64999 64996 64967 64983 64997 15797 64987 64981 64994 64995 64975 64962 7988 64982 64965 64993 64976 64990 64966 64955 64961 39841 64959 64952 64980 64978 13124 64991 64958 64968 64989 64956 64986 64992 64953 64998 19551
1358 65010 65035 65005 65018 65039 65036 65012 65024 8890 24363 65017 65028 65008 65002 65011 63233 65049 15034 65029 65038 65042 65016 65027 18359 65040 65000 43472 65046 65043 65045 65004 65019 65007 65037 65030 14265 65025 65015 65001 65044 65020 65013 65034 65014 65021 65022 65047
1359 65097 65075 65102 65112 65099 65091 65066 65050 65072 65092 65058 65103 65055 65052 65124 65126 65125 65068 65081 65065 65116 31688 60774 58938 65127 65083 65123 59536 65061 65113 65104 65078 65110 65060 65080 65089 65090 65107 65128 65111 65095 36208 65069 65077 65096 65101 65088 65082 65053 65070 65059 65114 30219 65122 65120 65117 65067 65094 65076 65118 65121 64196 65071 65085 65056 59246 65084 65057 53779 65106 65098 36205 65054
1360 65157 28714 28701 28716 65130 65156 33010 28722 65145 65138 7632 65137 28687 65161 34644 65141 65172 34648 65171 65164 65136 65155 65139 28680 59246 65149 33035 65146 24105 28703 65150 28705 65135 65169 65160 31816 52258 65165 28677 65143 6031 7355 65142 65147 28702 65152 65148 28695 65153 12518 65133 17494 51269 65134 65162 30647 65167 65166 49451 3436
1361 65190 65185 65215 65219 65177 65176 31780 65226 65237 49024 65173 65196 65198 65193 65206 65213 65188 65200 65189 65187 65211 37268 65183 65229 65225 65228 65194 65191 65184 65230 65221 65203 65202 65214 65174 65231 65186 65197 65201 65208 65216 65227 65192 65199 65220 65178 65236 65204 65222 65232 65179 65205 65224 65209 65212
1362 17368 5717 65239 65238 64140 53380
1363 7504 21618 58819 65288 65249 65276 52389 65273 65256 65255 65241 59778 65272 65258 65254 65260 65279 65274 65284 65252 65270 12176 65275 65281 65282 65244 65287 65267 65261 65246 65243 65248 7860 65266 22148 23428 65259 65280 987 65263 65265 65247 65278 65286 65268 65242 65264 65245
1364 65334 65303 65322 55536 65305 65294 65293 60788 65340 65341 65335 47662 55215 65321 65307 65332 65295 65320 58424 65324 65330 29371 65290 65301 65338 26400 65308 65292 24624 65318 22858 65325 65312 65291 4366 65339 65300 65309 921 44461 9251 65313 65333 65336 35207 65296 19203 65337 10497 65304 65331 65311 65317 65326 65319 65299 65323 65327 65315 16540 65289
1365 65358 65369 65357 65366 65393 24455 65343 13551 16349 3102 18029 65386 65385 4284 65380 65354 65353 65367 65384 65368 65377 65372 65376 36296 65379 28338 48398 53876 65364 65374 65346 65371 51975 65361 3416 3864 65395 65387 65359 65390 65381 65365 3484 7704 14751 65388 52820 65383 52314 65362 65370 219 65391 65351 55693 10410 65355 65352 51604 65378 65349 16192 9069 14632 65382 65348 65345
1366 65421 65407 59523 4494 17350 65402 12978 22019 65430 65445 4830 65442 65413 65448 3935 65417 60332 39537 65425 20234 65431 2341 64349 65397 65418 65411 65409 65423 17420 65428 26026 65412 4193 65439 7506 65437 65396 16007 34373 65420 23918 65405 65443 4212 2035 65446 57437 65408 65433 65403 65438 65399 65401 65444 65429 65432 65447 46792 65426 65414 65440 65422 65398 65450 23930 34756 65410
1367 10395 65501 8604 65474 62239 65469 65476 65451 65458 65453 243 65495 65464 65480 65460 65457 65484 65471 65463 65470 65466 65478 22990 65473 264 65494 65472 65468 36338 65483 65487 65454 65491 65456 65485 65493 65459 65489 8392 65461 65462 65479 65455 65492 16146 65482 65499 18339 65488 15790 65490 16089
1368 65548 65518 65512 65540 65566 65510 65562 65542 65508 9550 65534 65545 65530 65515 65551 65559 65546 13681 65507 65503 65525 65555 65532 65523 65516 65564 65506 65549 65509 65541 65543 65544 65539 53114 65522 65557 65552 9551 65505 65536 65550 65553 7806 65529 65526 65527 65554 65502 65513 11064 65531 65556 65521 65517 65547 65528 65535 65565
1369 65573 65593 65572 65575 65570 65579 65581 44348 65571 65584 65586 65567 65568 65595 65594 65589 65599 33308 65578 65598 65574 65590 24066 65587 4227 34291 65569 65591 9877 65580 9868 65583
1370 65636 65610 65637 65605 23627 65618 65646 9646 65633 65650 1920 65621 65631 6393 65630 5715 65643 24431 65626 44637 65608 65629 65615 5310 24486 15227 65613 16720 1377 65632 65607 65638 65648 2533 65611 8719 65620 65624 65622 65649 29787 65603 3720 57279 65639 65640 65617 65635 65628 65627 65623 65612 65641 12461 65647 65601 29822 65625 5283 65602 56410 65609 65619 65642
1371 11559 65666 65677 65678 65685 65655 8273 32492 65669 65661 65681 65671 65656 46744 65674 65665 65689 65673 65670 65663 65660 2316 65688 14210 65662 65668 26257 65652 65651 65672 9044 65664 65686 36568 28307 65654 65683 65653 2533 65684 65682 65667
1372 65726 65760 65723 65729 65727 65720 65725 65735 65719 65714 52759 65736 65699 65718 12146 65741 65748 65738 65710 65747 65701 5713 65746 65762 65740 65707 65692 65751 65752 65708 65721 7275 65743 65698 54429 65755 65737 65717 65695 65705 65759 65753 65732 65734 65756 65697 65709 65758 65728 65744 5123 65754 65706 29715 65739 2058 65716 65702 65711 65724 65722 65757 65691 65704 20348 65750
1373 65764 6249 65765 8702
1374 65771 65793 65780 31111 46088 65790 65805 47102 65786 8412 2275 65800 2503 65775 46093 65798 65767 65791 7197 54423 65788 65776 65797 65772 65768 65773 65799 65774 65782 31114 65769 65802 48644 65787 65784 65783 61876 18400 65778 21263 22862 36758 65779 43607 65777 8418 65781 65789 43606 64650 24092 32695
1375 65858 65861 64875 65865 65831 10751 65824 53793 65855 65857 65830 55718 65869 65808 65835 65864 65840 65847 65825 65818 65866 65823 65850 65819 65817 44480 65859 65851 65856 65846 65870 23933 54734 65854 26409 46523 65821 65848 65838 65845 65844 65809 65863 38860 65810 65842 65862 65834 65867 65843 65816 65833 65820 52293 65837 65814 65853 65852 65822 65815 65826
1376 65898 65899 65888 65872 65874 65885 65876 65895 65891 65879 65893 65886 65890 65900 65878 65881 65871 65875 65892 31254 65887 65897 65877 65884
1377 65901 65929 65913 65928 65921 65915 65907 65914 65923 65935 65904 65919 65926 65908 65912 65933 65924 50300 49252 65930 65925 65927 65918 56869 65916 50286 65911 65932 65917 55317 65934 65902 65909
1378 65948 65965 65951 11717 65956 65942 65984 36361 65938 65945 17412 65944 65946 65961 65949 65947 65958 65962 65941 65943 65980 65950 65973 65966 65972 65977 65967 65974 65955 65975 65970 65976 65952 65957 65963 65982 65988 65969 59132 65979 65968 65953 65964 65960
1379 66041 66004 66035 66043 66045 65571 65253 65991 66022 66002 23026 65999 65993 66026 65996 66003 66023 63536 66028 66032 65995 66018 66033 66006 66001 66040 66021 66011 66014 66042 66025 20479 66024 66039 66005 66020 66000 65992 65998 66012 66019 66015 66008 66016 66037 65997 66029 66044 66046 66034
1380 66047 66051 66048 66050
1381 66099 66093 30102 22187 66100 66098 66068 66084 66076 66088 56203 66057 39172 66078 66058 1971 66059 12484 66064 66060 66055 51244 66075 66072 66087 66091 66094 66077 66071 18769 66067 29711 66092 66074 9164 22720 10017 1377 66079 66086 66097 66069 31295 23561 45032 66066 66062 66070 66096 66056 8702 5895 66063 66089 66085 66061 34994 62503 53468 1538 66081 3429 26150 66073 2866
1382 66138 66136 66132 66146 6142 66141 4487 66103 66144 66143 20481 47392 66110 66162 66107 66134 66156 66148 66153 66122 66135 66142 66124 66160 39224 66157 66119 66137 66149 66128 66133 66114 66131 66150 66111 66105 66120 66161 66117 66151 66130 66129 66113 66145 33370 66126 66112 66102 66159 66116 66155 66158 25110 66139 66108 66140 66109 66118 66101
1383 66206 66207 66181 66196 66223 66224 66212 66198 66209 66192 66213 66188 66167 66171 66193 38852 36200 66217 66202 14455 66185 66201 66200 66179 66169 66168 66180 66220 66211 66178 66189 66172 66222 66176 66177 66183 66166 66187 66203 66195 66190 66186 31411 52482 66184 66216 66221 66175 66194 66182 66191 66197 66163 66214 66205
1384 66294 66229 66261 66287 66277 66247 66240 66230 54020 66227 66273 66266 66290 66289 66269 66258 66257 66263 66296 66272 66291 66288 66260 66275 66271 66245 66241 66232 66284 66286 66237 66233 66280 66234 66265 66235 66253 66238 66281 66255 66242 66283 66248 66264 66278 66285 66256 66274 66250 66270 66244 66267 66268 66246 66262 66254 66249 66259 66279 45650
1385 66325 66305 66329 66337 66318 66315 66298 66025 66309 66323 66328 66299 66326 66307 66331 66332 66335 66301 10352 66308 66334 66327 66311 52844 66333 66314 66319 66322 66310 66336 66320 66324 66297 66 66300 66321
1386 66342 66338 66343 14185 66340 7865 66341
1387 66350 66345 33307 41838 29766 66352 66349 66344 66348 66351 43223 66347
1388 66355 66415 66408 66381 3949 36779 66412 66356 4201 66388 11587 66399 65135 66398 66370 25241 66369 66360 66409 66378 66361 56026 11534 66401 66363 66417 66379 66406 66396 66362 66375 66410 66382 66413 52293 54350 66390 66403 66358 66402 24037 66387 66371 66392 17505 58415 66365 66364 66395 18232 66376 38723 66405 66397 66357 61562 66367 66400 66411 66383 12981 66391 20535 66374 66380 66393 53860 66373 66416 66414 66377 66384
1389 66453 56083 14455 66463 66466 66450 66423 66478 66419 66449 66421 66432 4154 66434 66433 66441 66468 66462 59576 66454 66429 66471 66455 66470 66442 66428 66461 66465 66430 38007 66473 66440 47269 66446 66448 66451 66435 66420 66474 66477 66457 14486 66444 66475 66388 53390 66424 66476 66445 66458 66460 66443 66436 66438 66456 66422
1390 66486 66479 66497 66483 66492 66488 66480 66484 26907 66493 50315 66487 66496 66491 66494 66489 66481 66482 66498 66485 36231 34913
1391 66518 16182 19187 66545 5664 16220 66516 66504 66549 66513 66522 66515 66527 48704 66532 66530 66544 66524 66539 3335 66548 5896 66511 16146 58677 66538 6543 66542 66537 66502 66547 66507 66508 66521 3864 66506 66552 66551 66540 66541 66517 66525 42573 1232 66529 66550 66533 66543 61331 66534 66520 66526 66528
1392 66601 66596 66583 66600 66557 66592 41725 66603 66570 66608 33666 66567 66562 66578 66590 42916 66561 66595 66572 66566 66598 66563 66575 66579 66555 2781 66589 66569 17073 66607 66560 66610 66553 66582 66565 66588 66585 66580 66599 66586 66593 66576 66594 66606 66571 66577 54095 66605 66612 66584 9276 7092 28087 66591 66564 66568
1393 66619 9089 43947 24627 66655 32276 66622 66650 66680 66631 66648 57622 66681 66665 66614 66676 66671 66630 66618 2068 66654 66642 66616 66625 66664 66652 66677 12285 39042 66634 66627 66617 66623 8773 66649 66643 66644 5676 66645 66651 66646 66641 66674 66673 66638 66666 29610 66679 66658 66672 66624 62624 66621 66633 66656 25848 66615 66669 66660 66613 66661 66668 66678 66662 66670 66659 66620 12713 66640 66628
1394 66748 66751 66733 66710 66235 66696 66713 66741 66749 66705 66703 66736 66697 66745 66735 66724 66707 66717 66715 66686 66734 66725 66691 66747 66702 66739 66712 66719 66738 66720 66750 12271 66722 66732 66742 66683 66685 66704 66688 66699 434 66694 66740 66723 66701 66726 815 66689 66698 66721 66730 66729 66706 66743 66682 66727 66718 66731 66687 66714 66684 66753 66709
1395 66791 66770 66771 66769 66763 66764 32776 5366 52316 66792 66761 66799 66790 19597 66784 66758 66755 66772 66787 11177 66795 66754 66760 66778 66762 66779 66782 66757 66804 66783 66802 21292 66759 66803 66794 30608 66798 66773 66785 66766 588 66805 28456 66774 66768 9056 5069 24978 66781 66793 66788 66780 66796
1396 66807 66806
1397 66838 66812 23937 39151 5587 31222 66856 66850 12177 66861 66825 66863 66864 66839 66835 66845 66832 46828 66858 66853 29437 66848 66849 66860 66828 66854 66841 66837 66829 66817 66810 66813 66855 21880 66836 66822 66846 66811 66821 66809 66865 66409 66819 12012 66816 66847 66830 66844 66852 66857 66831 66859 66826 66818
1398 25087 46893 66894 11265 66878 66867 66886 66891 66900 66884 38423 66903 66887 66882 66896 66881 66890 66899 21584 66895 45975 66902 66897 30848 66872 66898 66875 66870 21804 66906 66868 66874 66866 66879 7429 66889 66880 66888 22660 45976 66873 66892 39092 66893 66869 1097 58979
1399 66920 40298 29241 66909 66914 2475 38404 66907 66916 36010 66922 66924 66908 66917 66925 66915 66918 66921 66911 66913
1400 66926
1401 66957 66933 66954 66932 66947 66934 16777 23408 66948 66939 66938 66928 66956 66935 66943 45751 66952 66927 66949 23263 66940 66955 66951 66941 66937 66930 66953 66950
1402 22208 66960 66976 66973 17139 66972 66958 66981 19502 16268 37775 66966 66967 66969 66977 66974 66975 66980 66979 66971 66962 39616 66970 66978 66964 20804 66965 66968 4758 5231
1403 67001 67003 66998 66988 3429 66992 67049 67016 66999 66995 67042 67000 66994 67046 67014 67006 67010 67011 67034 67020 67031 67044 60899 66997 67045 67022 37090 67005 67026 67047 50159 67053 67029 67035 67025 67040 67024 7092 67037 67008 66985 67027 67023 67039 66991 67019 67018 66986 67021 50146 66989 67013 10457 50138 67052 67048 66984 66983 67033 66990 67004 67055 5325 67002 28748 3660 67032
1404 65648 48455 67073 67103 67096 17903 17885 67079 67083 67075 67094 67071 67100 67091 3780 67074 67086 67092 67067 30203 67088 67062 67097 67099 67058 67077 64673 67068 30132 67061 67057 67059 49525 58673 1703 67063 9532 67078 67082 67104 67070 67064 67076 67101 67089 17887 67060 67095 10066 67056 67080 67065 51980 67090 67106 67093 238
1405 29526 67124 67141 67136 67113 67134 67162 67115 67145 67129 67168 67127 43963 27961 67164 67130 67108 56225 3270 67132 67155 67126 67153 67167 67154 67128 67149 67143 14231 67120 67137 67123 67111 67139 67163 67118 14332 67119 67161 3263 67152 67158 67117 67165 67109 26762 67144 67122 67148 67131 67147 67160 37038 67159 67110 67150 24444 67146 67142 47241 67140 67112
1406 67203 67219 67216 67209 67184 67207 65519 67218 67175 53113 67188 67180 13648 67192 67181 67174 67189 67222 32360 67206 67171 67183 67210 67202 67199 19114 9811 67195 65509 13662 67201 67176 67197 67198 13661 67186 13644 3484 67215 67194 67191 67208 13639 67217 67179 67211 13544 67205 67185 67178 67169 67193 2828 67224 67220 67170 67172 26714 67173 67212 13663 67200 67190 67196
1407 67288 67291 67289 67241 67265 67230 67292 67232 67263 67233 67252 9979 67293 67280 67258 67270 67253 67283 67244 67274 67266 67243 67249 67234 67284 67228 17411 67281 67257 67262 38843 67255 67254 67286 67250 67279 67248 67260 67231 67226 67275 67245 67247 67236 67267 67268 67277 67251 10396 67225 67272 67264 67256 67271 67282 67240 67276 67285 67269 67246
1408 67301 67323 67322 67307 2899 67324 67302 154 67314 67325 67328 39809 4504 67336 23335 67332 23337 67316 11564 39075 67337 67335 67315 14210 67320 67306 67305 185 67338 64230 23331 38142 5574 67312 67333 30730 2345 3932 23330 156 67318 67319 67327 67300 157 67297 67309 138 30722 67313 67304 67321 7506 67310 67329 11629 67317
1409 67340 64352 9867
1410 67361 67359 29224 67358 16101 24805 67364 4329 2982 3412 5668 67373 67345 67344 67346 67347 1022 67355 67365 67379 67366 67362 67350 67386 67342 36494 67363 67343 38031 67354 23063 67371 67377 26227 20599 67367 17519 54236 67374 67351 67375 45141 67370 67368 67390 50234 67383 67369 30125 4194 28247 67392 67380 15234 67391 67349 67352 28305 67348 67372 3175 67387 67388 67393 67376 43547
1411 37713 33308 56233 67397 27766 6847 67395 29341 40881 67399 62125 4113 67398 67394 67402 67401
1412 30513 1821 67424 67408 67404 67425 67432 67409 67407 67428 67406 54261 57323 67436 67419 67412 58632 67422 67403 67433 67435 67434 67410 67420 34105 67427 67415 67414 50407 67440 67421 67418 14859 67429 67411 67439 67405 67426 36245
1413 67492 67472 67482 67483 67448 36716 67460 67487 67489 67464 67490 67465 6048 67455 67461 67451 67441 67469 67447 67468 67491 67454 67445 67478 67476 67456 67475 6740 67473 67458 67467 67485 67442 67480 3784 67495 67466 67463 67484 67488 67470 67459 67462 67452 67449 67457 67450 67446
1414 67538 67502 67522 67512 67535 3286 36199 67519 67554 67525 67514 67539 3290 36198 67553 67498 67557 67524 14591 12364 67556 67518 67536 67531 67549 67532 4865 21880 67544 67503 67496 67529 67555 67515 67507 67537 67527 67499 67511 67504 65153 67497 21271 67548 67508 67551 67501 36938 8463 67506 67509 67523 67552 67540 67541 35691 13124 67521 67505 34822 6060 44190 67513 67516 67550 67500 67533 67545 67510 35714
1415 67614 67589 60699 67574 67570 67595 67572 67577 67616 67626 67562 67602 67610 67591 67608 67617 67590 67609 67593 67628 67633 67631 67578 67579 67560 67605 67606 67594 67573 67627 67625 67621 67586 67603 67592 67615 67620 67612 67619 67596 67607 67571 67583 67632 67613 67597 67584 67585 67559 67611 67561 67635 67629 67575 67566 67622 67568 67565 67567 67634 67564 67563 67599 67580 67623
1416 67657 16543 67655 67663 19945 67665 47926 46508 67662 67649 1217 67651 67638 67659 67643 67652 67646 67656 67647 67648 67664 67637 67653 67636 67658 67639 67640 50405 35788 67661 46507 12516 67642 67654
1417 67690 67688 67676 67689 67673 67670 67668 67669 67691 67683 67682 67678 67680 67675 67666 67681 67687 67677 67685 67686
1418 16094 67737 67735 67697 67728 67720 15374 67709 14665 41359 67722 67744 67724 5232 67726 67723 67736 67706 1160 17142 67712 907 67694 67698 67703 8407 67707 67714 15227 27619 67716 67731 10074 67711 47053 67745 22229 67730 30163 67740 67719 916 67695 67743 67702 8720 46689 67725 4334 67739 67710 22518 67742 34214 67733 67729 67718 67704 67734 67693 67705 67747 67708 7210 67696 67741
1419 67804 4299 67796 67776 67751 67815 67811 67758 67782 67813 67795 67762 67818 56891 67797 67755 67749 57763 67793 67783 56899 67768 67779 67753 67770 67750 16741 67812 67810 67808 67794 67817 67759 67789 67765 67798 67771 67805 25537 57749 67787 67786 67766 67806 67756 67791 67778 49934 67767 67788 67809 67814 67784 32282 67760 67757 67781 67790 16203 67820 67819 67799 67816 67774 67775 49704 67773 67785 67761
1420 67839 8418 25496 18872 19077 22501 30165 67825 67840 67826 67831 6774 67859 67871 3665 67835 17978 67844 67867 25594 67865 67843 12555 67870 3503 67824 67856 67860 51025 67849 57348 67834 67832 67836 67863 47007 67845 67855 61602 67848 10004 57952 67866 67838 67868 67828 67823 67822 67864 67829 67850 32943 66771 67827 6501 67837 8381 18447 67853 6935
1421 67875 67944 67935 67880 67943 67902 67892 67939 67912 67911 67921 67928 67876 67929 67900 67905 67934 67917 67920 67882 67931 67908 67923 67947 67913 67894 67895 67899 67891 67883 67906 67884 67896 67886 67888 67910 48331 67918 67872 67907 67937 67873 67898 67915 67879 67916 67897 67881 67936 67942 67927 67919 67924 67903 67946 67914 67948 67887 67889 67922 67874 67890 67885
1422 67989 36432 67969 68003 67960 6612 3774 67975 67950 67968 67982 67965 67959 67952 10044 67951 67955 28472 10074 67966 67998 62900 67958 62513 67984 67971 19090 67979 67986 67976 67977 68002 67991 67964 67993 25563 67992 43265 67972 67988 67985 18339 67962 57511 67996 67963 7415 67994 4358 67999 67997 67967 67978 55966 67973 67956 67961 28330 67953
1423 68012 1660 68030 68021 68020 68010 68036 68024 68008 50514 68011 68027 68007 41057 68035 68009 68031 68028 68013 68026 68019 68034 68029 68005 849 68032 68015 68014
1424 68076 68059 68053 7641 68048 68054 68079 68060 68063 68043 68051 68068 68064 68057 68050 68075 68039 68037 68065 68066 14536 68080 54837 68069 68040 68058 68045 68047 68070 24159 68046 68077 62053 68061 68071 68049 48067 68052 68042 68078 68038 38630 68074 68041
1425 38169 68104 68096 68088 68110 68116 68113 68094 68090 68082 68091 68124 68081 68128 68117 42655 68126 5577 68130 68100 19845 68101 32541 61566 68098 39539 46011 68103 19624 14455 8030 68115 68119 68127 68129 68125 68087 68092 68083 68112 68086 68085 68106 68131 68123 19640 68109 68114 68122 68095 68118 68102 68120 8180 47437
1426 27761 68136 14205 68135 17230 68142 68134 8464 26867 68141 32922 68144 4154 68137 68143 68132 47372 31822 68133 32921
1427 68191 68166 68160 68167 34382 68181 68186 30723 2581 68174 68161 68153 3558 68177 68171 68195 53940 64916 68159 68164 68172 68150 68189 68184 20515 68182 68156 68175 68179 68196 68176 68146 68194 15111 68173 9992 68169 68190 68151 68145 68155 68193 68163 68157 68162 68170 68147 68154 34792 68188
1428 68205 58819 68236 68238 68214 68227 68233 68224 68232 68208 68206 68234 68219 19643 68217 68210 68229 68213 68198 68235 68203 68239 68207 23393 68226 68211 68240 68230 53894 68228 68221 33798 68199 68215 68201 68197 68202 68200 68231 68216
1429 68287 68245 68285 68297 68273 68291 68303 68298 68251 53465 59829 4789 68279 68243 68278 68275 68307 9948 68281 68265 34097 68277 68248 68301 68299 68272 68264 68270 68268 68300 6041 2279 68295 68258 68250 68254 68267 68294 33969 68262 68274 68280 54775 68288 68271 68259 68247 68283 68257 68255 68253 68266 68276 68263 68284 68244 68282 68269 68286 68292 68256 68290 68252
1430 68316 68361 68363 68369 68385 68344 68311 64935 68351 68335 68312 68328 68314 68372 37925 68370 68337 68349 68378 68345 68348 68356 68366 68350 68321 68384 4830 68315 68325 68365 8900 68364 68367 68375 68333 68392 68374 68371 68339 68338 68313 68382 68343 68380 68334 3058 68357 68347 68387 68352 68379 68342 68326 68346 68360 68355 68324 68319 68341 68373 68376 68377 68323 68322 68390 68331 68336 68358 68330 68391 68389 68386
1431 68437 68416 68426 68401 68417 68432 68393 68397 68435 68395 68436 68427 68404 68407 68429 68394 68415 28245 68409 68405 68438 68396 68423 1137 68408 68431 68411 68419 68402 68412 68434 68430 68413 68418 68414 68400 68428 68403 68424
1432 68450 68462 68464 68467 68443 50517 26401 68475 68463 68474 68448 68459 52588 68444 68455 68465 68442 68471 68456 24967 68476 596 13803 17901 68468 68452 2205 68466 68440 68453 6172 68460 68447 24992 68461 68458 68472 68473 68446 51779
1433 68486 68547 68498 68533 68534 68504 68512 23720 68535 68515 68511 68525 68505 68499 68482 68487 68485 68517 68524 68519 19379 68522 68481 68520 68493 68529 68541 68489 68523 68507 68479 68492 68496 68514 68542 68518 68503 68536 68513 68490 68477 68528 68494 68527 68546 68500 68508 68538 68537 68516 68506 68510 68530 68509 68545 68543 68526 68532 68531 68544
1434 68585 68594 68567 68604 67914 68580 68579 68566 68568 68595 68551 68609 68606 68571 68548 35198 68599 68597 68561 68555 68553 68581 68564 68569 68618 68615 68573 36649 68610 68608 68552 68575 68605 68588 68562 68556 68582 68592 68614 68616 68598 17167 68611 68563 68557 68619 68584 68613 68558 68549 68600 68586 68596 68574 68550 68578 68589 68554 68602 68590 68572
1435 68620 16751 16752 68624 16753 68621 68623
1436 68625 68659 68666 68671 68652 68657 22604 68641 68639 68648 68664 68626 68674 68636 68651 68662 68628 68677 68660 68669 68637 68640 68650 68649 68638 68631 68658 68661 68656 68643 68655 68675 68634 68632 68633 68654 68642 68663 68635 68627 68667 68670 68676 68653 68646
1437 68686 8707 18660 68707 8434 68688 68697 406 68699 68712 68711 68685 68703 68683 68720 68695 15983 4358 68729 7031 26638 68702 5123 1399 68705 68730 68721 68682 68696 68709 68681 68706 3774 1703 3720 68713 68716 68728 3640 219 20599 6024 243 68684 68724 68727 68690 68710 7855 10262 68718 9250 205 68723 68700 68725 68694 68701 68687 68714 30145 68704 18340
1438 68744 68736 3122 68743 68740 68747 68739 68742 68745 20563 68732 15968 3111 15441 68734 68738 68733 68731 26220 68746 68741 54570 68735 1707
1439 46251 68790 68768 68796 68757 68750 68772 68815 68794 68783 68809 68789 68819 68754 68800 68822 68788 68797 68813 68773 68761 68778 68784 68814 68780 68755 25343 68807 68810 68764 68795 68791 68793 68806 68821 68770 68820 68760 68808 68758 68782 68762 68811 68769 68804 68803 68779 68802 68787 68799 68771 68753 68766 68798 68765 68759 68751 68752 68817 68777
1440 68881 68835 68833 35236 68844 68864 68847 68874 68839 68850 68848 68827 68877 68831 1998 68861 9848 68872 68840 52700 68852 68867 9449 68887 68858 2403 68837 68825 68829 68863 1379 68849 29717 520 68883 68873 68885 68884 68834 514 68832 68824 68855 68870 68842 68854 68843 68856 5932 8887 68876 7275 68862 68845 68875 1366 8731 68879 4479 47159 68865 68826 68836 68857 68868 68866 68880 2708 68860 6169 68846
1441 68900 68922 68942 68914 68901 68927 68933 68917 68930 68889 68909 68898 68904 68915 66480 68939 68944 68910 68932 68923 68908 68891 68897 68931 68919 68892 68937 68936 68935 68894 68890 68911 68916 68906 68921 68945 68907 68943 68896 68940 68895 68926 68902 68928 68912 68941 68934
1442 25547 10391 68981 16062 68978 68975 9826 68986 16203 34926 68971 3341 42297 22687 68962 68973 47799 21257 31017 38831 68946 62971 68957 68960 68966 20268 24393 68948 68954 68959 68949 68961 68953 40433 32960 68982 68984 12279 19969 68976 7327 43773 36314 68985 68969 3201 68963 68980 3157 16531 3843 10604 68967 68970 68968 33495 52106 68958 68972 68965 68979 68983 68951 68956
1443 14332
1444 49486 64284 64255 14784
1445 68996 68990 68989 68995 68994 68993 68992 68987 68991 44829
1446 69001 69002 29756 38652 68999
1447 69012 48556 45853 8755 69028 69008 69027 69018 13045 69023 69037 69020 69026 69006 69005 69032 69025 69003 69035 902 69034 69010 62657 69007 69036 69024 69029 45861 69011 69030 69004 45852 69009 69019 69013 69016 69021 69038 4529
1448 69041 69040
1449 69065 69071 69057 69073 69061 69060 69062 69056 69067 24558 69063 69043 69069 69055 69064 69051 69053 69045 69052 69048 69059 69047 69046 69066 69058 69050 69075
1450 69076 64353 56238
1451 69127 69084 69105 69082 69079 10227 25950 69111 69120 69113 4360 2282 69110 69123 69089 69090 26956 69129 50334 69128 63622 69109 69119 69098 69126 69086 18334 69096 69087 1217 69078 49928 3059 51447 69083 69107 69104 4960 69125 69108 69097 69102 2975 14742 43556 69115 65653 36471 35743 69091 69085 69094 26982 69095 5419 69100 69103 69106 24092 69101 69099 10303 69118
1452 69173 69130 19387 66025 69131 69145 26220 69152 69140 427 4793 69159 69153 556 69135 69143 69161 69162 69139 69166 7506 69134 45562 69154 69142 69137 69169 69160 69170 69155 28749 69144 69148 69157 19572 16051 69133 21177 69156 69167 69163 69141 69171 69149 69150 18967 69174 69147 69164 69136
1453 69205 69195 69193 69197 69203 69182 69181 69206 60632 69177 59113 69186 69202 25074 69190 69176 69185 69199 20479 69196 69189 69191 2750 69201 69200 69184 69188 69194 69192 69179 69183 69187
1454 18 14 8 15 4 16 13 10 1 9 6 0 5 7 3
1455 48 61 36 47 78 26 74 44 28 56 60 46 34 80 32 38 63 59 71 77 76 27 66 22 75 79 53 69 31 81 45 24 58 62 40 25 68 72 20 19 57 55 43 54 23 39 29 73 49 42
1456 86 89 84 88 85 90 87 92
1457 145 106 114 99 93 141 122 137 126 97 121 143 105 102 100 123 135 144 133 148 130 104 146 119 103 125 117 147 116 118 131 113 140 142 115 98 120 112 109 96 134 128 108 101
1458 149 208 191 211 232 198 186 228 168 169 214 205 229 175 181 172 206 220 192 171 179 224 218 178 230 209 156 167 213 160 151 210 201 174 197 199 225 183 227 157 200 219 215 152 202 159 233 185 187 193 155 170 195 223 158 196 188 154 161 222 176 203 164 204 216 184 153 212
1459 251 286 306 307 245 304 299 272 255 246 265 274 260 276 305 301 302 242 308 266 254 237 248 257 282 267 235 244 275 243 311 292 253 250 249 268 284 312 297 259 238 296 273 310 291 258 239 287 279 295 314 264 298 240 261 252 269 280 236 263 278 262 303 300
1460 374 384 333 349 322 376 382 369 392 378 345 368 393 321 341 359 315 337 383 391 350 320 386 394 329 351 318 325 361 377 389 324 335 380 363 348 367 362 370 366 334 373 353 338 323 375 356 328 387 390 347 339 344 336 371 365 332 358 357 360 343 354 319 388
1461 400 397 402 396 404 398 401
1462 405
1463 413 443 468 434 485 467 433 454 471 412 449 460 459 430 407 484 421 432 474 464 424 457 427 483 437 431 415 442 408 458 435 475 418 461 411 438 426 414 446 456 428 420 439 422 473 487 480 451 386 450 462 417 482 441 465 419 470 478 463 448 466 472 455 436 481
1464 493 489 490 492
1465 515 555 500 527 557 540 496 564 567 569 553 552 545 568 534 536 498 499 507 508 549 551 506 542 548 503 554 509 532 526 544 528 497 556 521 529 495 559 501 565 530 512 514 535 537 520 524 513 539 566 550 504 560 546 563 531 505 494 562 541
1466 592 581 588 613 585 605 621 616 573 597 631 599 591 583 628 584 600 629 587 589 614 570 617 633 626 590 571 579 608 624 627 632 634 595 622 594 612 610 576 593 603 578 619 604 625 602 623 596 572 606 630 574
1467 639 649 699 667 663 682 656 670 690 652 646 666 678 651 638 664 684 645 697 653 660 683 691 635 647 668 688 695 672 643 665 676 655 679 677 687 693 673 675 661 659 662 636 700 669 658 642 654 644 648 698 650 637 689
1468 740 709 741 707 749 721 716 738 744 731 733 722 705 726 718 710 708 742 748 723 715 730 735 728 739 703 737 720 704 746 711 724 727 706 745 719 725
1469 779 803 750 801 753 766 783 791 804 765 806 775 776 798 785 789 772 767 809 808 755 768 754 795 777 807 763 751 796 788 761 805 786 781 797 780 782 752 792 756 802 762 793 800 760 770 778 787
1470 827 839 867 859 851 868 824 825 872 819 862 817 854 855 822 836 873 852 850 814 813 821 856 815 820 865 876 843 858 834 823 31 857 826 829 875 830 848 846 835 828 866 841 871 811 818 864 869 853 861 860 842 838 845 874
1471 896 893 899 878 883 881 885 890 902 880 882 900 879 895 884 898 889 887 886 897
1472 927 920 909 919 903 943 931 922 913 917 924 941 916 940 908 930 938 926 904 914 906 905 912 923 939 933 918 910 921 936 915 932
1473 949 973 1013 951 1011 990 1019 989 985 80 1006 962 979 987 978 996 950 1010 958 957 956 1003 1015 1012 971 1007 998 960 972 988 967 1001 1002 1014 948 995 991 1018 982 975 1008 970 969 954 994 946 976 964 983 945 1005 993 997 974 1004 966 968 961 981 986 999
1474 1037 1073 1068 1023 1021 1055 1035 1042 1054 1041 1033 1071 1039 1064 1050 1074 1077 1062 1058 1049 1067 1056 1045 1022 1065 1057 1070 1052 1046 1043 1031 1072 1036 1034 1078 1069 1076 1063 1027 1024 1038 1028 1030 1051 1029 1060 1025
1475 1103 1102 1107 1090 1110 1126 1127 1101 1129 1140 1086 1120 1089 1098 1083 1136 1117 1105 1084 1128 1144 1125 1092 1119 1139 1115 1108 1142 1141 1135 1088 1131 1133 1097 1132 1096 1116 1099 1124 1087 1081 1100 1082 1095 1094 1137 1104 1085 1111 1079 1093 1113 1145
1476 1147 1178 1192 1185 1209 1153 1156 1195 1172 1186 1187 1181 1200 1149 1170 1191 1202 1150 1190 1208 1152 1176 1167 1194 1166 1161 1213 1182 1158 1201 1160 1179 1163 1189 1151 1164 1162 1165 1196 1168 1171 1159 1180 1210 1198 1207 1175 1188 1154 1199 1193 1183 1157 1211
1477 1217 1252 1225 1235 1259 1228 1229 1249 1220 1256 1250 1226 1236 1234 1214 1230 1258 1216 1247 1231 1243 1222 1246 1254 1232 1239 1260 1248 1218 1251 1233 1237 1215 1242 1219 1227 1253
1478 1302 1269 1264 1299 1329 1314 1270 1289 1317 1296 1278 1304 1322 1281 1318 1311 1297 1319 1320 1285 1271 1277 1309 1261 1324 1298 1265 1301 1308 1295 1326 1294 1328 1266 1279 1321 1316 1276 1288 1273 1306 1263 1303 1315 1291 1312 1275 1300 1274 1293 1286 1310 1280 1290 1282 1305
1479 1370 1373 1418 1357 1419 1366 1335 1388 1390 1408 1405 1394 1412 1381 1368 1342 1376 1341 1375 1407 1344 1347 1379 1386 1374 1353 1402 1333 1364 1403 1349 1409 1355 1371 1345 1343 1383 1399 1413 1358 1410 1396 1363 1354 1393 1395 1392 1378 1417 1359 1339 1351 1397 1369 1391 1336 1338 1334 1411 1382 1384 1361 1372 1348 1346 1406 1398 1367 1356 1337
1480 1471 1493 1439 1505 1474 1495 1421 1503 1420 1445 1486 1496 1430 1472 1504 1481 1462 31 1449 1476 1497 1463 1447 1488 1433 1446 1473 1489 1426 1448 1423 1428 1490 1444 1487 1498 1425 1461 1491 1456 1435 1466 1440 1422 1443 1484 1434 1427 1470 1501 1442 1475 1467 1478 1477 1492 1483 1458 1436 1437 1455 1499 1482 1451 1464 1479 1469 1424 1432
1481 1529 1531 1558 1580 1575 1548 1584 1528 1561 1537 1564 1542 1525 1554 1526 1549 1570 1581 1552 1543 1585 1511 1559 1578 1568 1530 1520 1565 1569 1539 1544 1562 1540 1576 1515 1571 1538 1553 1582 1573 1556 1551 1587 1563 1533 1557 1567 1517 1523 1555 1524 1586 1519 1541 1532 1566 1583 1546 1577 1518 1513 1579 1545 1535 1572
1482 1617 1590 1598 1611 1620 1597 1629 1615 1608 1588 1619 1593 1596 1600 1594 1610 1621 1589 1604 1630 1625 1592 1606 1614 1616 1613 1626 1601 1591 1628 1624 1603 1595 1602 1607
1483 1681 1696 1712 1693 1694 1669 1708 1672 1639 1659 1653 1707 1700 1697 1702 1674 1671 1677 1699 1675 1643 1658 1678 1649 1647 1688 1660 1645 1668 1637 1665 1690 1673 1657 1652 1703 1680 1706 1632 1663 1656 1679 1642 1683 1710 1682 1705 1661 1695 1644 1655 1684 1648 1711 1698 1676 1686 1685 1638 1709 1689 1646 1667 1635
1484 1727 1764 1763 1733 1723 1766 1758 1731 1728 1762 1770 1719 1734 1738 1750 1755 1751 1760 1740 1725 1717 1739 1730 1745 1753 1732 1761 1716 1747 1749 1746 1754 1724 1714 1772 1713 1726 1748 1729 1720 1743 1752 1759 1744 1773 1757 1737 1768
1485 1774 1781 1780 1776 1778 1777 1779
1486 1819 1802 1791 1833 1800 1813 1811 1817 1799 1785 1794 1792 1809 1788 1826 1821 1793 1820 1828 1797 1798 1814 1834 1807 1783 1803 1836 1789 1830 1824 1787 1840 1825 1784 1829 1832 1806 1790 1841 1815 1801 1812 1810 1795 1796 1786 1837
1487 1912 1907 1874 1864 1854 1846 1876 1892 1879 1859 1858 1857 1893 1866 1905 1844 1872 1863 1894 1884 1843 1895 1902 1875 1869 1881 1867 1855 1861 1877 1850 1842 1903 1868 1856 1887 1865 1885 1891 1897 1883 1906 1871 1910 1911 1899 1890 1849 1878 1886 1904 1848 1852 1888 1896 1873 1853
1488 1931 1956 1943 1952 1949 1922 1918 1961 1919 1936 1957 1937 1917 1946 1945 1958 1915 1940 1971 1920 1963 1970 1933 1941 1977 1967 1960 1955 1953 1969 1916 1939 1962 1928 1954 1932 1935 1914 1927 1976 1923 1964 1966 1975 1972 1951 1929 1959 1973 1934 1948 1944
1489 2042 1994 2015 2043 2009 2020 2019 1997 1980 2035 2010 2033 1995 2017 1983 2014 2002 2021 2034 2025 2032 2024 2028 1990 2038 2018 2003 2029 2011 2004 2005 1987 2006 1993 1984 2041 1986 2013 2030 2027 1988 2012 1981 1991 1992 2016 1574 2036 1982 2040 2039 2037 1996 1999
1490 2103 2066 2051 2063 2082 2045 2084 2088 2062 2121 2048 2081 2083 2096 2086 2120 2115 2105 2097 2058 2111 2074 2071 2114 2078 2118 2101 2102 2098 2090 2117 2095 2087 2052 2067 2106 2053 2080 2089 2061 2047 2112 2076 2073 2057 2068 2122 2060 2075 2119 2104 2077 2079 2109 2056 2069 2107 2059 2065 2064 2049 2099 2091 2108
1491 2130 2133 2146 2139 2145 2149 2156 2150 2157 2166 2173 2151 2153 2142 2162 2168 2132 2179 2127 2170 2178 2165 2152 2167 2158 2128 2163 2161 2131 2126 2140 2135 2136 2164 2143 2172 2175 2155 2148 2176 2129 2137 2134 2160
1492 2189 2191 2186 2220 2207 2233 2202 2185 2193 2209 2199 2219 2206 2224 2222 2226 2236 2234 2198 2201 2238 2228 2190 2232 2197 2196 2216 2188 2235 2184 2180 2215 2218 2182 2217 2200 2181 2194 2237 2204 2231 2214 2192 2229 2187 2211 2223
1493 2247 2288 2240 2276 2273 2279 2264 2249 2271 2248 2295 2284 2250 2292 2259 2281 2300 2270 2265 2272 2242 2260 2245 2269 2257 2275 2290 2267 2301 2287 2268 2280 2263 2277 2243 2289 2291 2255 2282 2261 2299 2297 2285 2293 2244 2258 2298 2286 2266 2253 2278 2254
1494 2323 2320 2370 2364 2351 2334 2362 2314 2313 2346 2352 2349 2332 2312 2311 2355 2350 2309 2357 2345 2317 2324 2315 2306 2335 2348 2333 2360 2344 2356 2371 2336 2307 2329 2319 2325 2359 2337 2322 2338 2365 2341 2353 2331 2347 2328 2304 2343 2321 2316 2330 2339 2367 2361 2363 2354
1495 2376 2374 2378 2373 2375 2382 1629 2381
1496 2450 2456 2389 2396 2398 2422 2415 2407 2469 2391 2421 2430 2423 2412 2452 2416 2405 2434 2406 2424 2444 2429 2387 2448 2411 2453 2384 2449 2402 2471 2392 2462 2468 2461 2418 2400 2470 2420 2383 2463 2457 2390 2410 2465 2427 2446 2466 2404 2413 2399 2464 2394 2397 2414 2442 2409 2433 2435 2386 2401 2431 2443 2403 2385 2426 2428 2451 2439 2419 2438 2432
1497 2501 2498 2520 2507 2479 2491 2495 2513 2485 2497 2504 2496 2512 2506 2492 2484 2517 2516 761 2493 2509 2511 2508 2490 2486 2510 2502 2523 2489 2499 2500 2482 2505 2522 2503 2488 2483 2473 2475 2519 2487 2478 2472 2476
1498 2535 2556 2540 2530 2536 2560 2562 2559 2555 2524 2573 1508 2545 2539 2558 2533 2550 2542 2575 2566 821 2538 2563 2527 2569 2525 2567 2565 2548 2561 2568 2534 2537 2529 2557 2564 2549 2554 2532 2553 2526 2547 2552 2528
1499 2595 2583 2581 2585 2604 2596 2586 2580 2600 2590 2579 2598 2584 2582 2591 2577 2592 2589 2578 2599 2607 2587 2593 2594 2588
1500 2610 2609 2611
1501 2617 2618 2614 2615 2622 2619 2612 2621
1502 2632 2643 2644 2623 2627 2628 2634 2641 2652 2658 2649 2656 2639 2650 2633 2629 2636 2626 2659 2648 2642 2645 2655 2646 2625 2647 2635 2651 2653
1503 2664 2716 2669 2673 2684 2679 2660 2688 2710 2705 2685 2683 2672 2718 2715 2703 2686 2677 2670 2697 2699 2722 2690 2675 2702 2680 2709 2665 2666 2663 2692 2711 2700 2712 2668 2681 2687 2719 2667 2717 2682 2708 2698 2714 2678 2720 2689 2723 2694 2695 2721 2701
1504 2756 2786 2764 2750 2729 2785 2766 2773 2725 2778 2761 2776 2744 2794 2763 2767 2791 2793 2731 2737 2795 2762 2765 2769 2743 2758 2770 2738 2792 2745 2759 2782 2742 2730 2747 2726 2754 2798 2781 2774 2789 2746 2757 2728 2787 2790 2783 2735 2734 2796 2772 2771 2777 2752 2733 2799 2797 2732 2780 2788
1505 2820 2295 2833 2822 2840 2824 2828 2844 2816 2815 2832 2804 2841 2843 2809 2806 2817 2801 2814 2813 2829 2837 2811 2800 2805 2803 2812 2848 2810 2819 2818 2827 2835 2808 2823 2838 2821 2834 2852 2802 2850 2836 2845 2853
1506 2890 2897 2876 2873 2902 2867 2874 2893 2879 2863 2855 2870 2860 2861 2877 2859 2858 2907 2889 2888 2880 2882 2909 2862 2884 2864 2904 2883 923 2878 2905 2869 2899 2856 2898 2887 2895 2891 2886 2866 2872 2908 2901 2857 2896 2881
1507 2918 2959 2935 2926 2949 2911 2931 2946 2914 2938 2958 2927 2936 2913 2912 2941 2917 2916 2952 2943 2933 2945 2939 2950 2920 2921 2944 2930 2953 2929 2961 2932 2303 2960 2928 2948 2940 2954 2924 2955 2919 2910 2951
1508 3002 3030 2973 3035 3019 3001 3016 2966 2988 2993 2998 3029 2972 2964 2987 3021 3028 2983 3008 3032 3022 2984 2992 3018 3014 3005 2970 2994 3006 3007 3024 2991 3000 3033 2968 2971 2976 2995 2963 3027 3023 3034 3036 3031 2985 3003 2965 2979 3017 3015 2986 3012 2981 2969 2967 2974 2978 2990 3011
1509 3047 3072 3043 3038 3053 3045 3044 3068 3057 3054 3042 3056 3063 3059 3073 3037 3046 3067 3062 3049 3055 3071 3069 3066 3048 3041 3064 3060 3040
1510 3082 3077 3076 3089 3074 3088 3086 3083 3092 3080 3081 3084 3099 3090 3085 3075 3078 3087 3096 3094 3098
1511 3109 3102 3115 3113 3112 3114 3116 3101 3117 3110 3119 3103 3118 3121 3107 3105
1512 3139 3188 3149 3155 3189 3127 3143 3137 3130 3148 3191 3192 3157 3144 3129 3176 3138 3124 3154 3184 3193 3201 3186 3168 3132 3122 3142 3160 3164 3177 3159 3165 3195 3153 3158 3203 3197 3140 3128 3126 3134 3162 3174 3194 3178 3202 3152 3141 3150 3172 3135 3167 3131 3145 3190 3180 3199 3175 3133 3136 3196 3198 3187 3200 3147
1513 3227 3204 3208 3211 3231 3213 3220 3230 3207 3222 3229 3214 3219 3218 3217 3205 3223 3225 3224 3215 3209 3216
1514 3260 3304 3266 3238 3246 3242 3299 3263 3308 3296 3247 3290 3249 3264 3245 3287 3259 3276 3284 3271 3282 3237 3303 3252 3291 3268 3280 3288 3281 3269 3239 3233 3241 3289 3256 3300 3302 3277 3297 3262 3257 3279 3248 3254 3275 3232 3261 3285 3293 3244 3253 3309 3283 3286 3301 3306 3305 3255 3292 3251 3273 3243
1515 3341 3356 3333 3330 3323 3315 3373 3365 3342 3334 1064 3354 3363 3353 3379 3381 3355 3322 3374 3345 3331 3321 3382 3383 3338 3332 3312 3339 3314 3359 3351 3369 3378 3335 3371 3349 3329 3337 3348 3357 3319 3376 3358 3360 3324 3347 3327 3367 3344 3368 3317 3316 3343 3310 3385 3370 3318 3372 3326 3375 3352
1516 3388 3389 3387
1517 3394 3442 3419 3420 3410 3391 3401 3416 3443 3438 3400 3407 3429 3422 3411 3403 3399 3425 3444 3423 3392 3405 3439 3406 3413 3408 3437 3435 3187 3395 3450 3441 3436 3424 3390 3412 3421 3426 3428 3433 3448 3432 3398 3434 3404 3396 3449 3427 3431 3447
1518 3461 3479 3502 3516 3473 3515 3512 3462 3513 3469 3517 3500 3485 3508 3458 3452 3503 3480 3483 3504 3492 3477 3498 3505 3484 3472 3468 3465 3460 3481 3507 3456 3471 3488 3464 3474 3509 3489 3455 3466 3497 3457 3491 3486 3467 3496 3510 3495 3482 3463 3454 3514
1519 3570 3579 3523 3575 3560 3571 3557 3562 3566 3550 3542 3553 3569 3577 3525 3568 3554 3565 3574 3522 3547 3578 3540 3530 3563 3572 3549 3543 3573 3548 3531 3561 3520 3518 3534 3528 3544 3533 3555 3527 3576 3539 3536 3529 3580 3524 3551 3545 3558 3564
1520 3600 3639 3582 3643 3631 3581 3606 3632 3593 3635 3642 3597 3613 3621 3630 3646 3584 3638 3609 3603 3612 3617 3608 3637 3587 3610 3618 3629 3625 3619 3601 3611 3589 3626 3592 3599 3640 3607 3605 3644 3634 3622 3590 3591 3627 3588 3620 3624 3641 3594 3628 3616
1521 3697 3712 3719 3689 3720 3675 3666 3683 3657 3711 3714 3700 3694 3706 3705 3667 3662 3696 3669 3655 3684 3709 3659 3687 924 3661 3652 3674 3717 3650 3716 3715 3685 3699 3656 3664 3707 3690 3671 3670 3708 3693 3713 3721 3651 3680 3658 3692 3681 3665 3673 3702 3682 3672 3691 3668 3710 3663 3676 3718 3653
1522 3731 3736 3784 3759 3804 3737 3771 3747 3740 3766 3267 3776 3763 3745 3735 3723 3788 3769 3744 3782 3730 3722 3728 3741 3791 3750 3753 3802 3785 3725 3734 3726 3793 3781 3774 3754 3724 3748 3775 3803 3783 3796 3760 3742 3758 3772 3794 3743 3764 3732 3797 3801 3798 3800 3777 3727 3756 3795 3739 3762 3761 3755 3778 3773 3786 3799 3757
1523 3868 3830 3820 3838 3832 3846 3814 3819 3810 3822 3855 3837 3865 3808 3874 3858 3859 3862 3863 3817 3815 3853 3827 3811 3818 3805 3849 3875 3823 3851 3834 3809 3813 3860 3821 3841 3864 3806 3824 3833 3836 3816 3844 3807 3812 3828 3870 3839 3869 3857 3856 3843 3867 3845 3852 3866 3835 3848
1524 3894 3884 3944 3911 3919 3940 3901 3939 3931 3921 3935 3893 3930 3881 3942 3912 3905 3938 3885 3923 3892 3876 3937 3880 3929 3909 3914 3902 3924 3934 3925 3907 3917 3910 3897 3896 3900 3888 3904 3922 3895 3943 3890 3879 3906 3891 3928 3918 3926 3913 3886 3878 3920 3915 3916 880
1525 3950 3966 3975 3979 3977 3959 3962 3945 3951 3976 3956 3981 3946 3949 3968 3955 3964 3947 3957 3970 3965 3972 3973 3953 3982 3954 3952 3963 2490 2489 3978 3971 2523 655 3948
1526 3993 4004 4007 4011 3995 3986 4003 4015 3988 3998 4010 4008 3987 4002 4014 4018 3992 4009 3983 4012 3985 4005 3997 3990 3991 4017 3989 3994 4001
1527 4070 4099 4067 4033 4049 4078 4039 4092 4052 4024 4084 4096 4044 4063 4059 4061 4073 4071 4079 4051 4091 4034 4043 4057 4075 4077 4083 4022 4087 4040 4098 4090 4020 4095 4037 4069 4085 4035 4056 4042 4050 4082 4038 4065 4047 4025 4058 4021 4036 4029 4072 4032 4060 4031 4088 4068 4053 4062 4086 4045 4080 4030 4026 4064
1528 4136 4134 4139 4168 4155 4109 4171 4157 4114 4115 4133 4150 4179 4167 4108 4176 4164 4175 4116 4152 4101 4172 4141 4178 4118 4102 4130 4123 4119 4159 4128 4112 4120 4156 4143 4153 4162 4132 4113 4107 4173 4125 4121 4154 4148 4122 4105 4163 4106 4103 4170 4165 4151 4174 4147 4129 4149 4117 4140 4142 4131 4166 4104 4138
1529 4182 4180 4189 4201 4183 4181 4206 4194 4190 4197 4196 4207 4184 4191 4204 4199 4193 4185 4202 4203 4198 4186
1530 4280 4285 4268 4275 4258 4212 4264 4218 4253 4282 4273 4232 4211 4278 4255 4225 4250 4245 4238 4269 4239 4237 4242 4270 4231 4217 4213 4265 4208 4226 4209 4254 4236 4230 4222 4244 4235 4267 4234 4246 4216 4221 4271 4261 4247 4277 4256 4284 4279 4214 4252 4210 4281 4241 4259 4260 4286 4251 4283 4240 4223 4248 4215
1531 4346 4343 4300 4347 4338 4350 4298 4371 4357 4362 4363 4348 4288 4290 4366 4310 4358 4365 4312 4307 4360 4372 4304 4359 4344 4289 4370 4323 4364 4314 4295 4349 4299 4332 4368 4356 4361 4341 4309 4317 4354 4301 4340 4324 4294 4339 4374 4311 4329 4325 4373 4308 4303 4351 4291 4355 4331 4293 4326 4319 4367 4328 4316 4337 4345 4353 4352 4327 4287 4336
1532 4384 4414 4399 4406 4442 4422 4436 4392 4382 4439 4430 4415 4407 4419 4405 4376 880 4377 4408 4391 4389 4433 4421 4397 4411 4400 4378 4420 4437 4443 4432 4396 4375 4386 4435 4413 4412 4401 4418 4398 4441 4423 4438 4416 4381 4385 4425 4410 4427 4393 4429 4434 4431 4404 4387 4394
1533 4472 4497 4455 4499 4467 4492 4479 4469 4480 4449 4502 4493 4488 4460 4491 4448 4454 4508 4494 4481 4446 4468 4447 4495 4445 4476 4477 4470 4505 4450 4474 4471 4504 4503 4482 4486 4464 4501 4475 4458 4457 4484 4452 4478 4456 4453 4498 4473 4487 4459 4485
1534 4539 4566 4532 4589 4513 4523 4518 4574 4585 4522 4559 4521 4526 4572 4580 4533 4588 4591 4509 4569 4557 4538 4577 4516 4573 4564 4553 4554 4582 4514 4517 4552 4545 4586 4581 4547 4549 4540 4565 4548 4583 4511 4563 4537 4536 4546 4542 4593 4576 2286 4590 4570 4528 4541 4567 4575 4525 4571 4529 4561 4587 4556 4560 4524 4558 4584 4551 4578
1535 4596 4599 655 4594 4598 882
1536 4666 4643 4621 4640 4651 4635 4605 4606 4614 4644 4603 4637 4600 4616 4685 4615 4675 4631 4624 4604 4668 4648 4680 4687 4653 4669 4676 4610 4654 4617 4636 4660 4664 4620 4671 4673 4626 4681 4639 4633 4641 4665 4670 4684 4657 4679 4608 4655 4656 4638 4682 4683 4609 4628 4658 4662 4642 4646 4672 4619 4623 4629 4661 4686 2182 4612 4667 4618 4607 4632 4622 4625
1537 4711 4734 4706 4719 4730 4707 4701 4692 4700 4729 4703 4716 4698 4694 4688 4718 4717 4722 4715 4691 4731 4723 4709 4704 4721 4739 4720 4737 4725 4708 4726 4710 4696 4713 4727 4689 4724 4728 4702 4712 4738
1538 4813 4792 4755 4744 4759 4789 4791 4816 4806 4750 4771 4797 4741 4799 4807 4748 4793 4777 4781 4773 4785 4787 4764 4751 4758 4766 4776 4756 4768 4772 4774 4757 4817 4798 4815 4782 4786 4749 4812 4770 4780 4801 4760 4762 4808 4740 4754 4804 4746 4795 4788 4783 4790 1354 4775 4752 4805 4802 4779 4769 4763 4742 4778
1539 4860 4836 4823 4859 4839 4850 4833 4841 4844 4848 4843 4827 4819 4852 4832 4851 4824 4845 4822 4829 4856 18 4828 4849 4820 4818 4861 4826 4846 668 4838 4858 4830 4857 4855 4854 4835
1540 4893 4922 4876 4887 4881 4882 4864 4886 4879 4926 4867 4896 4923 4885 4875 4872 4905 4929 4873 4883 4889 4888 4906 4877 4902 4878 4870 4911 4880 4903 4863 4927 4908 4869 4866 4894 4907 4890 4898 4915 4895 4892 4897 4871 4868 4865 4914 4891 4874 4925 4916 4920 4904
1541 4969 4937 4975 4941 4963 4977 4950 4966 4971 4965 4949 69210 4931 7406 69216 69209 4973 69211 4957 4968 4958 69208 4940 69215 25333 4974 4939 4946 4960 4944 4970 69212 4935 4933 4951 4967 4942 4961 4956 4952 4943 4964 69218 4979 2070 4936 69214 20724 4938 4934 4945 4948 4972 4954
1542 5032 5003 5002 5026 5051 5008 4999 4983 4989 5018 5042 4998 4988 4986 5035 4982 5023 4993 5046 5038 5013 5040 5022 4992 5030 5011 5028 4996 5019 4995 4907 5016 5014 5001 5048 5015 5036 5031 5050 4991 5047 4984 5037 5044 5024 5021 5052 5034 5010 4981 5009 4990 5000 5007 5049 4997 5017 5045
1543 5064 5060 5067 5119 5114 5090 5127 5062 5091 5106 5095 5096 5120 1088 5088 5102 5069 5084 5053 5116 5099 5065 5123 5109 5121 5071 5075 5080 5061 5087 5057 5089 5098 5100 5126 5055 5094 5122 5079 5097 5086 5101 5107 5066 5124 5083 5117 5093 5078 5063 5054 5108 5058 5110 5118 5068 5104 5112 5092 5077 5111
1544 5145 5160 5155 5140 5178 5173 5169 5129 5130 5180 5137 5131 5216 5213 5168 5210 5128 5156 5194 5209 5154 5165 5208 5181 2075 5196 5148 5205 5189 5149 5157 5153 5191 5193 5212 5143 5162 5135 5177 5176 5150 5192 5185 5136 5134 5141 5158 5163 5190 5206 5184 5161 5199 5197 5211 5139 5170 5204 5144 5214 5132 5159 5187 5174 5179 5164 5147 5166 5142 5201 5133 5146
1545 5221 5227 5266 5262 5246 5263 5249 5226 5255 5242 5241 5229 5250 5236 5270 5260 5247 5259 5230 5265 5219 5268 5239 5218 5273 5256 5238 5254 5225 5222 5248 5220 5272 5232 5237 5243 5228 5217 5223 5224 5257 5234 5261 5240 5231
1546 5332 5296 5349 5291 764 5276 5306 5321 5326 5289 5343 5294 5322 5292 5315 5339 5304 5285 5298 5324 5335 5328 5330 5300 5346 5309 5317 5278 5329 5305 5319 5290 5284 5286 5338 5341 1953 5288 5299 5308 5280 5311 5279 5312 5327 5325 5302 5351 5333 5282 5303 5352 5283 5301 5316 5281 5342 5348 5353 5275 5334 5310 5318 5340 5313 5320
1547 5370 5375 5397 5406 5359 5369 5372 5401 5380 5394 5365 5364 5377 5356 5376 5363 5358 5395 5368 5413 5414 5354 5404 5391 5396 5409 5403 5360 5420 5383 5361 5389 5425 5417 5405 5362 5419 5367 5379 5384 5424 5381 5390 5421 5392 5388 5357 5378 5418 5373 5399 5412 5371 5374 5416 5385 5415
1548 5479 5456 5449 5488 5450 5485 5490 5473 5466 5491 5445 5492 5446 5478 5427 5474 5470 5428 5458 5437 5462 5499 5429 5455 5482 5430 5444 5441 5498 5453 5471 5477 5434 5426 5452 5487 5463 5443 5459 5494 5486 5438 5464 5483 5495 5435 5493 5469 5475 5431 5460 5442 5489 5484 5461 5467 5457 5476 5451 5440
1549 5527 5539 5537 5521 5505 5506 5507 5524 5530 5515 5540 5546 5519 5558 5551 5525 5557 5529 5503 5504 5532 5543 5556 5544 5531 5536 5511 5554 5550 5526 5501 5535 5514 5523 5518 5549 5541 5528 5545 5538 5522 5520 5508 5533 5555 5510 5517
1550 5570 5602 5599 5604 5601 5586 5584 5616 5573 5565 5611 5563 5638 5583 5627 5569 5590 5623 3312 5626 5576 5622 5592 5607 5624 5620 5630 5632 3528 1457 5628 5600 5574 5578 5571 3383 5580 5634 5596 5581 5560 5594 5597 5633 5568 5587 5618 5631 5582 5593 5629 5559 5595 5609 5589 5608 5588 5575 5615 5598 5619 5635 5605 5610 5625 5567 5564 5612
1551 5685 5653 5687 5705 5695 5666 5697 5679 5670 5674 5657 5706 5710 5665 5690 5667 5686 5639 5662 5681 5655 5704 5669 5709 5647 5688 5661 5693 5677 5658 5678 5650 5660 5644 5672 5696 4733 5643 5699 5649 5694 5663 5707 5698 5668 5708 5642 5671 5702 5676 5648 5680 5654 5656 5684 5683 5700 5673 5692
1552 5728 5719 5749 5753 5773 5775 5724 5781 5735 5727 5738 5754 5743 5730 5720 5755 5764 5778 5723 5716 5731 5736 5718 5787 5722 5762 5770 5717 5744 5769 5789 5714 5767 5752 5734 5783 5732 5750 5748 5751 5739 5712 5733 5715 5757 5779 5768 5776 5756 5777 5780 5786 5782 5729 5726 5760 5742 5759 5763 5713 5784 5766
1553 5847 5836 5804 5806 5792 5843 5840 5825 5833 5845 5852 5821 5794 5816 5818 5824 5819 5809 5813 5796 5799 5808 5817 5830 5838 5827 5854 5857 5834 5844 5841 5822 5849 5831 5803 5811 5807 5850 5846 5856 5795 5859 5861 5853 5829 5790 5835 5791 5855 5800 5805 5823 5814 5828 5839 5815 5793 5837
1554 5916 5879 5897 5895 5869 5871 5887 5923 5918 5900 5906 5898 5873 5890 5868 2183 5910 5919 5901 5865 5913 5883 5886 5905 5899 5880 5888 5909 5881 5864 5882 5912 5878 5866 5920 5896 5908 5885 5863 5894 5903 5875 5891 5892 5884 5870 5922 5872 5877 5904 5876
1555 5984 5952 5963 5983 5954 5929 5944 5927 5936 5937 5945 5942 5978 5960 5931 5932 5935 5977 5956 5951 5926 3013 5965 5973 5964 5946 5958 5947 5939 5967 5953 5982 5938 5925 5934 5988 5976 5948 5969 5961 5971 5943 5966 5986 5970 5949 5070 5959 5930 5985 5962 5933
1556 6031 6046 6047 6006 5996 6027 6001 6004 6019 6012 3818 2743 5991 6021 6036 6037 6043 6020 6008 5998 6035 6028 5990 6033 6026 5994 6024 6007 6003 6015 6045 6016 6023 6038 5992 5993 6048 6013 6009 6022 5997 6000 5999 6002 6005 6042 6011 6039 5989
1557 6120 6108 6097 6072 6057 6073 6106 6087 6068 6086 6080 6098 6121 6050 6122 6063 6112 6049 6061 6052 6091 6071 6113 6104 6074 6090 6076 6056 6085 6055 6065 6093 6082 6111 6103 6107 6099 6115 6109 6060 6051 6079 6077 6119 6066 6070 6117 6058 6110 6101 6083 6092 6062 6118 6114 6067 6054 6064 6096 6100
1558 6155 6127 6157 6134 6148 6161 6147 6139 6154 6162 6142 6165 6152 6169 6159 6144 6136 6158 6131 6153 6150 6129 6128 6163 6141 6125 6149 6135 6160 6167 6164 6156 6151 6146 6143 6124
1559 6171 6186 6183 6174 6180 6172 6177 6181 6178 6184 6176 6185 17853 69220 6175
1560 6232 6203 6200 6226 6223 6187 6215 6218 6188 6240 2711 6255 6196 6235 6229 6211 10581 6241 6225 4617 6213 6249 6189 6191 6205 6202 6250 6224 6201 6194 6197 6220 6248 6246 108 6212 6243 6233 6193 6247 6198 6206 6208 6237 3346 6209 6236 6222 6227 6204 6199 6221 6219 6245 6238 69221 6251 6216 6234 6214
1561 6299 6314 6329 6283 6312 6310 6298 6260 6261 6267 6306 6290 6325 6316 6321 6294 6262 6327 6266 5698 6322 6257 6305 6302 6287 6256 6323 6279 6317 6292 6330 6297 6269 6318 6328 6324 6309 6295 6320 6315 6259 6326 6272 6285 6278 6307 6271 6284 6308 6263 6301 6274 6289 6319 6275 6281 6276 6296 6264 6286 6291
1562 6360 6383 6335 6379 6398 6332 6356 400 6363 6365 6347 6352 6393 6394 6401 6400 6343 6353 6345 6385 6346 6396 6333 6350 6364 6371 6375 6380 6349 6389 6386 6369 6402 6384 6392 6358 6373 6336 6391 6367 6399 6395 2576 6359 6376 6341 6362 6357 6381 6368 6337 6361 6390 6348 6374 6342 6340 6354 6351 6403
1563 6406 6449 6457 6460 6412 6422 6453 6409 6416 6431 6445 6443 6440 6421 6439 6410 6450 6458 6435 6429 6437 6444 6425 6454 6424 6430 6433 6459 6441 6451 6414 6417 6436 6456 6413 6405 6407 6448 6446 6461 6415 6434 6432 6455 6442 5628
1564 6493 6522 1046 6517 6473 6464 6521 6463 6482 6503 6488 6505 6502 6500 6477 6474 6516 6496 6512 6495 6480 6490 6515 6508 6475 6489 6519 6467 6472 6471 6494 6466 6491 6479 6486 6499 6476 6511 6520 6485 6468 6513 6501 6470 6510 6483 6484 6518 6487 6498
1565 6528 6527 6536 6544 6551 6547 6524 2190 6540 6542 6548 6538 6531 6546 6549 6533 6537 6530 31 6529 6535 5680 6541 6552 3267 6545 5697 6554 6543 6532 6523
1566 6559 6556 6580 6576 6558 6584 6575 6577 6588 6574 6586 6583 6582 6566 6565 6567 6562 6585 6578 6564 6587 6581 6594 6591 6592 6560 6570 6557 6569 6589 6593
1567 6628 6618 6602 6650 6641 6633 6623 6630 6662 6635 6653 6595 6661 6649 6596 6621 6657 6655 6646 6617 6608 6629 6609 6644 6660 6607 6639 3463 6624 6631 6622 6600 6654 6619 6659 6648 6638 6598 6620 6601 6613 6643 6632 6611 6597 6627 6614 6652 6636 6606 6658 6610 6647 6656 6616 6645
1568 6732 6694 6674 6713 6737 6716 6718 6709 6728 6717 6708 6670 6702 6673 6719 6695 6689 6736 6710 3827 6675 6724 6679 6740 6687 6676 6664 6731 6699 6678 6680 6677 6672 6688 6720 6721 6714 6683 6693 6739 6705 6692 6738 6727 6700 6726 6730 6667 6722 6715 6712 6690 6723 6706 6703 6697 6729 6682 6671 6701 3862 6711 6686
1569 6775 6751 6747 6761 6770 6752 6769 6792 6767 6778 6741 6794 6762 6765 6753 6788 6755 6766 6764 6785 6779 6758 6771 6777 6800 866 6798 6759 6757 6790 6797 6743 6796 6745 6774 6795 6756 6746 6780 6782 6784 6742 6793 6763 6791 6776 6783 6789
1570 6827 6819 6836 6829 6803 6002 6812 6813 6828 6801 6826 6806 6824 6844 6830 5184 6839 6802 6814 6822 6805 6816 6838 6815 6834 6840 6843 6842 6846 6133 6818 6820 6810 6837 6804 6832 6809 6817 6823
1571 6858 6856 6910 6892 6889 6871 6850 6904 6905 6906 6915 6857 6865 6878 6881 6899 6854 6890 6852 6919 6847 6873 6888 6866 6867 6876 5186 6903 6862 6853 6855 6886 6887 6918 6909 6896 6902 6882 6874 6912 6900 6872 6869 3866 6917 6870 6897 1575 6877 6908 6851 6895 6859 6863 6893 6875 6898 6879 6864 6901 6861
1572 6921 6929 6954 6955 6943 6944 6961 6973 6962 6952 6964 6940 6959 6923 6924 6975 6934 6945 902 6927 6938 6935 6972 6970 6976 6932 6930 6937 6969 6925 6951 6928 6939 6965 6933 6971 6931 6950 6941 6957 6968 6920 6974 6947 6942 6946
1573 7015 7003 7008 6992 6990 6997 6984 7004 7007 7009 6983 6986 6980 6982 6978 7005 6995 7013 7010 6998 7011 6993 7002 6988 6981 7001 1597 6994 6996 6985 7000 6979 2382
1574 7042 7078 7030 7027 7052 7076 7068 7049 7017 7035 7045 7037 7060 7071 7056 7020 7048 7061 7041 7028 7036 7029 7031 7064 7082 7034 7018 7047 7070 7033 7079 7072 7026 7062 7063 7080 7066 7065 7085 7075 7057 7055 7039 7051 7074 7023 7084 7054 7025 7032 7081 7050 7022 7053 7044
1575 7124 7125 7134 7096 7101 7090 7092 7111 7106 7135 7128 7088 7114 7117 7130 7097 7122 7116 7095 7105 7123 7098 7102 7115 7112 7094 7113 7118 7100 7087 7089 7086 7129 7120 7108 7133 7131 7091 7099 7127
1576 7143 7160 7177 7164 7155 7157 7144 7171 7156 7187 7148 7191 7186 7159 7152 7140 7174 7169 7158 7146 7147 7183 7176 7154 7162 7172 7180 7167 7145 7141 7170 7142 7136 7185 7189 7149 7137 7166 7168 7175 7188 7161 7184 7139 7192
1577 7197 7196 7202 7201 7203 7198 7195 7200
1578 7226 7273 7247 7240 7261 5593 7239 7233 7234 7248 7218 7205 7210 7245 7280 7217 7256 7204 7257 7265 7275 7246 7209 7268 7212 7215 99 7241 7282 7263 7236 7211 7262 7221 7252 7258 7272 7267 7251 7235 7228 7276 7278 7222 7277 7244 7214 7271 7254 7249 7270 7220 7227 7230 7225 7208 7238 7281 7259 1872 7213 7274 7237 7224 7250
1579 7286 7295 7335 7302 7308 7309 7293 7300 7317 7313 7328 7326 7330 7329 7284 1042 7321 7323 7327 7334 7301 7325 7303 7314 7305 7285 7289 7333 7316 7287 7310 7306 7294 7298 7297 7307 7304 7311 7283 7322 7332 7299 1989 7296
1580 7341 7337 7343 7338 7344 7342 7339
1581 7352 7346 7377 7362 7366 7373 7379 7363 7384 7372 7370 7383 7387 7375 7389 7391 7348 7378 7365 7345 7374 7392 7347 7382 7354 7393 7376 7388 7367 7396 7357 7359 7360 7361 7390 7353 7386 7380 7385 7355 7369
1582 7431 7405 7403 7419 7398 7423 7407 7411 7410 7421 7404 7408 7414 7400 7427 7417 7402 7413 7429 7434 7433 7424 7412 7416 7430 7426 7435 7418 7432 7437 7422 7420
1583 7454 7496 7451 7478 7502 7458 900 7475 7484 7460 7443 7459 7483 7442 7470 7471 7453 7485 7468 2752 7455 7477 7445 7479 7473 7452 7503 7493 7474 7481 7486 7480 7457 7463 7447 7444 7487 7456 7494 7467 7464 7438 7497 7490 7450 7465 7498 7461 7449 7466 7488 7472 7489 7499 7441 7491
1584 7508 7547 7566 7519 7577 7568 7524 7515 7551 7542 7511 7556 7574 7529 7539 7538 7513 7569 7521 7540 7549 7536 7528 7548 7561 7509 7555 7550 7575 7532 7546 7559 7505 7516 7523 7552 7557 7514 7571 7533 7558 7537 7520 7578 7573 7543 7565 7517 7553 7563 7562 7560 7525 7522 7526 7545 7544 7512 7572 7570
1585 7583 7584 7586 7581
1586 7629 7632 7621 7598 7595 7630 7591 7637 7604 7611 7636 7597 7618 7639 7631 7594 7627 7608 7622 7626 7601 7620 7602 7635 7603 7588 7616 7610 7605 7590 7640 7614 7624 7606 7599 7615 7617 7634 7613 7600 7628 7593 7587
1587 7673 7683 7656 7648 7650 7642 7657 7646 7666 7676 7681 7660 7659 7655 7661 7644 7677 7679 7672 7641 7653 7647 7670 7652 7645 7663 7664 7662 7667 7678 7668 7658 7651 7674 7671 7684
1588 6186 7687
1589 7693 7730 7742 7710 7747 7694 7743 7716 7738 7696 7712 7706 7724 7708 7711 7725 7719 7755 7734 7740 7701 7750 7697 7745 7723 7691 7729 7753 7709 7749 7722 3378 7736 7735 7728 7705 7752 7718 7756 1944 7720 7741 7715 7748 7689 7700 7731 7714 7692 7704 7733 7717 7737 7721 7746 7739 7751 2187
1590 7823 7793 7816 7766 7770 7788 7798 7790 7832 7834 7784 7806 7820 7796 7723 7844 7841 7814 7838 7835 7821 7795 7759 7772 7825 7818 5706 7765 7787 7807 7228 7830 7774 7808 7773 7797 7829 7762 7836 7779 7826 7803 7812 7785 7805 7831 7801 7833 7811 7763 7804 7809 7843 7780 7776 7764 7781 7791 7819 7794 7839 7810 7800 7799 7828 7767 7775 7771 7822 7824 7782
1591 7856 7906 7878 7896 7907 7894 7849 7899 7865 7916 7871 7882 7853 7891 2714 7893 7919 7923 7908 7885 7855 7900 7857 7873 7913 7846 7852 7886 7868 7895 7918 7904 7902 7867 7903 7861 1890 7912 7898 7851 853 7875 2643 7897 7914 7850 7845 7883 7890 7870 7879 7888 7862 7915 7924 7877 7866 7858 7884 7880 7881 7905 7854 7848 7872 7889 1490 7876
1592 7964 3347 7965 7929 7981 7957 7018 7925 7959 7943 7950 7979 7933 7941 7978 7958 7982 7977 7973 7975 7931 7951 7949 7963 4514 7954 7947 7926 7945 7960 7984 7938 7944 3337 7928 7985 7927 7948 7940 7956 7983 7967 2287 7962 7946 1428 7980 7934 7969 7935 7952 7971 7936 7939
1593 7993 7992 8029 8016 8028 8015 8041 8046 7991 8018 8052 8000 7999 8006 8032 8017 8022 8024 8020 8023 8042 8012 8005 8003 8051 7997 8050 8013 8007 8027 8011 8040 7986 8009 8030 7988 8056 8004 8021 8053 8049 8014 8031 8025 8001 7994 8002 8038 8019 8033 8035 8037 8043 8047 8055 8044
1594 8125 8095 8114 8085 8069 58 8131 8078 8057 8060 8130 8063 8132 8128 8066 8067 8077 8100 8107 8093 8118 8065 8089 8106 8087 8099 8116 8127 8123 8070 8104 8091 8105 8121 8102 8103 8059 8081 8074 8073 8075 8101 8068 8096 8115 8109 8120 8119 8088 8082 8071 8072 8097 8079 8113 8126 8112 8111 8129 8086 8117 596 8062
1595 8163 8141 8147 8168 8172 406 8186 8142 8192 8180 8146 269 8152 8143 8175 8185 8188 8177 8176 8166 8183 8155 8144 8169 8153 8187 8174 8158 8178 8133 8161 8173 8189 8179 8148 8156 8162 8165 6995 8149 8184 8134 8159 8154 8182 8137 8167 8170 8151 8135
1596 6031 8204 8200 8224 8205 8213 8216 8197 8207 8208 8221 8193 8215 8195 8218 8229 8199 8196 8214 8202 8223 8206 8225 8203 8226 8212 8209 8228 8194 8210 904
1597 8247 8245 8255 8235 8250 8238 8260 8236 8268 8267 8254 8262 8230 8240 8233 8261 8270 8252 8265 8242 8258 8263 8257 8239 8231 8253 8243 8246 8234 8232 8248 8249 8241 8266 8244
1598 8311 8277 8304 5317 8297 8316 8331 8279 8299 8322 8327 8319 8282 8341 8312 5177 8300 8330 8287 8329 8283 8323 8274 8342 8338 8336 8273 8321 8288 8310 8286 8324 8340 8294 8289 8295 8298 8309 8334 8278 4777 8335 8285 8315 8290 8306 8305 8272 8332 8320 8343 8317 8296 8328 8325 8284 8307 8313 8276 8301 8292
1599 8359 8357 8364 8344 8353 8352 1782 8360 8350 1811 8362 1819 8356 8358 1812 8351 8349 3119 8355 8346 8368 6034 8348 8354 8363 8347 8366
1600 8389 8382 8377 8396 8375 8380 8388 8378 8395 8386 8374 8387 8391 8370 8373 8372 8371 8369 8385 8383 8376 8392
1601 8427 8324 8438 8425 8414 8404 8464 8413 8470 8412 8458 8432 8473 8428 8400 8472 8420 8465 8446 8471 8397 8443 8424 8456 8422 8463 8436 8403 8419 8407 8460 8405 8398 8434 8410 8451 8462 8447 8437 8415 8454 8444 8426 8442 8439 8455 8440 8450 8457 8476 8461 8417 8445 8441 8475 8418 8435 8409 8448 8466 8406 8411 8402 8467 8401 8468
1602 8489 8479 8481 8490 7687 8488 8480 8484 8492 8487 8485 6186 8486
1603 8545 8542 8562 8530 8526 8501 8551 8543 8509 8547 8523 8520 8518 8565 8525 8556 8541 8533 8570 8537 8494 8534 8564 8524 8502 8531 8549 8506 8493 8561 8552 8571 8559 8521 8522 8532 8566 8507 8500 8569 8508 8540 8499 8516 8497 8505 8495 8568 8555 8554 8567 8527 8496 8512 8557 8546 8519 8550 8503 8553 8513 8560 8515
1604 8579 8598 8619 8609 8616 8587 8605 8592 8575 8580 8629 8617 8620 8606 8643 8614 8590 8573 8615 8603 8572 8604 8591 8645 8634 8632 8640 8577 8624 8646 8621 677 8627 8582 8601 8642 8608 8594 8599 8610 8626 8633 8578 8630 8613 8576 8593 8635 3635 8581 8596 8600 8611 8584 8644 8622 8586 8607 8589 8585 8574
1605 8654 8670 8701 8669 8685 8661 8658 8699 8666 8679 8653 8656 8664 8678 8705 8706 8675 7892 8647 8651 8682 8695 8693 8657 8711 8681 8663 8680 8686 3339 8673 8702 8688 8662 8674 8668 8709 8713 8677 7783 8689 8700 8659 8650 8704 8692 8676 8696 8667 8665 8655 8652 8649 8671 8703 8648
1606 8718 8736 8731 8753 8797 8725 8771 7895 8788 1870 8775 8769 8768 8785 8794 8778 8795 8723 8730 8746 8762 8739 8792 8796 8716 8727 8798 8724 8758 8789 8717 8741 8776 8745 4201 8793 8747 8799 8719 8738 8752 8728 8732 8791 8784 8740 8772 8761 8722 2576 186 8770 6390 8766 8777 8764 8726 8786 8774 8787 8767 8755 8756 8742 8729 8759 8760 8737 8783 8735 8763 8782 8748 8734 8743 8757
1607 8813 8814 8806 8828 8800 8843 8854 8869 8859 8863 8810 8807 8833 8836 8815 8841 8866 8805 8824 8875 8829 8872 8864 8849 8874 8861 8832 8802 8831 8818 8868 8871 8821 8870 8825 8817 8858 8862 8808 8809 8876 8812 8816 8855 8803 8801 8847 8848 8846 8838 8842 8804 8867 8830 8850 8827 8844 8851 8835 8839 8860
1608 8790 8908 8898 8881 8891 8896 8903 8893 8899 8905 8886 8880 8895 8884 8901 1826 8892 8904 8889 8906 8882 8890 8879 8902 8900 8894 8883
1609 8926 8917 8911 8912 8919 8918 8920 8921 8914 8916 8913 8909 8922 8927 8910
1610 8964 8983 8986 3204 8955 8947 8944 8942 8946 8931 8949 8981 8941 8975 8979 8958 3208 8943 8957 8939 8960 8982 8971 8959 8962 8969 8952 8953 8930 8974 8977 8970 8936 8933 8972 8934 8987 8928 8980 8961 8956 8968 8935 8937 8929 8948 8954 8985 8940 8950
1611 8996 9004 2047 9039 9015 9043 9000 8995 9034 9025 9032 9014 9008 8997 9027 8993 9003 9033 9020 9031 9036 9040 9022 9001 9002 9046 9019 9037 9044 9017 9045 9012 9011 9023 9016 8999 9018 8990 9007 9030 9047 8998 9026 9021 8994 9038 9029 9013
1612 9050 9048 7344 9052 9053 9060 9049 893 9061 9051 9059 9058 895
1613 9068 9063 9064 9071 9065 9067 9062 9069 9066
1614 9074 9075 8358 9077
1615 9116 9081 9118 9080 9078 9091 9085 9082 9105 9104 9129 9134 9132 9095 9124 9096 9086 9130 9099 9126 9131 9115 9128 9109 9117 9111 9097 9083 9090 9127 9119 9113 9121 9079 9092 2104 9087 9120 9100 9125 9122 9089 9112 9098 9123 9102
1616 9153 9166 9171 9137 9135 9168 9162 9152 9182 9180 9149 9185 9157 9154 9136 9161 9159 9148 9170 9165 9147 9187 9174 9186 9175 9144 9160 9169 9155 9173 9179 9164 9184 9158 9188 9145 9151 9138 9142 9178 9172 9139 9163 9167
1617 9202 9242 9226 9198 9211 9234 9216 9230 9190 9206 9205 9207 9231 9199 9215 9235 9209 9228 9208 9195 9233 9210 9229 9238 9227 9200 9232 9220 9239 9223 9224 9217 20 9197 9241 9192 3372 9237 9203 9222 9193 9225 9214 9218 9191
1618 9246 9243 9250 9247 9244 9245 2490 9259 9255 3973 9258 9252 3967 9257 9253 9251 9248
1619 9266 9320 9330 9340 9334 9306 9324 9328 9291 9265 9277 9297 9294 9269 9327 9283 9322 9280 9317 9341 9311 9326 9281 9275 9338 9267 9268 9316 9272 9284 9289 9273 9293 9308 9319 9300 9278 9274 9288 9332 9296 534 9298 9264 9336 9310 9309 9337 9286 9282 9339 9292 9321 9333 9279 9287 9318 9304 9270 9323 9307 9302 9313 9335 9325 9262
1620 9368 9343 9366 2476 9355 9370 9365 9356 9353 9361 9348 9372 9342 9364 9358 1789 2295 9363 9371 9373 9369 9349 9350 9359 9360 9345 9357 9344
1621 9383 9387 9381 9388 9376 9375 9380 9385 9382 6726 9386 9379
1622 9394 9391 9393 9389 9396 9390
1623 9431 9411 9448 9447 9421 9402 9401 9416 9399 9437 9408 9412 9450 9430 9414 9454 9455 9397 9452 9425 9405 9444 9432 9439 9422 9413 9426 9427 9453 9443 9428 9415 9440 9398 9429 9449 9451 9400 9445 9406 9438 9417 9446 9434 9424 9442 9404 9409
1624 9492 9495 9491 9468 9470 9473 9499 9472 9493 9482 9484 9461 9485 9458 9471 9459 9496 9475 9457 9479 9490 9460 9477 9481 9467 9474 9480 9466 9476 9489 9497 9486 9464 9463 9488
1625 9559 9507 9554 9538 9521 9552 9517 9500 9553 9570 9549 9564 4194 9518 9504 9548 9503 9542 9561 9515 9540 9526 9533 9551 9524 9546 9568 9519 9525 9558 9529 9574 9505 9510 9544 9565 9578 9555 9562 9516 9571 9501 9534 9547 8901 9535 9550 9545 9511 9539 9509 9506 9532 9520 9572 9541 9566 9573 9560 9527 9522 9575 9577 9514
1626 5031 9622 9608 9626 9601 9589 9579 9625 9623 9587 9598 9593 1537 9588 9627 9620 9602 9610 9611 9603 9616 9621 9606 9586 9580 9604 9615 1310 9584 684 9585 9594 9624 9612 9590 9600 9613 9619 9592 9595 9597 6576 9581 9605
1627 9630 9634 9633 9631
1628 9660 9648 9663 9649 9652 9635 9658 9642 9636 9662 9664 6389 9640 9654 9674 9644 9651 4323 9655 9671 9653 6948 9639 9657 9641 6542 9638 9666 9673 400 9670 9669 9645 9672 9668 9647 9659 9656 6386
1629 9675 9685 9679 8367 9684 6034 3958 9677 9683 9682 9680
1630 9708 9689 9707 9715 9686 9706 9718 9731 9724 9696 9712 9728 9729 9692 9730 9710 9734 9722 9721 9701 9688 9717 9739 9719 9733 9691 9713 9725 9727 9714 9732 9737 9697 9705 9736 9711 9702 9698 9699 9738 9687 9709 9693 9720
1631 9752 9747 9765 9768 9770 9787 9746 9785 9789 9772 9773 9753 9745 9774 9750 9776 9786 9760 9590 430 9783 9758 9784 9769 9771 1537 9775 9749 9754 9748 9762 2934 9756 9742 9779 9761 9751 9767 9755 9766 9788 9777
1632 9678
1633 9806 9834 9844 9860 9824 9856 9798 9826 9811 9822 9858 9821 9838 9813 9857 9831 9804 9842 9845 9835 9853 9847 9814 9802 9812 9820 9809 9805 9852 9859 9832 9808 9839 9801 9846 9819 9840 9843 9849 9851 9854 9836 9799 9816 9828 9803 9848 9815 9837 9825 9817 9807 9833 9797 9796 9829
1634 9885 9879 9903 9866 9865 9887 9868 9894 9876 9893 9910 9906 9889 9878 9899 1006 9892 988 9871 9905 9877 9870 9872 9862 9896 9864 9867 9886 9900 9911 9888 9883 9895 9873 9884 9898 9904 9897 9863 9908 9901 9880 9874 993 9902 1002
1635 9968 9947 9946 9917 9939 9922 9927 9913 9957 9925 9958 9918 9921 9943 9935 9929 9916 9971 9932 9945 9963 9914 9931 9953 9956 9933 9973 9972 9937 9964 853 9942 6879 9941 9915 9944 9948 6256 9954 3147 9936 9959 9934 9930 9950 9966 9926 9969 9961 9949 9974 9951 9919
1636 10016 9980 10027 9986 10028 10036 9984 9991 8349 9990 10049 10000 10035 10010 9989 10015 10003 10005 9977 10039 10048 10008 9997 9983 10020 10013 10038 10002 9999 10029 10012 10018 161 10043 9976 10032 9996 10031 9994 9992 10007 9998 9987 9993 10009 10026 10041 9995 2737 9985 10034 10004 10019 10033 10006 9988 10037 10024 10030 10022 10045 10017 3828 9982
1637 10053
1638 10112 10136 10135 10082 10107 10093 10144 10094 10141 10068 10129 10079 10121 10083 10071 10086 10073 10090 10057 10106 10134 10059 10092 10132 10065 10091 10137 10113 10140 10142 10139 10095 10081 10069 10119 10061 10062 10127 10115 10067 10102 10075 10131 10100 10104 10070 10133 10085 10089 10128 10101 10122 10077 10063 10074 10096 10105 10111 10072 10116 10114 10138 10125 10123 10120 10117 10078 10097 10088 10103 10145 10109 10054
1639 10162 10221 10175 10220 10193 10208 10219 10188 10211 10168 10213 10153 10172 10206 981 10200 3357 10157 10210 10217 10178 10195 10190 10192 10196 10170 10179 10223 10151 10197 10222 10156 10146 10215 10174 10155 10181 10148 10184 10186 10194 10216 10150 10163 10214 10212 10203 10159 10171 10147 10152 10154 10161 10187 3878 10205 10167 10149 10169 10199 10202 10173 10209 10165 10160
1640 10227 10283 10289 10296 10246 6752 10295 10238 10270 10263 10232 10301 10300 10225 10244 10242 10248 10264 10272 10303 10273 10278 10240 10249 10237 10230 10253 10226 10294 10224 10271 10261 10251 10306 10281 10297 10252 10262 10250 10258 10255 10257 10234 10260 10275 10266 10277 10233 10305 10231 10236 10269 10265 10228 10298 1064 10256 10292 10247 10254 10243 10279 10299 10302 10259 10276 10286 10241
1641 10325 10368 10353 10316 10347 10313 2258 10360 10314 10335 10332 10307 10346 10336 10359 10338 10321 10324 10358 10352 10309 10329 10322 10330 10369 10350 10317 10311 10319 10308 10354 10337 10366 10361 10349 10342 10333 10364 10339 10344 10318 10356 10320 10328 10355 10340 10341 10315 10310 10334 10331 10351
1642 10394 10405 10387 10380 10391 10417 10447 10439 10389 10375 10438 10390 10370 10403 10431 10373 10406 10425 10448 10386 10396 10407 10445 10434 10372 10379 10427 10421 10376 10399 10424 10435 10404 10371 10433 10377 10436 10416 10402 10430 10400 10437 10395 10428 10401 10374 10384 10409 10398 10444 10382 10414 10408 10429 10397 10446 10378 10393 10385 10420 10411 10441 10410
1643 10477 10470 10510 10515 10501 10479 10494 10458 10453 10507 10535 10454 10450 10525 10497 10483 10486 10519 10460 10529 10498 10459 10527 10487 10467 10523 10482 10500 10468 10502 10489 10485 10533 10534 10464 10504 10509 10532 10469 10484 10493 10474 10522 10481 10512 10457 10508 10520 10461 10495 10475 10536 10488 10492 10462 10490 10528 10503 10452 10513 10511 10514 10456 10518 10449 10473 10516 10496 10451 3267 10506 10463
1644 10540 10537 6185 6186
1645 10583 10586 10580 10579 10573 10550 4414 10589 10587 10556 10552 10567 10546 10558 10584 10591 10577 10549 10569 10560 10574 10548 10555 10582 10570 10566 10554 10542 10578 10593 10592 10545 10541 10575 10543 10547 10544 10576 10571 10561 10564 10563
1646 1532 2934
1647 10609 10616 10647 10621 10597 10641 10602 10640 10635 10645 10599 10642 10612 10603 10596 10619 10607 10633 10601 10632 10611 10625 10605 10637 10630 10606 10629 10628 10631 10600 10634 10608 10651 10598 10617 10648 10620 10623 10639 10627 10652 10646 10626 10638 10649 10614 10610
1648 10662 10716 10653 10711 10689 10694 10708 10671 10714 10717 10723 10690 10673 10664 10709 10685 10677 10702 10675 10698 10669 10693 10679 10660 10715 10654 10666 10700 10721 10657 10718 10706 10707 10655 10672 10710 10688 10659 10719 10703 10674 10712 10682 10697 10722 10443 10704 10665 10661 10681 10695 10684 10683 10687 10676 10701 10680 10663
1649 10724 10749 10770 10745 10735 5313 10776 10768 10741 10756 10755 10738 10772 10774 10746 10758 10752 10759 10727 10743 10767 10766 10725 10764 10729 10765 6126 10763 10754 10751 10740 10742 10760 10726 10753 10733 10731 10769 10757 10739 10762 10777 10736 10734
1650 10810 10825 10814 10792 10784 10811 10789 10831 10798 10785 10808 10801 10803 10781 4607 10822 10830 10793 10795 10829 7244 10778 10779 10826 1427 10787 570 10823 10805 10820 10797 10782 10790 10821 10123 10794 10827 10800 10799 10818 10813 10807 10802 10819 10824 10796 10788 10783 10832 10815
1651 10885 10860 10887 10872 10857 10889 10873 10891 10846 10854 10888 10844 10883 10871 10870 3960 10851 10868 10866 10863 10878 10890 10852 10869 10876 10834 10865 10862 10837 7476 10877 10879 10836 10839 10875 10867 10838 10833 10842 3792 10848 10853 10841 10850 10881 10849 10847 10892 10859 10840
1652 10902 10922 10909 10897 10921 10904 10901 10926 10903 10913 10925 10907 10899 10914 10915 10900 10924 10910 10920 10906 10919 10916 10918 10911 10923 10912 10917
1653 10927 10929 6698 10931 10928 10930
1654 655 10935 10944 10956 10955 10934 10947 10957 10937 10939 10945 10951 670 10943 10954 10940 10946 10936 10950 10942 10953 10949 10958 10948
1655 6711 10967 10968 10965 10960 10964 10966 10961 10963
1656 10986 11017 10975 10982 11002 10997 11044 11010 10971 10974 10998 10976 11033 11009 10969 11016 10987 10973 11025 11022 10972 11051 11000 11049 10993 10980 11047 11014 11034 11035 10977 11026 10979 10995 11024 10970 10989 11030 11041 11050 11020 11011 11043 10981 11048 10991 10999 11046 11045 10985 11042 10994 11023 11039 10983 11029 11052 10990 11027 11018 11040 11013 11015
1657 11078 11089 11102 11079 11057 11095 11104 11070 11067 11106 11080 11072 11084 11099 11061 11069 11083 11115 11110 11109 11086 11113 11073 11112 11098 11097 11058 11054 11059 11055 11101 11076 11088 7089 11075 11093 11068 11074 11096 11064 11071 11087 11111 11082 11077 11081 11090 11091 11108 11063 11062 11114
1658 11117 11119
1659 11139 11169 11167 11128 11155 11134 11153 11120 11146 11173 11142 11129 11174 11152 11164 11137 11143 11158 11160 11163 11168 11171 11127 11161 11131 11136 11154 11159 11144 11157 11122 11126 11132 11145 11121 11141 11162 11148 11150 11165 11166 11172 11123 11124
1660 11244 11217 11211 11201 11189 3193 11179 11208 11209 11198 11218 11176 11223 11235 11182 11212 11205 11229 11191 11241 11199 11228 11215 11248 11230 11177 11214 11234 11240 11225 11181 11195 11242 11222 11251 11196 11243 11188 11224 11178 11227 11187 11213 11246 11193 11216 11245 11184 11186 11183 11190 11250 11219 11192 11238 11207 11231 11180 11239 11203 11233 11226
1661 11268 11318 11299 11314 11304 11305 11284 11278 11316 11320 11274 11254 11277 11279 11317 11321 11261 11282 11273 11285 11297 11252 11257 11287 11256 11303 11270 11306 11264 11323 11293 11295 11302 11310 11266 11258 11272 11312 11298 11267 11292 11301 11286 11271 11296 11275 11265 11281 11280 11300 11290 11283 11319 11269 11307 11309 11313 11324
1662 11327 11326 11325
1663 11335 11363 11366 11331 31 11371 11361 11339 11350 11342 11349 11360 11329 11375 11368 1498 11355 11359 11334 11351 11348 11347 11362 5575 11338 11370 11369 11356 11354 11372 11336 11340 11358 11373 11352 11344 11343 11364 11333 11337 11332 11330 11341
1664 11379 11382 11381 9347 11389 11390 11385 11383 11388 11380 11378 11386 11387
1665 11416 11407 11412 11425 11409 11397 11405 5074 11401 11406 11395 11396 11423 11424 11422 11428 11421 11391 11417 11399 11419 11392 11414 11398 11411 11413 11415 11403 11400 11427 9137 11402
1666 11450 11457 11433 11453 11464 11489 11447 11434 11475 11487 11448 11486 11472 11482 11467 11438 11465 11456 11435 11440 11431 11459 11439 11481 11436 11454 11441 11444 11479 11445 11446 11476 11462 11478 11432 11460 11468 11461 11466 11430 11483 11442 11480 11455 11458 11485 11443 11470 4777
1667 11526 11529 11549 11555 11548 11495 11506 11514 11517 11499 11556 11522 11502 11543 11559 6790 2278 11562 11542 11523 11508 11533 11493 11538 11539 11558 11513 11510 11563 11561 11521 11565 11503 11531 11515 11509 11520 11553 11552 11560 11507 11534 11532 11504 11496 11498 11525 11554 11550 11505 11557 11540 11535 11527 11537 11545 11536 11512 11492 11518 11541 11511
1668 11586 11610 11566 11598 11619 11637 11611 11591 11601 11577 11593 11580 11567 11588 11614 11608 3524 11596 11624 11630 11584 11607 11594 11582 11618 4202 11572 11633 11639 11597 11570 11620 11571 11613 11587 11615 11592 11605 11602 11628 11568 11569 11583 11600 11629 11616 11595 11573 11621 11581 11599 11638 11622 11579 11612 11575 11636 11631 11617 11627
1669 11655 11690 11691 11647 11650 11685 11646 11680 11642 11670 11671 11694 11710 11702 11641 11682 11674 11663 11644 11645 11672 11708 11686 11693 11660 11661 11698 11700 11701 11678 11651 11654 11704 11667 11640 11662 11652 11673 11707 11684 11695 11657 11692 11668 11669 11688 11689 11649 11699 11656 11697 11676 11665 11706 11675 11683
1670 11766 11770 11758 11731 11724 11750 11769 11741 11751 11775 11730 11759 11723 11715 5576 11713 11716 11728 11733 11778 11745 11714 11711 11771 11739 11734 11719 11749 11725 9079 11746 11753 11757 11738 11729 11777 11785 11740 11767 11782 11718 11762 11737 11786 11717 11755 2287 11764 11735 11752 11784 11763 11756 2553 11721 11787 11776 11742 11774 11765 11772 11732 11712 11748
1671 11816 11821 11822 11800 11805 11807 11796 11797 11790 11806 11795 11812 11793 11801 11813 11819 11789 11810 11809 11820 11788 11798 11808 11818 11799 11814 11802 11811
1672 11870 11847 11860 11882 11885 11888 11895 7861 11871 11841 11886 2107 11828 11896 11893 11838 11880 11904 11854 11825 11855 11887 11866 11892 11867 11862 11857 11901 11891 11879 11863 11846 11829 11900 11861 11894 11839 11903 11873 11852 11868 11902 11889 11875 11881 11907 11843 11848 11853 11898 11826 11830 11905 11878 11856 11842 11899 11835 11897 11869 11832 11837 11877 11876 11874 11827 11840 11844 11845 11824 11890
1673 11909 11934 11920 11908 11917 11932 11928 11926 11933 11922 11919 11941 11910 11938 11946 11912 11913 11943 11923 11925 11921 11944 11916 11935 11939 11937 11930 11915 11929 11914 11936 11942
1674 11956 11974 11988 12003 11982 12011 11971 12007 12004 11995 11953 11987 11965 11963 12009 11968 11967 12012 11997 12008 1955 11954 11992 11978 11972 9803 11980 11970 11990 11949 11983 11999 11958 11984 11991 11959 11989 12013 11950 8468 12010 11960 11994 12001 11996 12005 11969 3008 6901 11957 11955 12002 11976 12000 11964 11979 9986 5955
1675 12044 12023 12034 12038 12015 12019 12036 12017 3057 12030 12026 12021 12042 3062 12037 3053 12039 12040 12024 12018 12043 12035 12029 12027 12033 12022 12016 12025
1676 12112 12075 12106 12081 12048 12090 12080 12085 12053 12071 12094 12091 12072 12092 12057 12113 12093 12084 12088 12095 12077 12082 12051 12054 12098 12107 2182 12079 12100 12101 12055 12103 12063 12060 12097 12047 12089 12074 12064 12068 12110 12104 12105 12078 12076 12069 12066 12087 12058 12099 12059 12046 12056 12108 12067
1677 12180 12146 12156 12142 12130 12159 12118 12181 12152 12125 12172 12126 12170 12167 12135 6708 12134 12141 12184 12173 12137 1567 12119 12128 12145 12150 12165 12169 12154 12182 12117 12164 12139 12160 12183 12133 12174 12158 12144 12185 12143 12123 12168 12176 12178 12131 12124 12163 12115 12153 12132 12140 12162 12179 12138 12148 12175 12166 12147
1678 12196 12187 12195 12191 12197 9670 12192 12186 12190 12194 12193
1679 12262 12233 12223 12226 12235 12237 12256 12238 12260 12245 12240 12257 12209 12266 12219 12243 12246 12215 12269 12258 12236 12229 12247 12268 12198 12252 12218 12201 12242 12203 12205 12265 12224 12207 12239 12267 12225 12241 12212 12228 12249 12253 12214 12200 12271 12250 12255 12213 12254 12221 12261 12199 12248 12202 12206 12231 12210 12208 12230
1680 12272
1681 12321 12323 12302 12313 12298 12307 12326 12283 12276 12300 12297 12337 12325 12341 12292 12299 12277 12317 12275 12343 12320 12305 12327 12287 12335 12311 12293 12291 12290 12281 12328 12338 12296 12322 12295 682 12285 12333 12312 12286 12334 12318 12346 12331 12340 12324 12273 12344 12279 12284 12303 12332 12274 12319 12310 12345 12315 12301 12278 12304
1682 12367 12388 12372 12355 12348 12377 12368 12366 12390 12378 12385 12382 12364 12384 12389 12353 12359 12347 12383 12352 12379 12358 12393 12376 12356 12369 12371 12374 12361 12360 12350 12386 12365 12373 12349 12380 2130 12391
1683 12443 12436 12430 12441 12406 12456 12426 12399 12437 12412 12453 12431 12429 12411 12408 12424 3267 12421 12395 12415 12457 12432 12448 12450 12440 12438 12416 12425 12394 12433 12401 12434 12396 12407 12452 12427 12414 12397 12404 12418 12409 12454 12446 12444 12419 12420 12413 12417 12447 12400 12410 12403
1684 12488 12495 12534 12467 12535 12537 12532 12506 12526 12536 12538 12481 12539 12533 12508 12518 12458 12520 12519 12504 12489 12496 12527 12491 12530 12523 12525 12524 12474 12464 12487 12505 12486 12468 12482 12472 12503 12497 12500 12509 12476 12517 12484 12498 12477 12461 12514 12490 12478 12512 12463 12483 12494 12521 12529 12485 12528 12462 12492 12465 12459 12473 12466 12515 12510
1685 3348 12557 12572 12546 12571 12543 12550 12553 12570 12584 12540 12563 12555 12551 12575 12552 12579 12576 12544 12542 12558 12573 12580 12541 12561 10423 12545 12583 12548 12577 12547 12549 12567 12581 12566 12554 7866 12564 12568
1686 12591 12592 12590 12585 12597 12586 12588 12602 12598 12587 12589 12594 12601 12603 12593
1687 12620 12633 12611 12636 2112 12640 12607 12616 12626 12637 12643 12610 12608 12631 12606 12621 12623 12629 12628 12605 12612 12622 12617 12635 12613 12619 12624 12630 12641 12632 12625 12627
1688 12645 12660 12683 12644 12654 12650 12679 12672 12670 12685 12678 12655 12667 2581 12665 12663 12648 12658 12662 12673 12677 12652 12669 12664 12671 12666 12646 12674 12675 12661 2580 12653 2576 12647 12682 12668
1689 12733 12686 12712 12708 12736 12732 12692 12698 12719 12728 12687 12745 12744 12739 12689 12709 12703 12694 12750 12699 12693 12727 12731 12724 12704 12747 12734 12701 12743 12740 12711 12742 12713 12741 12706 12695 12720 12735 12688 12700 12722 12746 12738 12749 12716 12748 12690 12697 12717 12705 12707 12696
1690 12766 12765 12812 12800 12799 12801 12774 11359 12780 12782 12783 12808 12809 12815 12759 12775 12763 12754 12755 12811 12817 12776 12816 12795 12752 12785 12757 12789 12768 12762 12779 8841 12797 12751 1082 12771 12796 12805 12807 12806 12787 12784 12798 12791 12764 12790 12758 12794 12756 12814 12813 12769 12778 10424 12760 12772 12753 12773 12818 12777
1691 12841 12889 12836 12867 12847 12880 12863 12865 12862 12885 12870 12861 6386 12883 12835 12856 12825 12846 12831 1354 12820 12859 12821 12828 12875 12872 12823 12860 12884 12837 12886 12850 12839 12890 12853 12864 12838 12891 12845 12852 12888 12840 12834 12866 12842 12826 12827 12877 12844 12871 12882 12854 12887 12876 12857 12878 12843 12824 12868 12833
1692 12941 12947 12953 12939 12946 12926 12930 12962 12963 12909 12912 12967 12956 12951 12911 12945 12957 12908 12906 12955 12922 12917 12933 12918 12927 12968 12904 12959 12916 12964 12898 10347 12942 12949 12948 12897 12913 12923 12910 12940 12914 12895 12907 12934 12954 12971 12966 12950 12893 12970 12943 12928 12938 12925 12896 12899 12936 12958 12901 12969 12919 3013 12937 12905 12972 12903
1693 13040 12981 13010 12978 13025 12991 13031 13043 13028 12984 13027 13009 12982 13024 13006 13021 13019 13032 13039 12990 13016 12994 13042 12998 13002 13030 12993 12997 13008 13012 13033 12976 12986 12985 13038 13026 13034 12975 13017 13023 12987 12992 13014 11765 13029 13037 13020 13018 13022 12979 13004 13015 12983 12995 13005 12996 12974
1694 13046 9346 13047 9247 13045 11381 13049 13053 6177 13050 13052 13051
1695 13110 13081 13076 13055 13058 13062 13084 13059 13091 13070 13107 13087 13061 13067 13105 13073 13092 13063 13103 13080 13078 13065 13095 13098 13097 13060 13111 13093 13094 13056 13088 13099 13075 13102 13090 13069 13086 13089 13109 13085 13057 4458 13077 13083 13101 13054 13074 13108
1696 13115 13118 13116 13125 13161 13129 13112 13122 13133 13113 13156 13135 13172 13176 13165 13121 13130 13160 13149 13147 13141 13154 13148 13132 13173 7083 13155 13152 13142 13158 13153 13163 13151 13138 13143 13134 13168 13136 13167 13171 13128 13145 13114 13169 13119 13175 13140 13144 13131 13117 13157 13123 13137 13177
1697 13199 13220 1046 13216 13196 13215 13218 13224 13190 13205 13192 13180 13179 13202 13210 13222 7948 5075 13183 13217 13226 13191 13212 13189 13194 13214 13204 13219 13200 13182 13213 13186 13221 13209 13181 13195 13203 13198 13185 13206 11329 13187 13201
1698 13237 13247 13232 13231 13230 13243 13246 13248 13229 13235 13240 13238 13234 13244 13245 13239 13250 13233 13242
1699 13265 13256 13255 13260 13267 13266 13269 13270 13264 13262 13253 13259 13263 13254 13252 13268
1700 13273 13280 13274 13281 13277 13276 13279 13272
1701 13329 13284 13298 13316 13288 13292 13335 4458 13307 13289 13306 13308 13326 13296 13286 13321 13304 13297 13327 13331 13310 13282 13318 13320 13319 13299 13328 13305 13302 13334 13283 13314 13312 13293 13294 13301 13332 13300 13323 13285 13295 13303 13291 13309
1702 13336 13398 13380 13371 13370 13347 13357 13355 13399 13351 13341 13337 13373 13389 13376 13379 13390 13367 13352 6005 13345 13386 13384 13364 13353 13338 13356 13344 13363 13374 13349 13368 13397 13348 13391 13340 13394 13343 13377 13388 3809 13382 13346 13385 13362 13361 13365 13392 13393 13354 13395 13350 13366 13387 13400
1703 13469 13463 13438 13412 13428 13407 13445 13468 13442 13444 13454 13419 13408 13443 13405 13435 13466 13403 13418 13448 13421 13455 13414 13425 13467 13427 13434 13420 13464 13433 13436 8092 13411 13439 13451 13426 13430 13461 13458 13446 13459 11352 5123 13422 13404 13431 13465 13424 13437 13460 13432 13456 13402 13447 13429 13450 13417
1704 875 12792 13510 13481 13495 13513 13504 13508 13507 13487 13505 13512 13473 8841 13500 13474 13501 13485 13509 13484 13479 7932 13506 13471 13483 13480 13514 2552 13493 7855 13503 13498 13491 2215 13477 13472 13488 13502 13492 7885 3139 13478 13486 13496
1705 13518 13546 13523 13559 13547 13544 13550 13526 13541 13534 13521 13549 2295 13525 13548 13527 2612 5816 880 13555 13519 5215 13543 13558 878 13540 13533 13531 13524 7006 13542 2743 13535 13553 13554 1826 13556 13539 13532 13562 13561 13538 13537 13522 13516 9251 13536 13560 13520
1706 13617 13595 13600 13591 13590 13622 13583 13619 13576 13594 13567 13613 13581 13611 13588 13616 13564 13596 13563 13575 13592 13566 13604 1503 13580 13574 13573 13598 10326 13565 7845 13585 13593 12447 13599 6726 13603 13589 13579 13614 13610 13578 13606 2643 13602 13582 13621 13568 13570 13615 13597 13569 13618
1707 13626 13641 13655 3829 13676 13636 13649 13659 13669 13638 13656 13635 13657 13685 13686 13650 13640 13671 13623 13646 13675 13673 13632 13654 13629 13647 13668 13687 13683 13681 6824 13667 13639 13651 13664 13663 13644 13631 13634 13625 13643 13637 13672 13688 13633 13684 13665 13630 13645 13648 13682 13658 13677 13642 13678 13679
1708 13706 13704 13703 13698 13696 13694 13691 13702 13710 13707 13708 13701 13709 13695 4205 13693
1709 13742 13778 13783 13766 13712 13718 13779 13780 13769 13737 13762 13719 13720 13774 13763 13723 13764 13738 13732 13761 13771 13757 13729 13755 13754 13725 13730 13722 13748 13768 13781 13733 13786 13726 13776 13772 13782 13773 13711 13760 13770 13731 2295 13721 13765 13735 13740 13787 13734 13785 13714 13751 13724 13747 13744 13713 13716 13746 11771 13717 13743 13756 13775 13753
1710 13788 13800 13794 13802 13849 13811 13801 13841 8349 13797 13803 13818 13810 9634 13831 13837 13835 13821 13819 13814 13806 13789 13817 13852 13813 13791 13798 13832 13826 13808 13842 13828 13839 13804 13848 13815 13836 13793 13807 13816 13824 13829 5816 13833 13825 13812 13790 13846 13830 13827 2737 13850 13809 13795 13792
1711 7388
1712 13870 13901 13899 13894 13879 13869 13909 13880 13868 13854 13858 13883 13915 13856 13903 13911 13859 13889 13875 13893 13907 13890 2628 13873 13857 13908 13882 13905 13914 13861 13916 13864 13867 13897 13871 13886 13892 13920 13910 13896 13913 13906 13919 13912 13878 13865 13862 13888 13902 13885 13904 13884 13855 13874 13898
1713 13926 13934 13965 13974 1002 13935 13929 13964 12497 13947 13966 13941 13949 13962 13954 13960 13963 13932 13951 13950 13948 13968 13953 13967 13939 13972 13930 13961 8581 80 9131 13931 13923 13957 13937 13943 13975 13942 13938 13952 469 13933 13928 13955 13970 13959 13924 13945 3174 13940
1714 14013 13983 14004 13988 13982 14000 13996 13998 14006 13984 14012 13997 14011 4594 13995 13992 13985 14007 13991 13980 13981 13977 13993 14001 14009 14008 14010 13986 13978 13990 13994
1715 14045 14054 14027 14075 14043 14036 14026 14046 14035 14057 14018 14038 14041 14059 14029 14070 14082 14053 14016 14077 14042 14071 14069 7091 14015 14033 14076 14031 14048 14080 14020 14058 14073 14050 14072 14039 14083 14079 14019 14028 14037 14060 14022 14067 14074 14081 14061 14051 14034 14047 14063 14064 14078 14017 14032 14044
1716 14084 6495 14124 14107 14134 14098 14085 14153 14159 14103 14147 14123 14146 14158 14088 14125 14116 14101 14113 14121 14104 14090 14152 14120 14096 14105 14140 14131 14143 14137 14126 14099 14145 14139 14128 14148 14119 14111 14130 14133 14114 14135 14127 14115 14109 14117 14149 14138 14129 14091 14095 14092 14086 14087 14142 14156 14157 14093 14151 656 14132 14136
1717 14161 92
1718 14165 14164 14193 14167 14171 14172 14190 14188 14184 14175 14170 4778 14177 14195 14189 14168 14187 14162 14163 14173 14183 14180 14181 14196 14179 14185 14194 14186
1719 14224 14242 14207 14258 14216 14206 14229 12827 14197 14244 14200 14228 14250 14208 14214 14254 14209 14227 7942 14204 14236 14201 14199 14212 14251 14239 14232 14230 14203 14223 14255 14213 14221 14222 14247 6498 14237 14235 14240 14226 14238 14231 14205 14246 14210 11714 14215 11734 14257 14219 14198 14249 14218 14248 2287
1720 14308 14314 14318 14320 14267 14274 14294 14265 14259 14283 5151 14296 14293 14281 14312 14299 14260 14290 14300 14263 14279 14264 14272 14282 14295 14268 14262 14277 14273 14284 14305 14298 14266 14302 14313 14271 14278 14309 14280 5302 14311 14307 14270 14289 14301 14286 14288 14319 14261 14292 14285
1721 14331 14322 14326 14324 14329 14327 14330 14323
1722 14401 14395 14383 14381 14377 14368 14400 14406 14403 14356 14376 14409 14332 14402 14355 14346 14343 14337 14339 14371 14373 14394 14408 14374 14388 14404 14333 14407 14367 14362 14370 6726 14336 14361 14349 14387 6338 14340 14363 4976 14342 14398 14389 14358 14369 14364 14399 14348 14338 14357 14375 14345 14405 14372 14335 14397 14352 14391 14379 14396 14385 14354 14384 14390 14393 14360
1723 8401 11294 14441 14447 14424 14429 14425 14420 14415 14427 14418 14412 14433 14438 14423 14416 5579 14430 14448 14426 14442 8408 14411 14414 14440 14435 14428 14443 14432 14422 14421 1508 14419 14446
1724 14468 14450 14474 3635 14479 14478 14488 14460 14461 14453 14489 14466 14482 14464 14457 14477 14475 14491 14484 3617 14452 14490 14467 14455 14487 14473 14454 14470 14458 14465 14472 14456 14485 14471 14462 14449
1725 14510 14504 14505 14493 14495 14519 14508 14503 14509 14528 14522 14499 14525 14524 14496 14520 14514 14500 14492 14512 14521 14506 14526 14523 14501 14511 14527 14502 14515
1726 14529 14530
1727 4205 14531 14534 14542 14537 14538 14532 14539 14535 14536 14541
1728 14559 14566 14569 14560 14586 14585 14597 14582 14591 14604 14565 14555 14546 14603 5764 728 14607 14596 14600 14561 14575 14590 2197 14595 14558 4514 14594 14574 14587 14564 14572 14608 7239 14610 14551 14556 14609 14568 14557 14576 14584 14563 14583 14547 14581 14571 14570 14599 14580 14601 14562 14567 14592 14611 14593 14550 14552 14545 14589 14579
1729 6803 14641 14624 5151 14664 14617 14635 14667 14639 14623 14613 14628 14634 14620 14654 7055 14647 14665 14625 14659 14621 6870 14633 14640 14619 14660 14636 14615 14637 14614 14638 14662 14652 14655 14629 6869 14626 14631 14643 14653 14642 14618 14651 14630 14644 14666 14663 14622
1730 14708 14695 14726 2193 31 14698 14677 14688 14718 14706 14696 14686 14702 5593 14697 14676 1498 14722 14679 14672 14674 14720 861 14681 14678 14727 14687 14707 14684 14673 14668 14692 14699 14690 14715 14710 14717 14685 3343 14725 14721 14700 1536 14724 14694 14723 14675 842 14719 14691 14709 14669 14716 14689 14671 14711 14693 14712 811 14670
1731 14750 14778 14758 14763 8468 8401 14748 14732 14757 14771 14774 14793 14762 14745 14777 14796 14738 14786 14764 14790 14761 14780 14773 14753 14772 14783 14798 14756 14760 14768 14788 14797 14755 14747 14759 14751 14742 14733 14741 14749 14766 14737 14784 14781 14731 14735 14769 14782 14776 14792 14740 14752 14770 14794 14754 14734 14779
1732 14807 14800 14808 14803 2476 1258 14806 1245 14802 1214 14804 14810
1733 14813 14814 14818 14817 14820 14811 14821 14812 1593 14815
1734 14838 14829 14840 14828 14830 14831 14842 14826 14833 14836 14843 14835 14848 14827 14846 14834 14832 14823 14837 14839 14824 14844
1735 14850 14849
1736 14854 14853 14852 14851 14856
1737 14887 14906 14870 10911 14882 14878 3350 14872 14884 14930 14868 14890 14933 14863 14931 14911 14920 14905 14921 14927 14876 14925 14910 14902 14894 14901 14873 14903 14892 14859 14914 14932 14881 14926 14900 14858 14877 14919 14898 14912 14899 14929 14867 14891 14924 14889 14888 14869 14864 14886 14928 14875 14917 14865 14862 4146 14883 14915 14874 14904 14896 14918 14860 14897
1738 15016 14938 14967 14971 14966 14960 14976 14947 14957 14961 14989 14959 14937 14953 15000 14949 14941 15009 14969 14997 14987 14945 14979 14946 14981 15015 14944 14939 14942 14940 15002 14956 15017 14964 14963 14934 14993 15005 15007 14962 14943 14955 14951 15010 14991 14990 14982 14948 14980 14975 14994 15013 14985 14983 14973 15012 15006 14977 14996 15011 14992 14936 14988 14972 14968 14954 14970 14958
1739 15046 15097 15043 15091 15054 15029 15036 15027 15081 15090 15034 15068 15075 15065 15078 15088 15100 15038 15093 15095 15022 15099 15052 11773 15063 15040 15023 15039 15028 15061 15057 15059 15080 15066 15020 15087 15101 15072 15074 15045 15049 15051 15024 15031 15053 15037 15030 15096 15098 15070 15044 15035 15048 15041 15073 15084 15025 15062 15094 15056 15092 15050 15060 15079 15082 15047 15021 15018
1740 6034
1741 15135 15154 15145 15142 15151 15133 15137 15136 15128 15108 15106 15138 15131 15105 15132 15143 15103 15150 15146 15125 15111 15120 15134 15124 15118 15115 15130 15155 15153 15122 15104 15117 15127 15147 15107 15126 15114 15149 15141 15113 15119 15112
1742 9057 15157
1743 15196 15200 15172 15203 7721 15201 9135 2183 15178 15199 15165 15191 15177 15182 14685 15188 15160 15189 2193 15184 15192 9113 5864 15166 7216 15173 15180 15161 2107 15167 15186 15207 15175 15197 15183 15181 15164 15163 15195 9158 15185 15202 15159 15198 15176 15179 15206 15194 15205
1744 15237 15250 15259 15224 15270 15236 15212 15109 15225 15247 15218 15213 15238 15260 15264 15221 15252 15275 15273 15253 15235 15245 15262 15241 15226 15215 15263 15209 15274 15230 15255 15220 15266 15267 15251 15214 15216 15261 15210 15243 15232 15222 15227 15231 15223 15254 15265 15242 15272 15239 15217 15248 15234 15256 15211 15271
1745 15277
1746 15344 15310 15327 15278 15280 15334 7319 15311 15298 15331 15306 15287 15328 15326 15295 15337 15342 15307 3378 15338 15319 15301 15329 15302 15320 15346 15330 15292 15285 15339 15299 15314 15312 15341 15291 15281 15308 15325 15303 15318 15286 15296 15309 15340 15284 15317 15322 15297 15332 15304 15315 15288 15282 15321 15293 15289 15324
1747 15374 754 15362 15366 15361 15353 15359 15376 15363 15355 15349 15377 15347 31 15364 5070 15352 15351 15350 2490 15371 15354 1782 15367 406 15372 15369 5307 15373 15348 15358 15357 15375
1748 15426 5630 15416 15410 15396 15422 15385 15412 15391 15378 15388 15419 15414 15395 15404 6323 15406 15381 8258 15401 15380 15423 15400 15399 15418 15393 15392 15429 15424 7860 15409 15389 15386 15398 14051 15394 15417 15413 15383 15415 15428 15403 15407 15411 15421 15420 2711 15379 31 8261
1749 15430 15446 15479 15453 15437 15438 15466 15449 15436 15459 15471 15469 15461 15467 15475 15460 15450 15444 15443 15473 15456 15463 15445 15478 15452 15476 15448 15474 15434 15447 15431 15435 15441 15454 15457 15432 15464 15455 15433 15470
1750 15503 15527 15484 15500 15505 15513 15485 15501 15494 15515 15517 15526 15528 15482 15489 15520 15516 15499 15483 15493 15492 15522 15486 15495 15531 15512 15506 15508 15498 15496 15497 15525 15519 15504 15487 15511 15491 15521 15507 15510 15524
1751 15532 15533
1752 15547 15567 15571 15536 15551 15584 15596 15539 15583 15562 15592 15586 15545 15575 15537 15578 15544 15572 15602 15535 15598 15591 15540 15599 15557 15561 15582 15581 15587 15594 15558 15559 15550 15570 15563 15566 15568 15554 15577 15560 15589 15546 15549 15600 15564 15580 15601 15538 15565 15555 15552 15574 15597 15590
1753 15650 15641 15605 15645 15609 15638 15610 15646 15616 15630 15626 3034 15603 15620 15642 15614 15615 15621 15613 14716 842 15628 15629 15623 15635 15612 15640 15636 15611 15637 15607 15633 3378 15625 9724 9690 15619 15648 15624 15632 15627 15618 15639 15631
1754 15695 15680 15702 15701 15705 15658 15661 15686 15696 69222 15664 15652 15694 15687 15699 15683 15673 15651 15657 15679 15681 15672 15689 15697 15693 15666 8841 15709 15671 15707 15656 15659 15678 15654 15703 15660 15706 15682 15704 15668 15665 15663 15667 15690 15669 15662 15675 15708
1755 15741 15732 15749 11805 15738 15722 15727 15713 15748 15737 15747 15725 15728 15724 15710 15715 15733 15721 15731 15730 15739 15746 15723 15745 15719 15740 15718 15743 15736 15720 15711 15712 15716 15734
1756 15787 15758 15793 15800 15769 15755 15760 15806 15791 15759 15779 15771 15761 15792 15782 15783 15756 15763 15794 15780 15785 15777 15790 15799 15801 15788 15754 15776 15798 15766 15796 15784 15750 15795 15778 15768 15775 15786 15772 15773 15752 15789 15797 15767 15762
1757 15821 15851 15831 15822 15817 15824 15826 15858 15840 15829 15813 15864 15827 15845 15832 15860 15861 15865 15823 15835 15867 15856 15839 15811 15833 15844 15818 15809 388 15855 15815 15857 15843 15842 15847 15854 15807 15814 15820 15866 15837 6257 15849 15862 15834 15848 15828 15830 15859 15863 15846
1758 15871 15915 15906 15891 15875 15883 15870 15887 15878 15907 15913 15905 15881 15895 15874 15897 15898 15889 15890 15908 15885 15917 15869 15884 15880 15888 15872 15893 15892 15886 15910 15877 15882 15903 15876 15873 15899 15868 15904 15909
1759 15961 15957 15919 15955 15969 15927 15973 15950 15925 15970 15941 15946 15940 15952 15966 15931 15959 15953 15938 7008 15942 15920 15951 15933 15922 15945 15962 15926 15964 7856 15972 15954 15974 15971 15960 15932 15937 15949 15939 15918 15967 15935 15943 15965 15948 15921 15947 3346 15929
1760 16025 15991 15983 16023 15987 16032 16010 15992 16021 16007 15976 16037 15997 15982 15989 11055 16012 16028 16001 16018 16036 16031 15977 16026 16030 16008 16035 16017 15996 15980 16029 15978 15998 15986 15984 16038 16020 16022 16039 15995 15994 16009 16019 16024 16011 15985 16000 16013 16014 15990 16004 16033
1761 16043 16044 16040 16042
1762 16091 16060 16079 16103 16081 16051 16049 16083 16097 16078 16086 16105 16056 103 16102 16066 16096 16047 16054 16055 16067 16094 16088 6851 3035 16089 16052 16075 16093 16058 8219 16062 16082 16046 16065 16071 16084 16077 16068 16076 16087 16057 16048 16100 16106 16059 16061 16063 15877 16074 16069 16101 16085 16072 16104
1763 16116 16163 16108 16136 16110 16171 16119 16129 16142 16114 16156 16135 16123 16148 16143 16166 16150 16120 16128 16125 16132 16157 16141 16122 16165 16169 16134 16151 16133 16112 16167 16145 16117 16115 16109 16131 16154 16121 16168 16137 16140 16124 16118 16147 16144 16159 16161 16107 16170 16152 16139 16162
1764 16182 16195 16201 16196 16211 16243 16220 16230 16237 16188 16178 16236 16192 16175 16185 16205 16221 16186 16173 16232 16219 16180 16227 16241 16179 16234 16214 16240 16202 16247 16242 16233 16208 16203 16200 16229 16218 16174 16246 16239 16190 16193 16231 16209 16222 16187 16224 4750 16199 16194 16223 16238 16197 16244 16215 16206 16235 16216 16177 16217 16184
1765 16269 16249 16282 16262 16278 16277 16276 16273 16252 16274 16251 16279 16253 16261 16259 16260 16263 16283 16254 16257 16270 16267 16256 16248 16265 16258 16268 16250 16255 16264
1766 16318 16293 16303 16324 16306 16325 16304 16321 16320 16307 16301 16311 16333 16298 16305 16330 16284 16323 16312 16294 16313 16300 16319 16308 16327 16322 16314 16334 16329 16299 16328 16302 16309 16291 16290 16289 16317 16287 16315 16297
1767 16374 16370 16352 16339 16379 16357 16407 16410 16376 16366 16365 16353 16369 16373 16392 16389 16402 16383 16347 16399 16387 16348 16394 16380 16393 16336 16406 16384 16361 16359 9594 2303 16354 16409 16350 16355 16335 16338 16385 16345 16337 16375 16344 16367 16346 16351 16404 16390 16401 16341 16388 16362 16340 16395 16358 16381 16372 16349 16356 16342 16371 16364
1768 16440 16413 956 16425 16434 16447 16430 16461 16465 16444 16450 16415 16446 16443 16412 16451 16456 16462 16468 16466 979 16471 16419 16426 16428 16433 981 16445 16454 16427 16459 16469 16442 16414 16470 16436 16418 16417 16455 16431 16463 16449 986 16420 16439 16453 16460 16416 16438 16437 16448 16464 16423
1769 16485 16476 16484 16481 9254 16480 16474 16475 16472 9255 9252 16483 16477 16486 2490 2489 16478 3973
1770 16515 16516 16524 16533 16509 16505 16506 7855 16498 16487 16538 16495 16499 16528 16503 16530 16544 16519 16541 16507 16504 7945 16537 13474 16540 16522 16531 16521 53 16510 16539 16517 16488 16491 16490 16520 16529 16552 16502 16511 16534 16493 9132 16518 16549 16525 16496 16547 16536 16546 16532 16543 16551 16554 16497 1468 9126 16553 16542 16508
1771 16568 16570 13797 16560 16561 16558 16559 16578 16601 16584 16562 16566 16579 16576 16565 16590 16575 16567 16581 16599 14909 16595 16569 16598 16580 16557 16564 16594 12860 16563 16597 16586 16585 16555 16571 16587 16603 16602 1830 16592 16600 16596
1772 16608 16604 16606 16611 16610 16607 16612
1773 16659 16622 16676 16653 16625 16642 16620 16631 16643 16644 16627 11913 16614 16663 16673 16652 16629 16662 16640 16646 16660 16647 16634 16678 16666 16638 16632 16633 16664 16617 16654 16669 16616 16630 16615 16635 16677 16626 16665 16641 16650 16645 16618 16613 16674 16623 16656 16619 16657 16670 16667 16675 16672
1774 16709 16723 16702 16727 16724 16699 16712 16738 16707 16733 16719 16708 16679 16725 16734 16743 16681 16690 16740 16721 16716 16742 16741 16700 16692 16685 16718 16688 16710 16689 16730 16704 16687 16717 16715 16683 16698 16729 16696 16737 16694 16713 16691 16703 16720 16695 16686 16726 16684 16739 16701
1775 16798 16755 16768 16761 1006 9887 13319 16791 16758 16772 16765 16810 16812 16806 16754 16781 16751 16787 16756 16745 16775 16771 16785 16764 16796 16801 16757 16784 16763 16799 16770 16753 16809 16777 16802 16793 16762 16811 16748 16789 16749 16807 16769 16813 16767 16786 16774 10666 16788 16747 16773 16808 16752 16800 16804 16779 16790 16750 16759 16766
1776 16855 10445 16861 16853 16858 16818 3034 16828 16833 3187 16859 16844 12556 16822 16863 14704 16829 2486 16840 16849 16857 16856 16832 16820 16823 16864 16817 16815 16836 16835 16819 16865 16839 16851 16862 16838 16852 16821 16846 16816 16834 16848 16830 16847 16824 16854 16826 16850
1777 16868 16872 16877 16893 16891 1909 16875 10602 16881 16876 16887 16895 16869 16897 16884 16888 16873 16886 16880 16898 16894 16883 16896 16874 16866 16879 16882 16892 6356 16867
1778 16916 16925 16902 16943 16912 16931 16935 16903 16937 16926 16924 16908 16932 16922 16900 16918 16938 16941 16905 16907 16914 16930 16934 16913 16923 16917 16909 16928 16910 16899 16906 16929 16940 16915 16944 16904
1779 16954 16989 16977 16979 16957 16980 442 9457 16959 16985 16991 16971 16950 15941 16983 16974 16999 16955 16966 16956 16952 16970 16946 16947 16949 16951 16960 17000 12487 16986 16994 16945 16972 16973 16998 16976 16964 16962 16997 16982 16996 14183 2481 16958 16975 16990 16968 16967 16984
1780 17002 6829 17004 6716 17001 17003
1781 17007 17008 17006 6034
1782 17014 17039 17069 17050 17010 17024 17075 17052 17042 17066 17013 17038 17018 17035 17047 2938 17026 17059 17064 17077 17060 17071 17020 17058 17011 17037 17054 17025 17015 17079 17055 17063 17056 10337 17046 3271 17072 17065 17076 17023 17017 17030 17073 17043 16469 17078 17074 17061 17033 17019 17031 17080 17040 17032 17048 17022 17028 17041 17057 17029
1783 17125 17150 17153 17109 17106 17123 17086 17116 17102 17089 17144 17117 17092 17141 17103 17133 17142 17118 17108 17090 17131 17094 17146 17147 17121 17083 17130 17145 17099 17095 17091 17093 17088 17154 17087 17104 17085 17137 17115 17081 17132 17098 17113 17101 17139 17138 17152 17107 17149 17112 17148 17126 17135 17114 17127 17096 17151 17111 17119
1784 17175 17165 17199 17188 17172 17207 17220 17184 17170 17209 17176 17163 17197 17167 17219 17201 17193 17179 17221 17187 17182 17191 17211 17178 17158 17194 17222 17196 17164 17185 17169 17161 17213 17155 17192 17181 17195 17204 17216 17166 17171 17212 17186 17160 17215 17206 17205 17173 17208 17218 6189 17162 17189 17168 17198 17190 373 17177
1785 17249 17269 17241 17240 17293 17285 17235 17290 17281 17275 17287 17283 17244 17298 17234 17291 17243 17250 17226 17246 17274 17266 17256 17273 17254 17272 17247 17294 17284 17239 17300 17253 17288 17286 17245 17228 17301 17238 17276 17233 17231 17292 17302 17259 17277 17279 17260 17306 17236 17263 17271 17225 17295 17268 17255 17227 17242 17307 17282 17278 17257 17252 17265 17251 17270 17258 17229 17248
1786 17376 17311 17319 17312 17381 17351 17369 17341 17353 17318 17324 17343 17315 17335 17316 17359 17364 17355 17352 17370 17308 8387 17356 17345 17354 17349 17329 17377 17366 17339 17321 17363 17380 17365 17327 17314 17374 17373 17385 17313 17317 17326 17310 17325 17346 17333 17338 17378 17362 17342 17379 17371 17337 17367 17334 17357 17383 17323 17350 17361 17336 17309 17344 17340
1787 17428 17431 17405 17397 17418 17435 17432 17392 17400 17442 17427 17447 17403 3940 17430 17422 17410 17399 17419 17446 17425 17417 17450 17445 17388 17396 17393 17440 17438 4670 17421 17389 17452 17423 17439 17433 17409 17443 17453 17420 17434 17416 17391 2190 17402 17387 7191 17441 17394 17408 17412 17451 17444 17448 17401 17414 17404 13523
1788 17460 17462 17522 17521 17473 17492 17464 17468 17485 17489 17466 17519 17494 17516 17476 17514 17497 1354 17459 17479 17490 17518 17487 17520 17525 17523 17512 17506 17458 17496 17507 17498 17509 17467 17500 17495 17524 17508 17510 17465 17517 17503 17488 17461 17469 17486 17526 17457 17511 17481 17504 17493 17471 17474 17482 17483 17478 17477 17456 17480
1789 17580 17566 17560 17532 17541 17549 17564 17554 17548 17545 17570 17543 17540 10903 17563 17546 17561 17576 17531 17585 11647 17530 17533 17556 17582 17555 17527 17574 17539 17567 17572 17581 17569 17557 17536 17544 14673 17529 17587 17565 17542 17535 17552 17538 17550 17578 17583 17573 3166 17575 1088 17559
1790 17598 17618 17596 17595 17597 17622 17612 17588 17602 17611 17599 17606 17594 17603 17589 17601 17625 17623 17609 6010 17607 17605 17616 17617 17592 17621 17610 17613 17620 17624 17614
1791 17678 17686 17634 17681 17658 17685 17675 17642 17637 17633 17665 17636 17639 12451 17659 17653 17677 17684 12456 17628 17646 17669 17661 17660 17683 17672 17627 6866 17651 17650 17631 10287 17667 17643 17652 17689 17670 17668 12400 17688 17654 17662 17638 17682 17680 17687 17648 17644 17663 17647 17640 17666 17632 17656 17674 17676
1792 17722 17726 17703 17720 17695 17730 17718 17704 17728 17694 17710 17734 17692 17716 17733 17736 17706 17723 17735 17701 17693 17705 17731 17691 17699 17708 17698 17725 17724 17729 17711 17727 17719 17732 17714 17697 17713 17715
1793 17738
1794 17816 17771 17789 17754 17806 17745 17781 17782 17774 17813 17819 17769 17756 17785 17740 17760 17761 17750 17787 17805 17784 17779 17797 17763 17743 17775 17747 17759 17749 17804 17817 2740 17786 17818 17803 17800 17746 17791 17764 17798 17766 17773 17790 17801 17820 17748 17762 17796 17753 17768 17772 17757 17765 17758 17807 17742 17767 17751 17809 17777 17770 17812 17808 17810 17780
1795 17867 17887 17847 17885 17863 17838 17843 17868 17846 17822 17829 10420 17854 17857 17826 17855 17874 17880 17881 17845 17839 17842 17827 17821 17824 17897 17872 17861 17892 17883 17830 17833 17871 9219 17835 17875 8211 17896 17837 17834 17836 17889 17882 17879 17873 17832 17856 17878 17895 17860 17869 17841 17893 17890 17852 17831 17866 17840 17823 17891 17850 17864 17862 17884
1796 17902 17908 17900 17899 17904 17909 17903 17905
1797 17933 17951 17949 17938 17927 17928 17918 17915 17914 17919 17930 17936 17924 17923 17912 17921 17911 17916 17934 17954 17943 17937 17940 17953 17946 17950 17942 17952 17948 17939 17922 17929 11174 17947 17917 17910
1798 17998 17966 17985 17961 18000 16528 17993 17979 17984 17964 18006 18008 17980 17973 2888 18002 16467 17995 17996 17967 17994 17955 17956 17972 17988 17992 17978 17986 17962 17976 18003 17991 17971 17969 9089 18007 16544 17982 17959 17974 18001 17989 18009 17957 852 17977 17958 17997 17987
1799 18029 18045 18019 18037 18060 18031 18018 18014 18072 18074 18066 18033 18016 18064 18023 18039 18065 18026 18053 18049 18013 18038 18048 18055 18067 18017 18011 18044 18024 18012 18020 18032 18034 18068 18058 18028 18047 18043 18035 18071 18063 18040 18061 18036 18069 18010 18027 18059 18062 18070 18057 18041
1800 18091 18096 18075 18102 18093 18090 18081 3831 8222 18109 10862 18110 18097 18108 18117 18111 18082 18078 5215 18099 5310 18085 18124 18120 18116 18089 18107 18079 18100 18113 6802 18092 18083 18119 18106 7769 18115 18123 14376 18114 244 18105 16581 18077 18122 3785 18087 18076 5204 18101 18118 18088
1801 18152 18166 18191 18148 18192 18146 18183 18140 18159 18126 18189 18177 18150 18176 18168 18190 18161 18167 18188 18133 18156 18173 18153 18185 18182 18175 18172 18164 18125 18180 18154 18130 18143 18170 18171 18149 16302 18139 18184 18135 18157 18128 18181 18174 18155 18138 18169 18187 18136 18137 18178 18132 18160 18151 18158 17205
1802 18223 18243 1468 18221 18251 5579 18230 18196 18245 18247 18194 18208 18255 18213 18237 18238 18199 18246 18249 18197 18228 18209 18256 18211 5652 18252 18253 18240 18217 18210 18214 18203 18231 18232 18219 18248 18254 18200 18198 18206 11189 18244 13566 18226 18224 18241 18212 9126 13422 18235 18250 18195 18207 18229 18222 18216
1803 18299 18259 18273 18275 18289 18312 18294 18303 18316 18279 18290 18302 18277 18305 18304 18292 14213 18264 18306 18272 18319 18288 18291 18263 18320 18327 18267 18268 18323 18269 18206 18297 18324 18313 18278 18308 18307 18258 18265 18262 18293 18322 18284 18261 18283 18285 18270 18286 18311 18276 18280 18274 18300 18271 2059 18315 18328 18282 18309 18301
1804 18350 18361 18381 18335 18354 18375 9827 18340 18377 18360 18336 18353 18362 18379 18364 18365 18346 18371 18344 3941 18342 3187 18366 18352 18359 18330 18333 18376 18369 18341 18372 18367 18331 18356 18373 18345 11174 18370 18374 18380 18329 18368 18378 18358 18347 18337 18355 18363 2628 18348
1805 18384 18408 18422 18396 18429 18417 18390 18425 18407 11640 18413 18419 18420 18418 18399 18421 18427 18414 18400 18395 18398 18409 18428 18386 18404 18412 18426 18394 18387 18389 18416 18382 18405 18392 18401 18383 18403 18424 18415
1806 18442 18455 18445 18433 18449 18446 18448 18452 18430 18453 18460 18432 18447 18458 18431 18451 18450 18456 18454 18436 18464 18444 18462 12730 18434 18441 18437 18443
1807 892 18467 18466
1808 18478 18469 18489 18510 18525 18477 18484 18514 18468 18488 18497 18485 9762 18526 18524 18494 18483 18499 18513 18516 18506 18500 18487 18515 18501 18523 18491 18482 18502 18493 18505 18479 18518 18508 18475 18527 4607 18522 18509 18480 18490 18496 18473 1427 18470 18476 18519 14215 18486 18503 18512
1809 18528
1810 8350 3119 8355 8351 8357 18530 8349 8358 8354
1811 18533 18534 18532 4205 18537 4202 18536
1812 18540 18569 1788 18577 18547 18580 18560 18573 18552 16972 18565 18555 18543 18549 8352 8358 18567 18551 2481 18581 18578 8357 18557 18538 8354 18541 18556 3817 1826 18542 18561 18558 8356 18570 18574 8351 2743 18566 18571 3829 18553 18545 18575 18579 18546 18548 18568 18572 895 18559 8353
1813 18631 18648 18615 18606 18605 18587 18599 18614 18609 18595 18628 18637 18636 18630 18592 18611 18616 18590 18638 18602 18633 18639 18645 18627 18634 18603 18619 18641 18607 18610 18586 18600 18591 18597 18601 18620 18640 18594 18583 18643 18617 18629 18618 18622 18647 18621 18646 18588 18596 18593 18585 18608 18642 18624 18598
1814 18650
1815 18659 18660 18654 18679 18652 18669 18673 18676 11315 18689 18658 18665 18690 18666 14446 18664 18687 18698 18699 18675 18680 18695 18685 18667 18693 18694 18672 18682 18691 18686 18661 18700 18696 18692 18674 18671 18662 18678 18683 18651 18653 18677
1816 18733 18720 18708 18744 18727 18706 18735 18718 18703 18701 18729 18716 18736 18715 18702 18721 18741 18711 18726 18737 18714 18722 18717 18712 18730 18709 18713 18740 18732 18728 18731 18739 18724 18743 18705
1817 18753 18749 18748 18755 18758 18756 18751 18747 18754 18745 18752 18757 18759
1818 18769 16558 18766 18764 18770 18767 18768 18763 14352 18765
1819 13541 18822 18775 18799 18776 18787 18819 18805 18788 18777 18827 18786 18826 18818 18802 18820 3559 2090 18796 18813 18811 18803 18821 18781 18790 18792 18809 3831 18794 18774 18773 18784 18814 18791 18808 6189 18778 18801 14634 18807 18804 18800 18780 18812 18823 18817 18798 18779
1820 1383 18838 18861 18857 18855 18833 18847 18862 18856 18837 18851 18859 18828 18845 9122 18843 18836 18853 18863 18842 18829 18832 18830 18858 18854 18852 18839 18860 18835 18841
1821 18877 18909 18898 18903 18895 18893 18907 18896 18879 11722 18906 18912 18864 18868 18880 18889 18918 18866 18919 18920 2190 18876 18901 15981 18870 3635 7953 18925 18892 18915 18885 18917 18884 18865 6386 18913 18923 18911 10379 18873 18882 18910 18900 18897 18908 18927 18874 18875 18899 18867 18869 18891 18871 18924 18878 18922
1822 18954 18931 18983 18957 18942 18962 18961 11758 11824 18964 18944 18933 18956 18934 18936 18940 18988 18969 18943 18958 18939 18941 16501 4610 18987 18952 18965 18953 18928 18937 18971 18970 18974 18945 18948 18980 18930 18967 18935 18959 18982 18973 18976 18979 18981 18955 18932 2545 18989 7860 18946 18938 18978 9094 18986 18929
1823 18999 19000 18997 18994 19001 18996 3119 18993 18992 18991 18990
1824 19015 19009 19017 19037 19003 19014 19029 19038 2112 19026 19005 19035 19044 19031 19049 19002 19040 19039 11853 19010 19048 19006 19011 19004 19016 19024 19045 19019 19022 19023 19042 19028 19036 19027 19046 19047 19021 19032 19043 19030
1825 19052 19064 19115 19090 19124 19119 19104 19091 19074 19072 19099 19121 19073 19085 19089 19092 19060 19095 19118 19071 19058 19096 19087 19109 19110 19061 19066 19108 19065 19069 19122 19083 19055 19097 19116 19063 19056 19111 19113 19120 19078 19054 19101 19082 19100 19057 19059 19077 19070 19125 19093 19107 19053 19076 19075 19051 19080 19094 19079 19114
1826 19142 19154 19129 19144 8421 19145 19135 19126 19157 19148 2107 19149 19146 5690 19137 17737 19164 19140 19141 19156 19127 19151 19130 19134 19155 19138 9109 19128 19161 10938 19153 19147 19165 19162 19143 19139 10233 19158 2282 10469 19166 19150 19133 19159 9083
1827 19177 19209 19214 19228 19229 19230 19188 19203 19185 647 19190 19233 19191 19172 19181 648 19168 19176 19173 19192 19171 19210 19213 19175 19227 646 19180 19219 19184 19182 19225 19211 19215 19169 19170 19231 19200 19202 19196 19205 19224 19183 7142 19193 19186 19167 19199 19234 19197 19212 19174 19204 19222 19179 19201 19195 19218
1828 19237 19241 19236 19240 6034 19235
1829 19285 19257 19278 19242 19247 19277 19265 19261 19271 11818 19252 19289 19245 19248 19262 13972 19192 2467 19282 19286 19260 19243 19273 19267 19253 6726 14725 19270 19288 19250 19279 19284 19272 19269 19264 19251 19249 19258 9932 19259 19276 19255 19283 19246
1830 19306 19332 2711 19294 19329 6536 19338 19290 19321 19337 19310 19339 19330 19309 19319 19297 19302 19326 19344 19345 19303 19312 19336 19293 19343 19348 19291 19300 19311 19346 19305 19324 12767 19328 19308 19331 19335 19301 19325 19315 19299 19296 19322 19323 19320 19304 19295 8855 19314 19292 19341
1831 19362 19382 19365 19364 19388 19370 19357 19383 19351 19399 19396 19373 19360 12909 19367 19350 19397 7216 19354 19381 7208 14825 19359 19385 19372 19352 19363 3132 19391 19366 19361 19398 19380 19390 814 19379 19394 19356 19349 1064 19386 19401 19353 19355 19375 19358 19378 19387
1832 19414 19419 19436 19433 19415 19458 19424 19406 17973 19409 19451 19431 19443 19421 19434 19430 19402 19405 19407 19404 19464 19453 19428 19439 19460 19454 19423 19452 19445 19446 19466 19462 19437 19444 19461 19455 19429 19412 19449 19420 19416 19422 19408 19403 19456 19457 19411 19441 19463 19410 19418 19447
1833 19471 13236 19468 19470 19472 19473
1834 19475 8893 19474 19476
1835 19509 19502 6751 13505 19482 19491 19490 19485 19494 19479 19514 2404 19505 19486 1468 19498 1872 19515 19512 19501 19478 19507 19519 1508 7216 19517 19487 19489 19497 19493 13474 19500 19508 19511 2643 19496 19495 19480 19510 19481
1836 6034 11327
1837 19523 19544 19549 19569 19563 19568 19547 2049 19550 19553 19526 19521 2104 19548 19536 19571 19522 19534 19566 19559 19574 19561 19532 19538 19537 19558 19528 19573 19546 19565 19530 19577 19562 13341 19524 19543 19552 19545 19575 19551 19539 19567 19542 19570 19556 17528 19557 19555
1838 19628 19614 19607 19636 19581 19617 19633 19596 19591 19618 19642 19623 19588 19652 19654 19595 19639 19610 19579 19646 19626 19630 19589 19578 19644 19641 19653 19651 19643 19635 19613 19640 19629 19616 19601 19602 19603 19604 19606 19585 19605 19597 19580 19586 19608 19600 19592 19593 19619 19584 19647 19625 19590 19599 19632 19649 19648 19611 19622 19594 19631 19634
1839 19670 19706 19692 19682 19694 19711 19724 19690 19731 19680 19727 19732 19660 19719 19667 19671 19728 19726 19675 19697 19717 19723 19678 19716 19712 19656 19703 19685 19663 19718 19693 19669 19657 19734 19664 19714 19729 19689 19683 19658 19691 19673 19701 19666 19688 19699 19695 19655 19662 19672 19674 19730 19710 19668 19709 19713 19679 19677 19722 19659 19684 19681 18520 19725 19721 19665
1840 19763 19753 19746 19743 19741 19766 19754 19749 19742 19760 19765 19745 19740 19738 19759 19762 19755 19737 19751 19750 19767 19747 19761 19736 19757
1841 19774 19773 10933 19782 19775 19769 6141 19779 19776 19768 19777 19781 19780
1842 19795 19800 19785 19802 19809 19787 19820 19783 19816 19794 19817 19801 19784 19793 19804 19822 19790 19786 19788 19805 19791 19796 19811 19814 19824 19821 19819 19799 19797 19798 19806 19808 19789
1843 19861 19862 19836 19832 19857 19863 19880 19855 19882 19881 19825 19840 19859 19830 19848 19831 19839 19865 19872 19852 19853 19826 19835 19877 19847 19866 19868 19841 19864 19878 19874 19828 19856 19829 19887 19843 19854 19834 19838 19870 19875 19871 19845 19883 19844 19842 19860 19849 19873 19867 19837
1844 19931 19894 19936 19939 19892 19916 19915 19932 19925 19945 19912 19901 19902 19926 19914 19927 19938 19923 19911 19948 19921 19910 19895 19934 19905 13410 19898 19909 19897 6218 19896 19890 19922 19943 19947 19941 19933 19906 19935 19908 19924 19920 19889 19891 19928 19919 19913 19937 19900 19903
1845 19963 19956 20000 19993 19975 19994 19992 19960 19957 20010 19977 19976 19950 19949 19988 19980 20009 19969 19970 20008 20005 20007 19952 19997 19989 20019 19971 7026 19965 20015 19987 19979 19973 19995 20004 19961 19991 19998 19996 19953 19983 19962 20006 20020 19990 19968 19985 19954 19972 19982 20016 19951 20002 20011 19958 19974 19955 5630 19986 19967
1846 20022 20023
1847 20065 20079 20088 20031 20059 20063 20071 20042 20091 20082 20093 20081 20084 20083 20035 20078 20034 20048 20070 20045 20060 20043 20040 20038 20075 20044 20086 20073 20030 20057 20028 20052 20068 20050 20029 20090 20056 20036 20055 20072 20087 20033 20080 20046 20064 20037 20069 20067 20089 20062 20026 20061 20049 20039 20027 20076
1848 20146 20159 20137 20112 20148 20119 20133 20107 20135 20154 20095 20108 20149 20161 20140 20143 20139 20153 20136 20103 20131 20109 20129 20123 20111 20114 20121 20115 20094 20122 20134 20100 20113 20106 20152 20138 20125 20098 20099 20116 20120 20144 20126 20096 20110 20124 20141 20160 20157 20105 20130 20150 20118 20132
1849 20179 20168 20181 20212 20186 18102 20165 20204 20175 20162 11390 20215 20183 9634 20192 20171 20203 20177 20200 20189 20211 20199 20185 20209 20213 8904 20198 6034 4594 20163 20205 20176 20195 20208 20191 4599 20210 20184 20173 20197 20172 20178 19238 20202 20188 9250 20207 7476 20214 20194 2295 20170 11379 20190 20169
1850 20256 20255 20273 20247 20262 20281 20239 20228 20280 20277 20274 20276 20248 20238 20226 20230 20258 20236 20272 20224 20279 20251 20250 20270 20264 20283 20263 20260 20231 20235 20275 20253 20243 20282 20219 20240 20241 20261 20245 20269 20257 20234 20267 20222 7518 20225 20223 20221 20237 10884 20249 20242 11232 20252 20244 20220
1851 20334 20351 20318 20303 20295 20337 20306 20305 20321 20357 20340 20288 20338 20307 20325 2737 20330 20352 20320 20336 20319 20344 20284 20300 20343 20353 20341 20301 20342 20285 20333 20296 20324 20302 20335 20328 20355 20286 20348 20304 20311 20323 20345 20299 20329 20339 20291 20315 20292 20308 20327 20314 20354 20346 20356 20332 20297 20347 20331 20322 1042
1852 20404 20410 20375 20374 20384 20358 20401 20407 20377 20392 20366 20368 20416 20364 20406 20408 20360 20417 20363 20420 20369 20365 20376 20418 20367 20388 20393 20391 20421 20387 20405 20379 20396 20385 8210 20397 20371 9725 20359 20390 20372 20362 20399 20398 11141 20381 20378 4466 20403 20389 20373 10336 20380 20409 20415
1853 20434 6289 20445 20424 20471 20470 20449 20462 20464 20437 20467 13451 20452 20448 20422 20439 20461 20459 20443 20460 20447 11766 20446 20441 7787 20454 20426 20466 20444 9619 20423 14709 20430 20450 20440 20438 16290 20427 20473 20442 20455 20428 12575 20429 20463 20468 20457 20431 20435
1854 20507 20511 20506 20498 20489 20508 20499 20490 20494 24 20513 20483 20476 20503 19 20477 20519 20492 20518 20515 20500 20479 20517 14688 20523 20497 20504 9151 20491 20512 16470 20486 20501 20524 20480 20520 20502 20474 20482 20485 20488 20493 8667 53 20496 20484 20514 20521 14745
1855 20546 20534 20531 20565 20571 20589 20548 20579 20535 20543 20573 20583 20561 11311 20563 20525 20564 20537 20569 20547 20542 18934 20533 20587 20586 20577 20585 20539 20552 20562 20581 20575 20544 20567 20590 20584 20568 20556 20554 20570 20591 20580 20553 20572 20536 20559 20540 20582 20527 20538 10882 20560 20576 20578 20549 20566 20574 20555
1856 20664 20638 20657 20649 20628 20663 20595 20641 20658 20624 20635 20661 20613 20634 20643 20653 20642 20645 20615 20606 20602 20647 17813 20646 20603 20610 20592 20630 20607 20601 20660 20600 20629 20621 20637 20616 2391 20656 20648 20596 20597 20632 20662 20605 20633 20625 20655 20604 20626 20618 20651 20636 20631 20619 20617 20599 20639 20650 20659 20623
1857 20680 20684 20670 20674 20679 20690 20672 20675 20685 20694 20673 20671 20689 20682 20687 20688 20686 20693 20683 20665 20692 20668 20677 20666
1858 20708 20707 20715 20703 20705 20719 20712 20706 20710 20732 20737 20726 20735 20713 20723 20733 20721 20725 20722 20716 20704 20718 20696 20727 20697 20709 20736 20700 20698 20702 20714 20720 20731
1859 20738 20739 20740
1860 20764 20768 20777 20747 20774 20796 20753 20758 20772 20754 20793 20771 20781 20766 20742 20759 20760 20786 20748 20761 20778 20790 20750 20785 20773 20767 20752 20751 20779 20763 20745 20782 20757 20787 20783 20756 20794 20791 20769 18208 20746 20776 20765 20788 20744
1861 20820 20812 20844 20838 20797 20837 20826 20831 20822 20824 20839 20851 20821 20803 20835 20853 20800 20830 20833 20848 20816 20845 20806 20847 20834 20841 20825 20842 20804 20850 20828 20852 20813 20798 20805 20827 20840 20808 20802 20854 20819 20846 20811 20832 20814 20810 20817 20843
1862 20915 20907 20913 20885 20866 20858 20909 20914 20890 20898 20896 20901 20872 20924 20882 20891 20900 20886 20870 20875 20857 20905 20892 20922 20877 20910 20860 20863 20916 20865 20917 20871 20893 20884 20879 20868 20876 20920 20895 20918 20888 20906 20862 20883 20919 20921 20864 20894 20873 20869 20889 20902 20904 20899 20923 20903
1863 20930 20928 655 4599 20932 20927 20931 20926 20929
1864 20967 20940 20990 20941 20943 20949 20956 20964 20970 20976 20978 20986 20935 20972 20971 20953 20936 20939 20985 20982 20944 20989 20942 20969 20988 20974 20992 20966 20938 20958 20962 20946 20979 20954 20984 20948 20952 4467 20987 20959 20961 20977 17063 20945 20957 20981 20983 20934
1865 21057 21036 21003 21046 20995 21060 21023 21025 21029 21004 20996 21028 21059 21053 21058 21011 21016 21018 21024 21031 21051 21007 21027 21052 21015 21002 21035 3093 21030 21054 9670 21037 21017 20993 21012 20998 21062 21000 20994 21009 21010 21049 21055 21061 21040 20999 21043 21038 20997 21042 21034 21005 2722 21013 21044 21032 21047 21020 21022
1866 21063 39 21075 21069 21077 21071 21078 20426 21068 21079 18945 21070 21076 21073 16528 21067 21065 5436 21074
