0 8 0 7 25 40 2 9 28 10 42 41 18 47 5 44 29 3 27 36 48 1 39 6 17 32 20 49 14 23 24 38 35 4 21 45 13 33 43 22 31
1 53 67 72 84 74 80 68 88 99 50 98 83 95 94 59 56 77 75 55 91 87 60 78 81 93 54 92 90 69 85 61 62 58 73 79 65 96 71 57 89
2 119 101 13 124 123 100 114 26 21 135 14 102 112 0 126 129 2 118 113 127 128 137 136 133 120 131 117 103 121 106 110 109 132 125 134 141 115 19 130 138
3 173 139 103 170 165 149 122 153 164 169 152 156 177 171 144 150 155 145 154 168 162 158 183 163 166 161 159 167 176 143 172 181 182 157 147 2 160 174 151 185
4 225 188 211 223 196 207 193 234 235 210 233 214 202 205 215 232 191 222 217 224 236 228 192 227 195 204 220 203 226 197 221 190 218 231 200 189 213 219 201 229
5 248 239 243 255 279 267 4 241 254 38 275 264 251 249 270 280 16 256 240 260 242 244 247 278 276 273 282 237 245 206 272 268 263 274 252 269 271 257 250 259
6 285 249 214 260 315 300 272 291 305 241 244 308 313 237 238 287 302 20 301 296 289 290 306 284 309 293 288 286 245 206 312 295 283 200 292 247 298 314 307 304
7 329 335 316 325 345 337 333 321 327 317 361 341 348 358 344 352 323 339 346 347 356 351 334 340 319 330 359 363 342 331 338 350 326 365 357 349 354 318 332 353
8 401 387 166 177 384 178 380 148 383 389 371 108 379 390 386 402 373 149 168 393 404 372 395 403 375 388 399 378 103 367 376 391 385 377 398 381 374 396 368 174
9 237 298 412 421 432 422 413 431 278 433 293 255 276 244 434 409 411 423 241 424 418 407 420 274 106 238 416 243 183 417 429 250 415 430 179 414 253 428 249 406
10 293 416 472 451 461 455 328 438 464 444 249 459 140 446 21 467 450 462 465 466 458 471 448 468 463 436 442 453 355 443 138 452 470 437 357 327 469 454 445 457
11 38 293 177 416 483 474 494 251 241 477 491 298 448 265 249 485 4 411 475 492 277 495 274 301 481 478 487 244 259 267 484 328 488 480 482 247 493 486 476 248
12 543 501 507 505 503 520 502 538 525 533 524 542 511 508 537 517 531 545 519 532 536 504 515 530 499 510 509 516 513 526 523 500 541 506 529 534 521 514 527 540
13 574 554 568 567 18 379 549 557 561 573 562 103 577 550 164 152 553 571 570 161 559 563 575 576 581 154 560 558 555 578 580 552 564 566 582 565 108 167 146 569
14 598 591 588 593 620 628 617 627 585 38 615 586 618 336 605 614 597 110 622 594 610 602 623 608 606 589 590 599 603 587 621 600 584 604 624 609 612 295 607 595
15 178 478 643 416 634 274 632 635 645 411 640 650 476 641 16 448 646 653 638 639 637 293 629 237 249 38 644 633 647 241 498 649 652 631 642 636 238 630 651 255
16 483 682 461 21 689 37 176 655 665 667 668 679 656 688 672 670 687 112 660 676 179 666 14 684 20 674 681 339 675 677 673 669 5 123 678 662 169 680 685 664
17 696 711 715 112 720 717 729 719 692 728 704 714 703 699 90 721 718 37 723 705 5 716 713 724 701 697 454 693 730 725 707 690 731 712 708 462 726 722 694 706
18 485 473 247 651 748 248 255 301 237 745 242 743 733 259 749 416 739 244 741 411 267 734 631 481 251 740 744 636 746 426 736 249 737 4 747 742 610 624 238 20
19 773 793 776 790 766 789 764 761 777 797 765 756 758 782 791 778 788 794 770 781 759 754 752 785 795 784 753 760 796 762 767 792 786 787 771 464 775 769 774 772
20 827 809 825 799 829 812 175 800 182 802 808 657 176 370 823 816 798 804 826 831 386 169 101 822 817 818 830 807 565 130 813 815 811 820 810 21 806 832 461 824
21 844 639 244 238 853 843 282 38 265 846 842 289 206 845 839 178 834 850 849 247 835 234 852 476 116 836 733 840 841 16 259 848 240 736 375 851 251 838 833 837
22 299 405 267 16 409 412 251 493 863 274 747 104 861 38 856 481 242 243 106 651 426 854 419 277 301 237 278 258 238 862 864 257 280 860 434 858 259 241 4 855
23 905 893 909 891 906 904 889 668 868 900 788 865 871 887 870 461 910 881 896 908 879 877 907 898 884 885 886 878 867 892 882 897 883 903 890 899 901 874 894 872
24 916 867 926 809 918 591 912 925 564 914 937 0 935 913 639 498 930 931 911 938 101 121 933 917 924 936 919 915 653 651 297 676 413 132 928 941 16 277 920 921
25 10 962 979 142 967 949 8 950 952 953 943 981 951 959 34 49 968 976 970 853 958 40 964 0 973 969 315 21 965 978 966 971 963 945 944 974 956 954 948 946
26 422 481 277 431 629 985 493 986 4 158 405 249 991 478 983 266 989 993 637 995 654 282 994 636 988 996 987 38 251 237 110 992 484 916 656 901 990 238 416 984
27 179 1002 596 304 998 488 405 293 471 448 282 415 1004 38 999 406 997 249 637 411 244 1009 1008 856 630 240 431 901 237 1000 740 238 1003 253 1005 264 267 1006 183 421
28 1032 1017 1027 1031 187 21 1020 1015 484 951 922 1010 1029 823 8 1034 465 1016 1018 1035 1036 1024 238 1039 1023 5 1013 1025 553 1038 909 26 1033 1011 16 1019 1012 176 1026 108
29 397 176 104 1047 152 1042 1056 21 570 799 327 805 379 169 1044 122 443 1057 179 378 1041 1049 1059 103 1053 1040 183 145 549 1052 1046 139 37 1045 1051 119 1048 149 1058 1054
30 1061 1081 5 1067 1074 1064 1065 1076 1092 132 368 1068 564 137 1089 1069 1075 1071 1078 1080 1084 1082 1062 1066 1083 1088 1070 1094 1087 1073 1072 182 1060 927 1063 101 1085 1077 1093 1079
31 1102 145 461 176 169 1101 1108 19 380 347 175 1111 1114 21 799 1120 368 1105 366 1107 1109 1118 1099 178 112 340 1110 667 1100 1103 572 1113 1097 1116 1119 1104 1115 2 391 1060
32 914 1126 135 870 1129 1124 1130 1122 1123 1121 394 161
33 438 1131 1136 1135 490 1138 1140 1148 637 147 1143 755 1042 1150 487 1133 996 450 443 447 380 1154 1134 420 1149 431 179 997 1142 715 726 1147 1137 1144 916 763 1151 158 1132 752
34 1173 1167 1165 1186 823 1158 1162 1181 1187 1169 176 1172 1189 1180 1174 1175 1190 1191 1063 106 1159 528 1177 1157 792 1156 1182 515 1183 1176 1102 1049 1185 1163 1178 1171 1170 1164 1168 1184
35 125 14 1200 176 291 932 247 901 371 139 629 1195 512 1197 131 1201 37 439 1202 136 448 436 152 416 1192 1194 5 639 909 315 1196 237 177 483 564 282 461 38 1198
36 1234 1225 1205 1243 1240 1231 1221 1219 1228 1242 1220 1214 1229 1222 1207 1237 1215 1239 1211 1208 130 1204 1223 1244 1236 1206 1235 904 1247 1238 1217 1232 1246 1209 1230 1210 1245 1218 1203 1241
37 1254 1284 1274 1258 1272 1252 1270 970 1286 1277 1259 1249 1267 1282 1275 1261 1269 1017 1250 1251 1289 1283 1281 1256 1273 1292 1294 1257 1255 1278 1253 1290 1293 1280 1268 1266 1265 1263 1287 1279
38 1308 907 1319 1300 656 1333 790 1327 892 1314 1313 1309 1297 1323 1331 872 1326 1318 1307 867 878 1317 1329 868 897 1217 1330 1311 1320 1306 1303 1296 1213 1325 1301 1302 1298 1315 904 1322
39 1339 912 1349 1041 1338 38 1352 14 1342 1337 1345 639 1350 177 916 139 133 422 238 1346 484 178 1341 1348 268 1347 170 122 1343 237 1340 327 1334 140 998 131 375 251 174 1344
40 178 29 1363 855 1050 255 425 959 38 5 1362 1365 2 179 103 227 436 278 7 553 156 1367 139 1359 1355 1356 1360 1049 327 30 1361 1357 1368 14 277 695 1369 704 1364 176
41 1169 1380 656 176 1375 932 368 1377 907 1328 685 1376 668 164 101 1386 183 139 1382 112 565 1370 914 1070 1374 816 1384 1383 1379 867 868 580 802 667 512 559 1381 1371 1378 1387
42 1409 110 742 1397 238 493 255 274 259 242 249 1403 1394 237 591 739 298 281 1406 1392 1396 651 1391 1398 1393 1405 1400 282 1404 38 1408 1389 411 734 241 251 1402 596 749 1390
43 651 274 238 249 596 237 987 492 749 298 448 1001 414 1411 244 255 631 248 1414 1415 277 1388 636 1416 1412 408 263 425 38 982 416 629 276 269 282 279 239 301 240 434
44 131 636 253 248 1423 856 419 241 416 179 1420 249 206 267 240 266 987 1419 259 741 1422 1197 630 274 242 406 415 425 631 247 851 475 251 414 1416 490 282 651 293 1418
45 1381 895 179 1434 195 106 169 1433 248 909 244 1424 651 461 1429 1438 1426 1431 1437 1439 38 425 16 1435 1436 4 207 237 629 1425 238 289 328 1432 1440 1430 125 129 214 922
46 1057 1465 257 263 861 1441 411 1448 1469 255 1444 1442 1450 172 1454 259 1447 115 1449 1460 1457 238 237 273 1453 1462 1359 248 1456 261 651 1467 1464 1459 855 1466 1468 1452 1446 1349
47 1473 1479 554 909 1475 483 1335 122 120 1474 170 156 461 176 112 374 378 177 179 379 659 1372 668 816 1041 178 14 1471 199 1480 1472 683 1353 8 1470 5 656 169 108 919
48 1328 1497 1488 1484 1485 904 1230 1217 1483 1482 1220 1491 1296 122 1486 1055 147 1202 1490 112 453 1496 657 1303 1372 1213 1493 1319 909 1489 1167 753 676 1494 137 1492 1315 899 897 1317
49 1498 1523 786 763 414 1521 1526 1237 1508 1512 762 1506 304 1519 1513 1518 1510 1527 1504 1530 1149 1507 1499 772 1515 752 405 1509 1517 1500 1502 1522 994 1511 278 1501 1503 1520 1505 439
50 1533 485 259 428 441 238 136 280 1539 298 1549 336 475 1536 433 1532 237 1538 1544 267 1537 425 279 38 301 1545 416 4 481 1547 245 255 241 1541 1534 16 1548 448 242 594
51 238 861 309 241 415 1561 20 282 1552 1555 1554 740 485 237 247 854 1558 473 1351 1565 1553 298 1002 16 1336 278 4 651 1559 245 1564 745 328 1560 1551 267 747 1556 259 475
52 1571 227 1587 1573 1595 375 1572 1601 1583 519 1602 1576 1566 216 139 176 1597 1584 1415 1581 1585 1598 103 14 1567 1596 225 1590 1589 1570 1588 1600 1575 1578 1594 1591 1574 280 1579 1580
53 1615 108 1618 1067 1070 805 1619 1629 315 1630 386 1627 1624 1603 1606 554 1614 120 633 1628 1476 122 1613 670 1625 1617 177 1605 1611 1616 1623 1608 882 1626 1621 21 1506 1609 1620 1622
54 183 327 1141 436 636 425 995 654 421 1199 993 1642 1138 374 1631 1133 241 244 282 1633 1636 328 420 1638 293 1149 726 249 156 38 1641 238 237 1620 1639 1389 1143 416 414 1637
55 1558 411 1419 1049 237 1654 336 1659 1650 840 837 16 251 856 293 631 1658 282 1418 1657 274 267 1660 1651 1648 630 473 744 636 1656 1643 244 1644 241 240 1655 238 270 249 1652
56 1069 1065 657 1677 549 1163 1318 1082 400 1665 21 187 1674 1666 1675 553 1317 1667 245 327 182 1055 1669 467 425 1672 1663 1495 676 1049 139 462 1676 1103 454 1662 1679 357 660 1678
57 75 52 1717 1699 1686 1690 1697 366 1688 1700 1693 1696 62 1706 1682 1115 1057 1701 1703 571 1692 1709 1698 1716 1715 1689 1705 1681 1712 159 1704 1714 1694 1683 1713 1684 1685 1708 153 1702
58 1729 1731 1733 1734 568 1724 1728 1725 1718 1726 112 1744 1063 1197 1741 1719 664 1740 1381 677 1736 1737 161 1739 1732 1722 1384 389 1742 1743 210 145 1738 1746 582 1745 554 14 1720 1735
59 30 170 103 138 1048 1750 1023 1756 1758 136 1755 139 13 1757 3 259 1752 1749 176 0 1759 183 1765 14 140 169 1748 1760 1747 187 328 1762 19 21 24 1334 1751 483 816 1753
60 1372 1488 805 142 868 1776 909 1768 1778 564 1769 0 1777 1770 1772 1779 183 873 1317 139 878 512 1302 867 132 1774 816 176 657 788 504 108 656 654 1766 685 1771 1070 112 1359
61 1793 1801 1574 12 1788 1807 1784 1353 1090 1809 1792 1796 1795 1813 1810 1108 1803 1802 526 1790 234 1798 106 1806 1805 1797 1791 1808 1789 1785 1794 1799 220 1814 937 1804 1786 1602 1800 1387
62 413 1839 425 1830 1833 414 1840 447 1816 1823 1824 327 1820 855 490 1815 122 1829 1834 1836 1825 1826 755 1096 422 1639 1148 763 797 1818 321 1831 1817 1837 1822 438 1827 1835 1153 752
63 1847 1073 1861 1841 1852 1849 0 1848 1851 1860 1762 822 1024 828 1843 17 944 1865 964 1845 956 1859 963 1857 1850 977 1858 951 1862 8 943 1863 1853 1855 10 1854 1846 1864 947 47
64 278 255 298 206 1869 239 279 1870 1866 277 1873 234 237 418 651 38 249 477 861 243 1868 276 269 1872 493 244 271 1871 257 14 982 263 250 1867 266 251 248 481 416 16
65 1583 1890 1901 1881 159 1898 1888 144 391 1896 1049 1875 1884 1886 568 1893 1887 379 1880 559 103 220 280 216 1899 1905 1878 1895 1892 1877 1904 1894 1891 1588 1903 1876 1889 566 1879 1601
66 804 1918 1913 1919 156 1055 998 194 467 1915 183 1335 1365 1386 1107 1909 657 112 1041 1836 1906 177 122 816 1912 447 1920 1481 382 1914 1923 802 1922 1907 1372 1911 1908 704 659 1910
67 1924 1309 1934 928 1940 873 1929 1926 1944 1083 1939 1928 1933 1202 1942 1079 1064 868 880 137 1307 894 1931 1936 1941 1496 872 1298 790 657 1938 1935 1943 867 1932 1927 886 1949 1937 1055
68 206 243 245 1954 475 282 1956 249 416 636 251 20 7 269 254 16 247 259 106 861 239 214 336 248 241 1952 38 473 1783 739 1957 200 240 1951 238 837 278 1953 1950 255
69 31 1971 1968 1964 825 0 1962 1966 945 1677 104 1667 1858 17 40 1961 1974 1972 1010 1674 1965 178 799 948 951 1024 1040 1975 1853 674 1960 1973 1204 1662 947 1959 1970 1967 1969 549
70 2010 1065 1981 1985 1991 1993 733 1994 110 134 2009 1978 1999 1982 468 1984 1989 1988 2004 1996 1995 411 1998 2006 2007 1976 1990 749 1979 1986 1977 596 2001 2002 1987 2003 2008 1139 2000 901
71 651 2017 637 982 158 488 251 4 2015 237 431 38 2013 494 1416 327 596 249 414 629 2014 110 1199 248 247 293 238 301 328 179 106 16 987 2012 1412 255 416 1415 2016 922
72 2041 2050 2053 2018 2034 2038 2055 347 2057 1820 2025 2039 325 2026 2027 38 2044 2029 2043 317 2037 338 1932 2023 2031 2033 2052 2045 2056 2022 2019 2054 2021 2036 2030 2040 2028 2035 2032 2046
73 179 176 159 380 488 1192 374 2060 139 37 2078 1349 2064 639 2077 2067 2075 1195 912 2065 2070 2068 1476 2066 540 2073 1920 132 2058 2072 2079 104 382 2062 2063 932 2061 497 2071 909
74 765 2088 2089 439 1175 2086 2108 2091 130 2087 789 732 2085 2094 2095 2096 2092 2104 50 2107 2103 691 2098 2080 2101 2084 2110 2081 553 103 1108 2082 2097 1509 2111 704 2109 792 2102 2099
75 837 243 262 851 106 278 494 38 253 2114 2113 492 260 633 274 2116 129 418 279 190 238 200 241 744 1517 328 1407 234 237 856 244 254 177 240 916 2118 2121 206 416 411
76 777 2133 2131 2127 715 1824 2152 2143 2151 2135 2128 778 2147 770 2124 763 2141 1508 765 1141 2129 2139 2140 2148 2153 2142 2149 796 2122 2130 2132 2136 2137 2145 2138 2134 762 772 2150 2146
77 2156 2165 2169 2158 2179 2176 2199 2182 2181 2168 2175 2155 2170 2189 225 227 2159 2197 1911 2162 2178 2154 2171 2166 2164 2161 2177 2193 1602 2173 2157 2186 2160 2183 2187 2188 2167 2196 2195 2174
78 390 2214 554 2209 2232 572 2223 2221 2217 2207 395 383 369 2229 2212 2222 2234 2202 1068 376 2233 2230 2201 2213 2227 2210 2200 2225 1594 2231 2226 2204 2224 2211 1090 1057 2228 2203 2206 2216
79 2257 2270 2251 2273 2263 2245 2237 2271 2277 2252 2275 2266 2235 2276 103 2244 2249 1060 2261 2264 2254 2259 2262 2274 2246 149 2247 2272 2250 2255 2256 2236 2238 2240 334 2243 909 2242 2258 2268
80 2278 147 1197 2280 866 1474 878 909 2288 682 2282 125 2283 685 1372 1202 2290 2289 867 1055 1633 674 467 112 994 1230 169 2285 520 2287 1766 1201 656 1297 657 868 916 2284 2281 1319
81 2300 670 2299 2295 182 2297 2314 912 808 187 2291 130 2296 2293 1193 2302 1750 2306 2307 799 932 139 873 101 2305 549 2312 1633 2292 2309 1202 1169 2301 755 467 798 2298 802 2310 2311
82 770 2320 657 762 2322 2326 466 788 1149 1639 1638 1502 2321 2319 2137 789 2325 726 656 400 178 1501 772 467 777 756 2318 751 2323 139 757 928 1518 758 1824 321 2080 450 2315 773
83 434 735 861 234 110 249 237 278 251 407 415 1955 2328 281 406 254 636 837 16 1868 426 2327 2332 2331 267 485 289 1869 298 591 1951 259 416 2329 1409 1401 241 475 269 214
84 1195 145 2354 390 103 2346 1695 580 2217 2349 108 1876 2352 2356 2351 148 383 2355 811 2214 159 2340 579 160 2358 153 572 2345 2353 2361 2342 172 2336 807 2348 2350 2335 2359 2343 2357
85 448 475 726 630 2363 1146 156 654 240 1199 2371 438 1136 405 2370 997 2369 267 282 1816 637 651 414 158 643 328 177 2368 2365 1633 2367 1634 270 1139 2364 139 2366 2372 353 436
86 2375 2379 2393 176 179 2388 2399 2386 488 2401 1073 2384 2395 937 2396 685 2383 2404 121 339 2403 2381 461 2374 2406 2392 2385 2377 2378 2389 2394 2376 1375 2373 2380 309 2405 2398 2391 2390
87 549 146 2408 2429 2422 807 2411 2424 1119 1853 2432 425 1962 2416 1252 2407 2413 2427 1969 2412 2417 1070 2428 2420 1958 391 2410 2419 2423 1174 815 2433 2431 2426 1975 1495 1465 581 2430 1024
88 251 238 2449 244 277 2440 2447 2023 2454 2450 2442 249 476 2452 16 38 250 1196 855 1317 245 259 416 1650 2443 2445 2435 2453 414 2455 2448 2436 255 239 2446 631 2444 2439 425 2437
89 103 280 166 2468 171 2460 2459 1889 1049 2361 570 37 159 25 2456 1058 148 2466 390 374 806 2462 807 383 2463 379 562 2467 1896 1890 1886 2461 1057 377 21 1465 391 2076 2457 2464
90 2477 2476 298 478 282 475 416 987 436 255 270 629 411 744 4 206 448 631 2473 2471 493 982 244 278 263 259 241 2474 251 654 106 240 636 2470 38 249 293 237 247 266
91 141 2479 916 265 488 932 34 2486 2494 902 1783 2496 259 2490 164 2484 2480 2497 244 48 0 2492 2485 461 1027 281 17 2488 237 2487 1424 2495 1517 2482 169 2478 298 142 949 238
92 2511 1821 702 1115 2514 2210 763 2508 2516 2519 2512 2517 166 870 174 2515 2504 2502 1909 2513 442 2499 369 2087 2509 2505 2204 2510 1041 752 2520 726 139 1892 2521 2503 103 159 2506 2366
93 277 2523 2522 328 249 269 37 1957 241 179 14 237 16 2525 104 255 110 238 1372 685 416 683 267 737 909 411 248 1202 1952 282 38 2526 4 1441 242 244 273 298 473 651
94 327 14 159 1055 106 393 909 30 153 177 1023 15 659 1946 178 139 2528 2529 1359 2509 368 108 38 1356 19 103 483 2532 1349 122 2058 1026 1343 187 2068 653 2527 2530 2074 1915
95 1334 108 164 1890 1594 2540 2507 176 2534 662 568 799 106 2541 152 2535 665 2536 170 103 2457 280 2425 1600 807 811 488 461 2542 14 104 2427 1073 2537 2533 379 805 177 1343 148
96 316 2147 1633 1139 273 5 657 763 158 182 631 1141 726 327 183 1192 175 995 176 715 1816 2544 1133 2550 2548 443 420 487 2547 1199 448 362 1073 997 450 1632 777 2549 991 169
97 552 154 384 148 1844 147 678 139 179 141 176 2567 146 567 530 1479 1852 2570 2566 1594 2564 2569 1337 2568 2555 2563 1821 2552 2561 461 2381 2556 936 2562 2571 683 2565 2557 2553 2202
98 38 2276 2572 187 1676 131 139 156 1075 1024 549 913 24 2579 375 176 1072 1060 919 103 1452 2574 1073 909 327 488 115 425 1347 2576 2577 2 177 665 951 339 1849 1081 2578 1055
99 1372 273 630 1230 2592 1476 655 2586 2591 2595 454 637 1138 414 995 1070 2565 137 179 1202 643 2581 178 2582 333 988 448 1154 183 2583 2580 38 916 2587 2585 2594 2589 2590 993 878
100 2606 702 2596 2608 2615 2612 2433 2111 2098 2605 2603 2625 2609 2611 725 1708 2598 2604 2619 2624 700 2601 691 2616 2083 1175 2622 2607 695 2597 2610 553 1877 2621 2620 2600 566 1901 1383 2617
101 1093 2644 2658 919 553 2640 2655 1442 2637 2625 410 2654 2626 2650 2645 2656 2633 2636 1476 2627 2648 2629 2632 2649 2641 2662 2647 2643 2634 2628 2651 2661 362 2659 2638 2652 2608 2630 2653 2657
102 994 2663 868 674 169 2668 904 1328 2666 1496 2548 2674 1752 1050 150 1307 1924 2664 1319 2672 907 2633 788 1054 867 657 147 1312 542 2316 2675 676 873 1970 467 330 1365 2670 2669 410
103 1230 1216 1082 1215 2682 1207 1210 2704 2706 1205 2692 2680 137 2709 2583 2703 1370 1237 2693 1482 2697 2701 788 2696 2694 2681 2691 2678 2695 2683 2684 2687 101 2702 2707 2710 2700 2708 2689 2686
104 2724 901 125 2712 2723 2728 2713 685 1766 2727 2280 2522 176 682 2283 2725 2720 1202 129 2722 902 1773 374 2714 2287 2719 2300 2309 2726 1768 104 1920 816 2717 1319 1372 1771 2716 2288 2721
105 2739 2729 2035 206 2028 2740 2733 274 2029 2039 343 2741 298 2742 2737 629 363 350 327 243 474 249 2736 38 2734 359 244 240 2043 317 282 237 2018 2730 263 2735 2731 238 4 241
106 37 2748 2749 716 553 2757 2759 2756 2765 2754 2755 2225 2762 919 2761 175 659 2744 483 357 2752 2747 2763 2745 2750 156 1050 2753 2317 805 1920 2208 122 936 187 998 2764 2396 391 146
107 2766
108 1064 1169 870 1309 2769 886 896 2778 425 2781 2780 762 183 169 125 892 2773 887 2777 2770 1308 2772 2774 460 469 2784 2779 2783 932 327 2775 2782 2771 2776 657 1202 1298 2571 564 2768
109 161 374 1386 2788 909 176 1777 1766 1773 685 48 1767 1328 2791 2280 483 45 2785 678 2789 26 549 2786 667 1319 683 2790 901 2793 2787 1331 1050 2284 125 656 2792 112 1202 1372 868
110 678 2820 2808 2813 668 2775 1112 2795 2823 2826 2831 2805 2828 2824 2822 2812 942 2815 2788 2809 2832 2800 2796 45 2816 2804 2807 2825 2814 2818 2806 2811 2803 2799 2835 2819 2802 2817 633 2810
111 2844 1583 2850 2862 1601 2189 2854 2851 2858 1574 2627 2856 1873 197 2836 2860 225 2853 2864 1895 2845 2837 2852 2848 2857 2838 1590 1581 183 569 2840 2842 477 2846 1884 2863 2116 425 2859 2849
112 680 129 2866 976 243 958 327 947 142 10 2871 1961 944 2869 948 176 8 48 417 4 217 1855 1846 2870 853 2481 969 964 2120 954 141 2872 202 40 379 2868 106 49 108 0
113 2673 1994 777 2880 2873 660 1633 1760 2894 467 2889 2874 2896 486 2892 2875 2876 2877 452 781 454 928 2883 2887 2886 2890 455 1096 2891 2895 2882 1833 2885 2888 431 438 1822 1309 2879 327
114 2908 2898 1061 760 2148 2906 1064 867 873 1063 2910 320 137 674 2903 2901 1926 790 1298 768 2909 868 2900 771 2109 2899 893 453 2907 2904 782 1706 880 759 886 788 467 2902 870 2905
115 206 498 1866 140 2915 291 982 241 425 244 411 2914 2913 282 240 237 328 281 353 243 493 2917 448 301 1430 651 242 1009 2912 1339 250 249 238 2916 276 1407 327 436 293 280
116 916 232 633 2925 276 425 2289 408 2924 249 2923 2921 38 1418 244 327 1430 596 250 238 1200 270 2012 492 411 468 251 309 2918 110 2584 206 241 1407 1389 239 282 591 2113 992
117 2552 2935 2945 2944 2940 1841 2959 1185 2926 2939 2934 2932 1197 2958 2929 161 2927 2951 2933 536 2930 685 575 2956 549 2957 2949 560 1081 2937 2947 2928 2955 2936 2943 2952 2941 811 1382 2950
118 1368 2979 1821 13 2963 2969 2757 653 2975 2964 2976 159 1148 2968 2509 390 641 1920 2537 315 2970 2962 2967 715 2535 752 554 763 2977 2974 2971 2966 2978 37 2960 2961 1050 174 2972 5
119 178 103 2990 488 1012 139 24 904 483 1023 136 2988 14 2982 1365 2985 2981 19 436 2980 439 2986 454 150 12 147 2984 327 1676 2991 21 994 1055 657 357 2676 1822 122 1050 2987
120 3008 38 1372 2283 327 2998 651 3000 680 339 16 3003 3006 2996 3002 909 2995 2992 1055 241 2994 2997 115 2999 125 176 462 37 449 14 735 255 1376 3001 2717 3005 488 1946 2993 1192
121 353 655 3017 291 4 3011 496 1359 277 487 131 3016 3014 178 270 2214 265 3013 448 1199 1541 16 274 1196 247 244 237 490 932 851 133 238 3009 1336 38 205 630 416 282 108
122 447 176 3024 3018 321 1994 1199 2300 2280 915 3029 3030 1202 3022 3034 436 2316 3032 483 487 870 3023 3027 1773 901 3028 1766 1633 802 3031 2725 868 2728 790 3025 2716 3033 2309 3026 38
123 1963 403 3055 1026 1480 3039 160 3053 21 3044 2481 572 3040 3047 3043 1376 3052 121 108 3048 3046 166 3049 3037 3059 2555 3056 3051 2567 142 3050 3057 3045 3035 912 155 1430 131 45 3058
124 238 863 244 339 498 245 494 20 237 324 243 475 3060 1541 248 249 636 411 373 473 1423 214 4 241 639 911 272 640 3061 416 301 274 654 1002 1419 253 415 38 242 1903
125 651 415 239 247 922 206 1541 328 3065 1401 630 911 16 475 275 984 200 242 482 411 311 238 234 473 2031 260 485 20 1423 249 214 244 243 38 1410 110 2475 248 4 282
126 3087 3082 3094 3080 3102 3067 3105 3090 3100 3073 3084 3074 1878 3099 2181 3103 199 3072 704 3106 3078 3091 368 3086 3068 3089 3101 3069 3083 3093 3077 3081 3096 3104 3097 1160 3107 3088 3098 103
127 475 744 2469 140 249 301 3108 2113 274 259 959 131 737 478 2031 250 2377 636 1415 243 494 481 248 495 448 482 206 263 492 1418 238 269 237 298 251 631 293 651 267 255
128 238 478 414 749 651 448 481 298 922 240 416 3112 993 3109 596 1389 251 992 2475 249 436 241 3111 278 629 473 38 260 837 744 1419 3110 244 206 16 255 493 654 274 631
129 257 2470 414 493 1411 283 3113 2925 336 3114 1557 1823 922 261 266 275 238 982 16 38 237 3116 1412 4 2475 478 2921 2015 494 416 3118 274 418 2031 3117 636 241 293 1634 737
130 301 468 3133 3127 3123 238 3126 3137 749 3130 3132 122 4 115 3121 494 3122 3131 237 1219 737 3129 1946 1259 1026 38 416 880 437 245 636 3124 1010 21 3128 241 3125 3136 1677 854
131 258 405 1419 278 415 242 651 269 267 254 16 473 275 248 1417 3138 38 240 239 274 304 206 855 282 293 1954 406 861 238 263 336 241 251 409 277 298 250 629 485 243
132 1086 4 930 20 1866 664 1357 1915 103 861 176 195 484 1424 704 3144 3143 3142 16 13 1196 249 241 265 116 368 1731 255 14 3009 1922 1517 3140 247 1384 7 210 37 3145 475
133 328 437 469 448 657 905 3150 3148 355 439 1611 873 3149 327 139 425 676 3152 994 2321 1633 3154 880 798 3151 1082 282 3147 3156 3155 1833 3146 2875 656 443 450 321 654 903 2316
134 1103 3160 186 3162 145 368 381 3163 1378 144 572 549 172 3158 1594 103 14 3161 395 374 165 174 156 152 3167 3172 2464 453 3170 1048 75 1041 1881 3171 3164 3169 3166 3159 2560 3173
135 911 108 247 3179 1073 122 665 684 3178 0 139 878 112 3183 3185 3177 3175 2457 3174 2880 3140 867 799 822 3176 461 1202 38 853 2280 1604 35 549 3 685 1325 1328 3182 1026 1689
136 3206 2871 549 3201 1166 577 16 798 3209 3210 3196 3192 1662 2425 3197 3199 3203 3204 1465 816 2457 3207 3190 379 3193 3189 21 108 0 416 1156 8 3188 1807 3191 3202 947 3195 3140 391
137 2558 1374 308 1997 241 110 3217 1372 667 549 3215 684 3220 3221 461 3222 200 3216 1983 3219 3214 2379 106 2381 936 2284 3211 211 564 925 2011 339 1796 1102 1387 3213 942 2794 3212 1574
138 261 3227 405 248 3225 237 4 241 855 249 861 987 594 2015 282 16 263 251 3224 3223 110 206 106 602 243 3226 244 408 478 277 1788 651 2031 255 276 425 38 1557 238 271
139 250 237 654 153 416 249 254 241 380 206 478 240 265 253 293 498 1866 851 639 239 2067 997 262 3231 1407 282 301 1057 251 2912 3230 1563 651 2785 3108 38 3017 1472 3229 140
140 448 274 651 2043 3233 269 2736 240 46 250 2925 38 411 1410 241 2018 493 267 238 260 2029 279 16 293 237 249 2028 1404 243 2031 416 298 2732 263 3234 247 3235 251 1574 336
141 3240 1645 104 267 3243 737 282 854 241 269 237 255 3242 16 278 265 4 328 206 3241 251 275 259 629 242 922 158 244 248 1002 254 651 487 3238 1196 238 3239 240 1541 298
142 3250 582 3261 12 2622 1875 3253 3257 386 3274 3247 3270 3249 3266 3258 3256 3255 3259 182 3267 3272 3245 3254 3265 379 3276 3248 1918 3262 1159 1069 462 732 3251 3263 3244 3273 155 1368 2751
143 438 108 2472 3281 630 3277 240 255 3279 20 2717 1430 916 1081 486 496 448 994 442 1002 922 3280 291 647 3284 179 2289 637 447 251 1067 249 1866 991 328 3283 3282 386 38 122
144 38 2113 206 293 176 244 1197 2794 251 916 651 3286 269 1407 1562 2376 200 478 248 255 237 289 104 418 243 238 328 3285 270 1419 405 936 139 250 298 2472 214 3287 278 2121
145 1723 3301 277 2289 1642 2584 3292 2921 3306 3291 367 664 3286 388 304 3305 3298 448 916 3290 147 3144 492 3304 291 3288 2472 3300 411 104 3296 3295 2923 3287 3293 133 3297 232 3294 14
146 654 2719 3311 273 411 169 3313 249 478 282 1474 483 3307 274 238 416 1199 3310 247 362 431 38 998 370 490 3308 1645 3312 3309 375 1197 156 807 630 3314 242 408 851 176 2772
147 3318 3319 366 2311 1103 111 3327 1335 3321 103 177 3334 3326 2706 1070 138 320 3315 1369 1334 172 3330 802 3320 39 123 137 456 3333 373 108 3324 2897 3329 3316 3317 139 3325 2307 174
148 1946 3341 328 2875 3335 147 2281 758 362 1633 1650 916 450 3338 158 3342 2037 903 3336 880 436 1298 1370 867 902 3136 176 1067 238 2891 3337 3149 467 905 1138 656 657 1055 3339 777
149 3348 108 3359 3347 3353 3350 3352 3356 549 3351 1319 1666 3344 391 3363 3358 3365 682 2552 3368 1159 155 812 2418 814 823 3361 1495 3367 3345 1180 3369 1841 3357 818 3360 3364 3366 3264 1034
150 119 3372 108 3370 685 3380 170 3376 3374 1769 3379 120 3371 38 911 244 37 1890 106 176 103 2788 1336 3377 386 1476 145 3373 405 368 304 156 3382 554 139 461 2992 169 488 998
151 2718 897 1474 3393 660 1325 1328 3390 580 3386 878 3389 3385 2280 3394 909 3391 2284 1331 868 3387 656 1317 867 249 662 1770 3395 2908 2279 2715 1372 1600 1773 3384 112 557 1319 3388 2767
152 2039 260 429 3412 1033 3397 243 267 20 3231 415 336 857 3409 3404 1418 324 3405 3411 863 3398 3403 3407 498 274 416 629 744 3017 3406 308 3401 254 3402 3410 3399 494 291 240 3396
153 3414 498 122 739 170 303 196 281 206 1869 1430 190 1562 13 21 14 327 214 104 454 237 131 228 265 243 1336 624 854 1003 250 245 16 19 1339 651 461 1338 251 417 138
154 928 469 3425 3150 3430 2306 732 3146 3438 3435 2880 3437 3439 3440 3336 3154 3433 3434 3424 3427 2080 759 1055 1502 3421 903 3426 3423 994 453 3422 3418 5 3420 3432 3429 3441 3419 12 3436
155 3443 494 242 409 2734 244 1744 405 251 3444 176 3231 3139 3455 407 429 1953 3454 3445 668 274 3450 425 3451 412 3009 2031 880 246 1541 282 3448 3449 328 238 3452 1065 16 1060 3447
156 3472 840 2404 3486 3469 3474 305 3463 2373 3473 3471 1407 3461 3456 1419 3477 3481 3468 2405 3462 3478 3467 3480 3482 3476 3484 2391 3475 2392 2379 2393 3470 2394 309 3465 2386 3479 3485 293 3458
157 1838 3491 1337 1067 3042 103 101 3488 1758 137 175 3497 106 3495 108 1069 3490 633 139 3489 1334 1082 1604 1126 1908 2706 565 647 3496 564 870 166 3182 3043 914 153 3492 2289 1938 1073
158 2826 141 295 172 315 3505 3508 149 3174 3501 265 379 3512 45 1202 799 807 2557 161 146 424 148 3499 3510 684 1752 3507 3502 176 3504 304 2214 3500 122 3503 483 568 37 154 1917
159 37 3525 2509 3528 103 579 3517 2216 3520 3518 695 3516 1896 1189 3531 3527 3529 3514 2468 1877 704 56 1060 653 3530 1888 390 3523 3521 2335 1885 1915 3513 1875 1588 3524 1733 3515 1889 1897
160 1522 789 454 3544 2906 3536 462 564 2521 1775 2306 2317 873 1482 3540 3534 792 762 868 103 705 715 802 3543 1906 3532 1050 1070 914 3537 467 790 1328 3542 3538 3541 2085 2673 2088 453
161 653 1479 448 2062 3549 1359 14 763 3321 139 362 178 2469 1593 186 280 390 156 1473 1372 2208 2965 715 1570 2535 1600 3547 3545 2509 237 2529 103 37 369 1132 119 2514 704 199 395
162 112 3148 1767 1368 103 3243 3554 1369 1050 919 1159 1777 2754 1356 653 179 116 29 715 3551 2541 994 3553 3555 1353 2202 245 374 175 1359 805 3552 851 798 1769 156 1026 391 476 964
163 2560 1138 362 103 3301 805 816 448 3558 3563 176 391 156 139 1718 3557 368 664 397 851 2535 655 3560 2717 1729 1372 3556 379 3562 1777 159 657 3559 909 372 112 1359 2367 174 386
164 3572 1067 3571 166 1604 3379 3567 2767 1336 278 3340 3575 3566 1983 2058 895 140 3574 932 1600 633 2714 353 153 3570 3568 3573 1334 2390 1829 816 2379 155 855 3564 678 3569 3565 178 3108
165 3478 293 2386 3581 2376 214 3580 1983 3467 2373 2391 415 3456 901 1745 309 3458 2404 3481 2405 1419 3473 2374 3460 206 2394 3576 313 629 411 3577 1657 305 1450 2390 3475 3578 2379 3465 2392
166 1195 391 3047 2871 182 3587 1841 382 390 174 3586 1849 2565 8 1026 2511 3548 1441 1172 695 21 0 103 177 119 172 1041 374 1349 122 379 2538 919 400 3191 3570 3585 176 2965 3584
167 3589 137 886 3590 2306 112 357 1600 802 103 1873 379 549 2552 3593 1372 683 1371 557 1064 2280 1856 560 3331 176 1312 155 199 1085 3591 1387 907 2318 893 386 3595 1386 320 169 909
168 1600 3608 768 3602 3264 1085 3604 3598 2904 899 3609 3605 3596 1377 771 3600 3601 1489 3610 1924 1386 137 1220 3603 3599 1494 1169 867 557 1864 1385 3369 2899 2775 167 1926 3597 3174 767 3607
169 473 3611 282 183 106 176 416 327 179 249 436 38 494 16 321 1634 2913 306 486 237 449 122 267 328 2039 3614 2754 984 1920 654 448 240 241 3612 3613 1184 370 1365 414 798
170 2583 3643 3537 2963 996 716 175 3621 3638 3625 3618 3629 3631 3617 108 3641 3636 3632 1216 2133 3628 1369 3639 182 3635 702 3627 111 3634 3642 3622 467 2694 5 1158 3640 3616 3624 3615 3623
171 183 2664 2676 176 2982 139 1751 448 194 1365 122 3647 3663 3660 3662 805 3661 467 2672 3669 136 3659 3664 3668 3654 3658 1760 3656 3651 3652 1055 3670 3653 3666 1759 1474 705 3644 816 3665
172 3677 1392 3671 3217 1341 3700 207 3684 3689 424 3691 3682 3696 3678 246 942 3692 851 936 3686 3683 911 3674 1735 3681 282 3687 3699 3690 3673 2981 3672 916 3698 3688 18 3675 293 2746 3697
173 1069 21 3711 10 3702 912 1023 1036 379 164 3706 1049 142 3705 3712 370 2457 106 103 3710 1034 112 3708 461 26 48 108 512 18 2486 8 3713 3709 1343 170 3274 16 3140 1676 483
174 3714 704 3717 115 911 122 3716 139 38 472 13 3140 1196 131 16 103 639 456 373 1119 2 3190 468 1915 1922 187 3715 1076 3719 112 19 368 1048 1060 3718 30 3721 101 3169 328
175 948 951 3734 3728 13 436 2870 0 963 3725 3445 947 1015 1950 3742 3281 3743 3739 21 2295 3735 108 136 8 3729 3740 3730 3738 3736 2469 1365 799 812 454 3733 964 3731 825 10 142
176 242 637 993 241 3744 328 3745 38 631 630 1139 179 255 475 1633 1002 237 3746 3750 416 468 643 327 362 240 147 916 3061 251 3749 2289 431 1415 449 249 473 414 3748 448 867
177 551 47 3754 549 112 176 948 512 3758 3593 2536 3584 943 3757 14 11 800 680 21 40 3753 909 135 0 958 1849 963 142 3382 1758 136 1854 3752 101 3140 947 108 3174 1374 3737
178 3383
179 2143 1096 175 147 139 1067 2673 462 2779 564 1946 657 1817 464 2776 3496 1069 3761 1082 2539 442 799 932 444 448 994 928 182 755 436 798 386 490 3150 467 443 327 122 179 328
180 238 3768 3778 3779 3764 750 3788 241 3796 3786 3794 3791 3766 1420 3780 3432 3792 3797 3802 3783 3800 3769 2867 3785 3110 3767 3765 3777 3775 3772 3773 3790 3771 3776 1032 405 3784 3770 3801 3799
181 187 3810 3654 1328 2664 3806 2406 15 1257 136 2984 3813 1372 816 1676 3136 2988 24 169 2954 2676 3807 1338 3414 3811 886 1055 21 139 3803 798 1754 0 3212 1 3805 1331 3809 2982 1041
182 3814 3542 3815 3829 3824 3822 3828 3823 2506 3817 2906 3818 3836 3833 3830 3819 3825 3831 3821 3827 3826 2513 3832 3837
183 3858 3856 951 3852 3840 462 38 3846 461 498 2635 3839 3095 3845 3843 1357 3860 12 3859 3857 2469 280 1915 147 3841 3842 13 139 3848 2751 21 33 2208 909 3854 1055 112 657 2856 3851
184 1922 1179 3865 187 122 1714 3863 3869 3101 1710 1774 165 103 3719 3868 394 806 404 366 19 1049 180 37 2992 3862 3874 1119 112 3864 2 2981 368 1750 3873 1081 3866 3867 1698 3870 3861
185 169 807 368 1376 483 512 139 936 112 3883 176 3884 374 3880 504 3882 3583 816 159 1195 3875 659 683 3885 103 3881 3887 2790 3877 3886 3879 3889 1359 1471 1372 3878 2468 378 1386 3371
186 1192 683 375 176 0 131 370 374 387 1372 1041 3893 915 919 169 3891 633 484 3890 436 816 386 121 805 659 8 175 1773 666 183 178 1909 932 3892 448 156 2565 2754 3006 1103
187 448 1139 763 3901 460 2762 3895 1816 3897 787 1230 770 2966 3904 3894 726 462 3309 751 1169 446 564 2143 1069 469 1633 3903 3898 2964 2080 1501 777 3896 793 994 1502 2783 760 755 1148
188 667 659 1372 3912 1356 112 3906 37 942 805 684 125 1668 3907 14 1375 42 656 512 147 1773 895 176 3911 1765 2284 867 909 3910 3915 48 3914 2786 557 1317 2718 3916 3908 948 177
189 3934 3927 135 878 247 1946 3928 3932 3926 1129 3933 3922 853 139 282 468 38 3931 629 3923 103 456 130 3145 3718 1055 3929 250 3917 21 591 2001 1060 129 1219 3918 3919 20 3936 3930
190 3326 2279 3947 454 867 2873 657 3950 1202 790 878 892 3943 3944 3937 297 873 3948 1167 3154 1924 3940 2905 1677 1232 897 784 895 3946 868 2675 660 656 557 176 2278 3938 768 3949 3939
191 490 2783 3966 2513 3965 3964 3958 752 2522 1133 1146 3953 779 3955 450 1817 3952 3957 761 3959 2127 3963 438 436 1502 762 2140 494 914 3960 776 246 2280 763 2549 3951 3954 760 3744 2129
192 4005 3978 3993 4003 3986 3982 4006 3998 787 3984 3990 4007 4010 3968 3989 3976 3975 3987 3996 3983 3985 3988 684 3991 2344 3553 3981 3995 4004 3969 3999 4009 4001 3972 3977 3980 4008 4011 3994 3974
193 763 122 410 721 761 368 2753 705 2091 487 436 4019 4022 704 2320 706 448 330 1219 3958 4013 4023 4012 726 1042 715 450 4027 4021 4016 762 158 4028 4015 3272 1141 4018 4024 4020 139
194 1054 157 156 2676 2664 175 4036 244 4033 176 704 806 3281 646 1058 391 1918 1758 653 2095 103 919 3864 178 4038 1750 378 4035 4034 4030 3912 3139 251 1002 4031 912 1749 798 816 685
195 243 637 380 494 240 624 1154 282 4040 4046 308 449 1951 4052 1138 4042 353 4048 647 474 2773 302 4044 1051 4051 2469 632 2147 3251 2372 4050 245 1447 251 4045 4049 38 375 851 922
196 903 1237 4067 4068 4058 4065 4076 4055 4056 4061 1482 1230 1370 2679 4071 1970 4074 4069 4059 865 4064 1215 1328 657 1210 2678 4062 4066 1216 4077 4060 1494 4054 4072 1319 3389 4063 1317 790 4070
197 291 4 251 282 206 243 1703 278 269 238 856 298 249 475 327 267 4080 993 16 239 436 1196 237 4081 158 241 488 260 4082 255 2525 2012 740 328 281 4079 411 275 2734 473
198 4097 494 1026 1634 4086 136 4092 4088 1676 4083 4085 1023 4095 108 4096 122 4091 4093 21 1338 922 2443 355 16 1754 1013 114 1012 1042 4094 4089 38 289 238 4084 413 2981 448 237 951
199 1023 998 1369 169 1010 1012 280 1041 483 133 102 4104 919 139 104 556 1676 149 4099 461 1920 4106 1013 21 38 14 3130 436 4100 178 4102 122 4096 1263 140 1196 479 187 4105 152
200 4121 870 896 894 1941 873 2910 907 878 1322 887 880 4114 892 2771 1333 1309 867 4113 4129 4131 1947 4112 4116 1929 4127 4130 4111 4117 4126 874 4115 4123 1925 4109 1297 4118 4107 1298 1308
201 798 2967 4132 1050 726 169 199 994 4135 4133 362 467 156 227 790 1169 1906 732 2184 1911 797 327 760 1310 139 1067 2106 178 147 1633 4136 3532 770 462 657 1202 4134 2181 425 194
202 4138 280 4 1328 2116 1788 494 4140 38 1952 1372 411 651 278 241 244 249 251 1427 4137 434 237 298 551 234 106 596 289 416 901 4141 916 3223 909 4139 528 16 1197 1770 238
203 802 18 3608 483 4162 2565 4142 4168 4165 4147 4143 4160 2457 4169 4157 4158 4144 4156 4153 4148 4167 816 4166 164 4150 4145 3388 179 4159 379 3340 1386 4151 199 4152 4154 4163 2481 449 4155
204 659 4177 3210 106 1013 4180 1024 1915 21 119 835 277 4176 1196 3598 1409 3415 1012 1359 4172 3046 4183 4178 1338 2757 1358 4181 1362 1026 179 4179 3583 1357 38 280 4175 4173 1849 1676 448
205 4211 1474 4204 1958 171 4193 4187 4197 4184 4212 2312 4190 4203 4185 1465 4198 4210 939 4206 1319 4196 4209 656 4199 1328 4188 4201 1083 2552 3343 4189 2412 1864 4202 4207 867 2280 4192 3191 4208
206 1676 112 176 761 1372 391 2067 199 3940 1611 1369 3751 3000 1055 1502 656 1012 1063 4215 816 147 2137 1023 37 3951 4217 815 1057 146 2123 4214 14 2129 1374 19 1600 2768 21 4213 438
207 1827 2547 1199 139 3676 630 403 993 274 457 327 624 1069 282 411 4223 2143 4222 326 133 1067 2087 449 3569 4224 3762 4220 448 4229 4225 4221 4228 3021 1337 1817 2716 358 436 916 4226
208 564 1684 2965 4242 2362 2221 3162 4233 4238 552 4241 369 166 559 4234 4235 565 176 183 2214 174 3891 4243 401 379 1480 383 4230 175 386 4240 119 4236 1067 4239 448 152 156 2201 374
209 854 246 260 140 239 856 298 274 916 3688 4248 624 4249 3676 1392 240 311 244 631 249 253 3011 1951 272 254 251 1407 243 4245 237 3402 293 275 241 3450 4250 478 291 1430 1336
210 4253 0 3190 45 963 200 826 947 665 379 176 108 391 800 2561 8 1849 4252 21 48 562 1844 943 3212 549 967 1195 292 1034 142 136 2202 935 3140 1073 936 805 948 977 10
211 1508 1323 4269 2896 4266 1518 4254 2963 2879 4257 904 4260 4256 3838 4263 778 4264 1216 1994 1502 4135 760 249 1960 788 1217 2905 4265 4255 726 4259 2673 1483 1050 4261 1149 1494 899 789 4262
212 642 282 259 267 241 237 4271 737 1634 251 3242 473 244 4270 240 922 484 16 328 493 416 255 38 425 987 270 855 492 3446 629 411 1415 496 2925 749 1574 651 448 293 1413
213 240 350 2031 2018 2026 4275 238 4274 343 2732 249 298 2043 2329 243 2034 2730 475 1411 254 651 336 244 250 4 293 629 248 359 38 2028 1419 275 4273 494 206 411 242 493 631
214 4301 4289 4280 4290 4302 2163 3082 4296 4293 4276 4281 4292 2936 4278 565 4282 580 146 4284 695 4299 171 4304 668 4294 4287 4295 4286 4303 1116 4277 4291 4305 807 161 4306 4283 4285 2569 559
215 38 2925 4311 267 1557 255 298 4307 1565 861 250 415 240 293 477 1556 237 279 2163 1562 1602 914 2773 880 158 4310 2894 266 248 806 4312 468 278 1634 1230 798 110 1250 183 238
216 2034 411 304 250 415 997 241 325 4318 4 468 238 328 406 251 253 267 3230 249 237 273 344 243 2023 4314 293 298 651 270 4316 248 416 3234 856 740 1866 38 1563 4315 4313
217 38 1409 110 237 248 4321 594 247 855 411 238 651 206 336 245 495 862 434 2872 280 493 281 416 2925 1957 863 244 4319 16 298 266 277 478 241 485 276 272 408 301 418
218 4333 490 266 1055 1913 243 301 258 250 38 4326 190 234 855 4331 4 255 4328 4330 259 242 4329 4327 200 494 206 237 263 281 4334 238 239 2452 257 269 415 798 215 434 244
219 4341 3555 476 1416 279 4342 851 289 1866 416 448 993 3137 1415 1413 1202 637 664 475 4 629 997 4337 238 4340 922 4343 2031 425 2017 247 251 4336 177 656 327 249 630 16 255
220 1355 225 4350 259 2864 2184 4364 4354 280 2627 4344 4346 1571 555 279 4347 4362 5 2645 4352 1906 4355 567 4358 4356 4351 4361 4359 4363 37 467 382 1601 1884 4348 4349 1597 216 327 220
221 391 4367 771 4374 1370 4372 880 2307 4368 768 1327 3757 101 4371 716 894 905 1082 3627 1301 2904 453 137 892 1328 3150 4366 1085 907 1924 2910 4375 2109 870 893 4376 903 1169 867 657
222 1472 4381 641 425 241 293 238 1866 282 1196 1468 177 1335 250 183 140 3227 153 139 4380 276 237 1574 179 249 1912 103 206 4379 4378 3281 243 1983 2113 169 178 278 1005 629 468
223 366 103 392 1040 1132 171 391 1343 1073 139 1057 378 2457 564 176 4386 1473 483 3521 2533 183 390 386 2216 559 565 379 156 174 374 799 4384 572 807 186 144 145 157 802 461
224 4426 4403 4395 4396 4411 4388 1689 4398 4408 1371 4419 798 4397 386 4409 4420 4407 4414 4421 4423 4404 4410 4415 4429 4401 4400 4422 4424 4393 4402 4417 4416 4389 4412 4425 4391 4413 4427 4418 1906
225 1749 4434 2435 408 1409 176 452 4431 994 416 4030 282 16 251 448 494 414 1415 295 405 676 38 1532 277 328 244 992 1537 4 490 237 3676 139 425 1139 4433 241 436 1055 1424
226 4441 454 893 1372 656 882 932 483 3718 386 2306 3326 2583 3947 176 137 2720 1197 660 389 4058 320 2309 657 1766 4439 130 3315 456 2307 2905 1232 865 453 1938 870 2283 101 808 4437
227 269 1406 4445 276 258 4449 4443 415 239 257 734 2925 206 414 238 496 863 293 416 4447 251 651 234 2015 259 1401 250 3411 267 266 4444 16 2113 237 987 248 255 260 4442 241
228 121 244 265 435 237 7 30 20 496 250 498 46 4450 14 1570 484 2015 482 373 2469 2 3198 639 3373 1915 245 4453 21 1049 247 4451 4452 13 912 187 647 241 116 2471 19
229 431 158 4454 38 3308 250 243 488 249 4456 490 436 2471 1866 177 1796 851 139 1133 3242 255 665 232 666 14 2356 464 643 1049 244 4457 253 4458 4455 448 633 483 18 169 237
230 4459 4464 4474 4462 1815 4466 4480 1430 2776 1817 4468 916 4463 4477 128 1135 4476 4229 1336 650 4483 4478 4471 3690 4473 4485 2289 4482 2895 4481 4472 4460 4465 4475 4461 3964 1827 4479 3565 2087
231 238 855 491 408 405 257 1474 244 594 636 269 416 4487 4489 482 448 274 4492 4493 651 411 4491 1952 863 1022 241 245 4325 4494 414 4490 298 281 856 255 273 2470 971 336 3307
232 450 443 4495 918 4498 448 1816 2894 4501 2783 240 274 1369 4496 3021 327 447 436 1141 158 763 654 321 487 4499 3238 4050 414 2547 353 632 726 798 242 486 1137 2772 282 4500 755
233 899 1924 4506 3394 870 4514 112 3605 4510 909 1371 37 137 1106 45 732 4515 4504 4513 4503 4505 4509 1372 4502 4511 2088 4435 927 907 557 161 1864 2992 667 3357 4516 1592 4001 5 2552
234 4242 1112 3561 2993 4528 4531 1319 656 3949 4535 4526 4525 4523 1202 374 1365 1777 914 4534 3264 4524 1473 4522 1230 389 882 4533 4518 175 1474 4532 4517 1489 1041 2946 4519 156 2557 4536 4527
235 4381 448 485 272 2916 1368 3402 2008 282 4538 640 247 2473 238 637 110 416 237 636 863 1407 4542 1466 4539 639 629 274 251 241 478 336 4540 480 482 4 498 295 982 249 408
236 4 596 46 169 14 4546 115 639 237 255 389 749 298 651 238 4543 854 851 1954 241 251 739 16 240 239 195 492 1734 299 4547 3301 205 311 736 4544 3126 373 448 4545 3379
237 362 4552 4573 3308 4164 4559 4550 4224 995 805 4578 787 1365 4580 4549 1829 4572 1139 4569 1606 4554 4564 4560 3942 1474 4576 4553 4005 4551 4565 4558 755 4556 4577 4579 4574 4561 996 4571 4575
238 1752 4590 169 2503 2505 2104 1049 2111 30 187 4589 462 704 1760 2093 2095 2706 2604 4592 725 4584 2110 147 4587 4593 4586 778 1715 1798 4588 4591 1175 50 1781 4379 69 1708 1108 2085 719
239 240 4321 2475 206 244 3286 133 4547 4596 298 205 269 4546 4 1194 415 389 237 238 2014 195 250 278 255 16 4597 3306 4595 4598 4599 282 210 38 3110 249 416 651 260 251 241
240 3426 1271 1257 1226 4600 1279 4105 1254 1251 1294 1204 1263 3335 1249 1261 3336 4602 1253 1291 4100 4604 102 1295 1280 1258 1256 1252 4605 4606 4609 4106 1010 3805 1287 4608 1017 4607 1282 1156 4610
241 248 1413 1957 411 1951 274 2031 278 255 4617 251 861 4612 405 3277 473 263 4613 257 740 478 238 259 4618 244 4619 488 298 242 4614 3307 249 269 38 282 301 855 744 922 651
242 726 4635 410 4629 2981 4633 914 2991 122 4639 1751 4643 4645 159 4621 4014 4625 4637 483 4017 565 3645 4642 4631 4646 1747 4627 1041 4640 4622 4630 2664 4634 4623 4636 4032 1132 1753 103 4632
243 4660 452 2119 4663 289 4657 4649 4654 476 4650 551 992 4668 16 1663 339 2007 4653 234 1562 1042 4137 1387 4655 481 609 4665 4666 106 1788 1866 4661 3223 2383 4652 1668 4651 4658 4667 1338
244 3819 641 4681 4679 4684 4682 1141 425 4678 4675 1148 4671 2124 1502 4261 4680 4674 497 1816 4672 4670 2546 4676 1513 1149 179 772 1529 3227 4673 362 4669 3251 327 4677 2856 632 2140 1518 1826
245 4705 3623 3317 1069 4412 541 135 4703 3584 4700 4437 1962 456 4706 4697 903 4687 4691 4707 21 4709 4701 3718 4694 1689 4696 4690 4708 4695 4693 668 4699 4688 3385 3177 4698 4059 4689 4692 30
246 3174 110 136 951 327 34 141 125 837 4659 178 2120 3965 4712 139 4714 4717 4713 1963 948 1032 1439 142 10 265 202 106 4716 4719 825 4711 2485 3737 1668 16 1967 629 935 27 964
247 4722 0 315 3892 4727 26 672 18 115 14 4721 2537 951 3190 355 4730 2113 4729 49 4614 135 12 4720 3783 106 4724 964 124 4726 962 16 136 1251 125 451 131 334 1027 123 825
248 176 2366 2963 994 182 4683 2535 657 3951 4069 1516 726 451 1319 147 3897 763 1067 1148 4732 467 362 2783 1149 462 772 3533 582 1051 183 788 178 1474 762 899 1518 4731 448 1096 103
249 3108 3183 483 3510 4735 133 1340 139 178 122 1336 853 919 4733 488 136 108 4736 309 662 134 104 3006 666 2541 14 799 120 1343 461 1334 1466 1855 3165 912 2381 570 152 684 1041
250 267 1348 633 273 1334 481 408 237 498 856 293 993 3572 1419 631 448 353 38 170 2329 301 411 630 253 478 140 4738 640 406 4739 1422 131 636 4737 241 254 274 238 414 387
251 4752 4751 788 4750 1055 3783 4744 657 1484 2719 2715 2712 902 1766 129 1319 4740 4749 3393 4748 1963 4614 682 1325 1773 3965 656 3387 2675 768 1771 2718 1202 1307 4741 4745 4742 1331 2280 4747
252 194 4761 461 2320 798 2667 4300 1424 1758 178 110 199 4760 936 2676 4755 0 14 4762 112 901 133 1139 4759 4757 327 3375 37 179 139 4756 909 3783 410 104 433 3644 918 21 4029
253 382 2748 2751 919 4766 4764 2762 483 4763 4768 4765
254 255 293 248 263 241 4453 238 244 4323 237 1541 16 631 411 1411 4 243 596 239 242 38 1419 478 4771 301 1388 298 4769 1417 493 257 744 651 2475 251 274 249 282 1869 416
255 993 477 880 328 449 765 1131 2367 4782 762 4775 321 450 763 4786 726 4670 4783 4789 238 4778 2891 4788 147 4780 280 2894 1138 4776 448 630 3624 1831 3629 4774 466 2151 2546 327 4787
256 4808 4317 4791 2039 2730 340 2283 1097 351 3177 4802 4801 4810 825 4800 2019 1932 4805 4807 347 4793 1820 4795 21 2038 324 1676 335 346 4809 4794 3234 798 1023 4796 106 4803 345 4790 4792
257 949 1026 4812 461 104 103 1012 826 1848 951 386 963 49 21 3492 142 8 911 1849 969 48 3584 943 0 1010 901 1023 122 24 102 3805 1855 964 977 1858 1735 1676 3340 4096 140
258 111 705 3345 4818 176 4823 178 465 904 4014 4600 1083 4822 4821 4817 1370 4013 4816 1256 1203 4824 702 4815 103 1751 139 1593 186 1010 4820 108 3154 1258 183 4016 1285 131 1906 147 1233
259 265 901 327 106 922 242 4831 247 629 1517 411 4450 328 4826 241 4829 267 4828 336 38 4 282 448 255 280 431 1196 1410 278 116 4320 4827 920 240 4830 416 425 1419 238 3612
260 1145 4559 2363 2137 4849 450 3953 1149 4847 4550 4846 1134 2323 4833 4834 4839 38 4853 4842 4164 756 4781 1141 2324 4836 2513 1138 770 1516 4832 4850 1512 444 4841 726 4851 4844 4835 4838 255
261 46 244 387 16 249 139 241 4854 1663 704 1498 400 1250 4857 7 4861 1024 798 375 116 639 1357 476 651 4859 280 1866 3719 4855 1049 2015 112 4860 659 653 1360 1338 1873 370 1319
262 1766 2908 4873 3907 878 2485 4865 106 2767 564 867 2280 4869 4876 327 4872 4867 674 666 4871 183 906 2574 4870 4866 2120 4863 902 868 1771 4864 1202 1328 4862 125 657 2869 1302 872 901
263 4880 4882 858 175 3868 1070 1319 112 4878 3394 867 1076 1202 804 1600 816 657 4879 909 2312 2283 829 4508 4881 1372 802 1082 564 183 2383 1317 674 1061 2280 1376 512 557 101 1328 169
264 1787 3685 4907 4904 1 4891 4888 277 15 4897 4887 1750 1764 3812 4905 2532 3046 4884 4900 4898 187 4894 4886 4883 959 3101 4104 3809 1354 3058 3069 4889 3 1753 4901 4895 4896 29 4892 1366
265 4912 4909 1137 1067 4918 439 1069 4911 4925 3002 2725 4920 1201 1769 103 4916 4731 2507 662 816 147 4908 1049 1386 909 4914 1331 4915 1139 2899 1926 4923 3761 4924 1082 4922 2788 462 467 932
266 3504 4926 1317 657 483 333 4928 37 4935 932 232 1242 1159 492 1474 147 4927 4934 1336 867 389 802 247 4932 4936 1319 14 3636 2283 169 4931 4930 488 265 362 907 564 327 4929 664
267 272 244 405 328 4937 4048 234 206 930 418 3132 4545 495 16 237 651 241 293 240 266 255 278 434 249 214 276 269 38 435 448 1410 239 336 298 251 238 475 282 275 1517
268 3709 932 4945 4953 1069 1357 4951 1359 467 4954 4942 1906 1474 37 1043 4946 4939 174 870 362 425 867 4950 1365 4947 4944 1633 179 176 447 4938 4941 139 657 762 1779 4940 169 4948 1057
269 3283 490 436 179 497 3308 177 451 763 277 1359 4956 704 414 1057 353 374 1199 420 327 448 14 1633 103 382 273 249 362 431 178 304 176 156 726 169 38 1473 993 139 641
270 4968 2279 425 4966 2719 1368 1041 4511 4957 16 3584 3191 2457 969 4960 1439 108 31 142 551 951 4962 909 152 4965 19 1027 1647 4964 1050 3737 17 3555 2498 4963 0 26 1030 48 3649
271 1952 4989 282 4978 4984 3478 4988 4980 4979 4991 4986 4982 4452 240 1419 631 4976 4973 416 4995 4972 448 4997 4987 411 925 1407 4990 4971 4969 4975 4970 4974 4983 293 249 4992 1562 4985 4996
272 5000 112 176 391 368 5003 5002 5007 2412 563 1769 161 101 1061 4510 386 148 3394 5004 1372 685 1082 4435 182 5006 4506 1672 1371 560 557 657 1386 1121 811 4998 4999 909 816 103 3881
273 989 5014 2415 1633 5008 5010 5028 451 1474 448 641 5013 5016 629 640 176 5025 5021 1650 5026 179 5009 2404 1081 1310 5012 5022 5015 5017 5018 1139 4318 5011 4174 637 4672 668 5019 5020 4226
274 5032 5056 5063 4880 1987 5066 5033 249 5047 5054 5055 5036 5037 5061 5048 5065 5059 729 5039 5034 5043 169 347 5029 5053 2727 5040 5051 5052 5060 1551 5068 235 5041 5035 5030 5045 5057 5042 5067
275 1311 657 453 1328 1372 112 903 1231 1474 788 1496 3357 1317 873 790 868 1481 4061 2771 1483 909 3938 3389 169 892 867 5070 1297 1325 656 1217 904 685 2279 2280 1924 1044 1492 682 1766
276 5101 5095 3713 1375 5091 5108 5110 5078 5090 5075 5105 5097 520 668 5106 5084 5112 5086 5079 5082 1112 513 5102 5083 5089 5092 5109 5081 5111 5071 5077 5100 5104 5093 5076 2835 5103 5085 5087 5073
277 5116 2218 1041 3139 103 5117 1184 1060 375 1465 389 5115 579 659 148 806 174 3382 5114 379 572 1695 3169 5126 3719 1111 568 5122 161 5128 180 5118 5119 5127 5120 5123 5124 145 171 5121
278 2595 176 3139 1051 4174 5135 2535 1197 5132 512 683 1148 5138 1429 5130 161 5134 156 1349 3902 5142 1112 5139 851 1376 5129 389 5136 995 195 273 158 1726 4039 5140 5131 5141 5133 998 2121
279 5151 5152 1570 244 159 1735 238 5148 291 5153 1041 380 3203 5150 14 371 178 4557 315 5149 1738 1517 16 2791 488 3139 496 448 666 156 4546 170 5146 4 5145 851 133 5147 1476 374
280 1375 2284 4548 882 389 1773 896 2589 666 1327 147 3143 1309 5161 994 664 1194 136 5156 2921 5160 138 1202 5145 5154 658 161 564 5155 388 2283 656 5159 1083 1297 4138 5158 461 680 5162
281 549 5163 238 473 1424 489 1359 932 282 237 2923 3139 244 448 851 656 909 1920 241 689 1866 1766 3557 596 475 685 1738 1202 46 846 935 38 247 654 2280 177 122 16 1730 749
282 1219 5164 5166 2469 619 2916 474 4 987 289 5171 4794 880 1631 4541 3920 493 982 257 416 1866 301 5172 38 5173 309 241 248 237 3447 654 5168 255 5170 1199 260 238 651 1065 5169
283 790 3912 1365 807 653 5175 1375 1386 805 199 499 1906 1328 1911 1767 147 1230 108 2834 175 5 659 176 3609 1159 1474 177 512 362 2767 5176 183 4879 2284 333 1372 816 656 662 1465
284 102 5181 2532 1338 108 122 437 5183 5180 386 176 5182 1343 105 121 2746 998 1787 400 3168 112 5186 5188 911 5184 21 142 182 3414 120 497 639 1676 5178 2342 157 704 4794 139 1770
285 434 1435 1633 494 327 259 14 1404 4 238 629 651 282 248 255 110 260 301 982 277 280 244 278 1407 2925 749 4322 243 38 251 241 411 654 1403 237 636 336 177 493 416
286 447 1026 1010 1082 798 183 21 928 16 657 413 5196 5190 5198 471 5191 5193 0 816 48 1338 1257 951 2714 199 102 24 1005 5194 5189 461 405 108 5192 1023 136 417 5197 3805 5195
287 729 5228 5031 5204 5223 5212 5210 5203 5231 5207 1244 5202 19 5230 5201 1225 5208 5227 5214 5046 5050 5226 1211 5229 5225 5205 4787 5221 5051 5233 5052 5199 5222 5209 5224 5211 5062 5215 5064 5216
288 757 674 1202 2280 682 932 5234 447 2283 5235 777 1633 176 139 2876 867 902 663 1331 656 2284 5238 5237 751 2316 112 870 760 450 1309 763 657 1061 762 901 874 5236 1133 3965 2300
289 266 241 478 1415 411 5242 5247 276 272 4322 4 255 1423 987 1368 854 5248 477 5239 110 301 416 237 5246 5240 1001 277 2872 493 481 863 418 4249 249 38 425 238 5244 243 498
290 1197 810 5250 174 148 5261 5265 5249 1703 5260 5252 249 5268 5267 5266 247 846 5269 121 5259 155 14 646 5251 5254 484 554 3056 1593 3045 5253 2961 5270 5258 5255 951 5262 5257 7 184
291 5271 5287 5278 5276 5282 4804 343 38 5275 319 4317 5274 325 2023 349 4798 5286 2035 5280 5273 3234 2025 2043 5288 5272 363 629 5279 338 2031 5285 4795 345 4796 2729 317 5283 2741 2034 5281
292 866 4114 3121 2896 5292 1306 3623 130 5293 3383 3590 5289 3946 784 5290 1030 5294 467 886 4600 754 5297 4107 1298 1328 454 1258 5299 3154 790 872 3615 1370 1249 5296 1055 868 125 5291 1320
293 115 5305 251 5307 633 5306 265 2472 293 1002 5301 631 169 5300 1932 2921 133 408 2289 1642 5302 304 125 328 916 449 422 436 282 206 3676 448 3288 1407 5311 249 5308 5303 2476 3303
294 564 152 177 178 37 1634 1334 103 14 38 255 122 251 2214 4546 1357 461 425 496 5 148 3139 1041 247 475 280 629 659 265 436 2015 169 851 156 476 484 1338 158 139 179
295 2873 2779 5316 438 340 1906 1833 994 5330 1055 5323 657 3154 1082 439 147 866 5318 1964 5324 464 5321 5327 5320 327 3544 5314 2307 5319 5326 5331 5325 2768 5315 5322 4262 5313 717 1096 156
296 512 5333 3391 2717 169 5334 580 112 822 2280 5332 108 909 805 1774 4300 5338 1197 685 5335 461 1600 391 656 2002 106 5336 1474 549 1202 5341 657 5339 684 816 851 161 1054 5340 3385
297 3976 267 5345 990 484 5347 247 251 5346 2116 238 309 668 496 46 416 280 987 5344 997 116 16 1574 242 497 255 179 1556 1139 248 425 206 2013 5343 2015 846 249 2405 4538 3458
298 5363 668 927 5354 5353 5350 5355 5349 3981 156 4559 1159 755 2976 5358 5356 2501 175 1145 3998 2652 5352 2565 882 5364 3544 5361 914 2535 5359 5318 5360 1148 5362 333 2503 4524 4562 5348 2967
299 5378 3353 5368 5382 5377 3719 1131 631 5370 936 5379 646 1074 1156 3486 1197 7 5372 5375 5371 647 5380 5367 1655 315 5373 5381 533 108 2992 171 2415 3335 1254 5383 6 2379 3238 1257 4970
300 2280 5386 788 2300 798 2284 1070 868 1994 905 5387 4130 1946 674 1317 3919 760 5385 2873 5392 1508 5389 1766 3918 2316 880 5390 1202 5324 1633 793 1230 1148 1319 781 3421 656 869 468 3337
301 992 5400 5399 5393 418 477 2179 255 4319 651 1574 5247 497 5401 411 276 38 408 436 2971 5398 5402 414 4785 416 498 4322 249 5397 4324 238 237 277 1415 987 244 5403 280 425 3227
302 1304 1372 657 1062 4373 867 1085 896 5411 907 2688 1945 674 5413 1331 872 5385 3389 790 3327 5405 1054 1319 2279 5387 909 5406 5238 1317 5407 5404 1328 656 1836 112 137 3383 660 682 2718
303 1256 5418 5438 1274 3130 5425 5294 5424 5416 5430 4648 5427 5431 1288 5415 5437 5434 4600 19 5419 5435 5433 1751 5432 5421 5423 1252 5417 3120 2676 1283 456 1960 5422 1708 1763 465 826 1279 5414
304 475 282 206 328 3242 269 278 750 276 1517 434 3443 5440 856 3009 3286 419 2012 255 265 422 179 493 240 431 244 3303 405 1404 243 3110 237 486 298 492 14 38 1200 267 232
305 481 1196 5444 16 2067 4488 1335 249 3413 4328 416 2116 281 3229 498 178 244 1957 5441 1007 425 238 4325 5445 4541 5443 5446 4 129 336 237 301 241 640 2452 1866 20 243 1950 280
306 851 1049 1359 5450 3554 397 183 5454 2509 5461 5453 5457 1051 156 5460 5456 1918 487 327 368 5452 5451 3132 1199 998 374 3242 1048 5458 5455 3126 178 922 139 38 14 394 238 816 176
307 38 3683 16 169 195 375 484 435 259 46 1866 847 4737 20 639 156 911 475 237 14 4 265 4537 104 854 647 234 238 240 251 651 1049 247 241 1735 178 5462 485 245 250
308 990 411 5464 255 2734 274 490 1004 5463 5465 656 1413 38 1202 851 5466 596 1198 749 244 238 1133 636 139 1418 282 4317 270 249 3564 651 408 179 16 631 273 1770 1428 629 414
309 38 5480 238 476 997 311 5478 1957 654 336 5475 478 1517 5472 5473 241 5470 251 4454 416 2369 640 3283 425 494 632 5471 448 301 4250 5474 1401 5479 5476 249 5477 2370 922 240 982
310 639 46 670 250 2015 179 265 416 129 240 228 4336 3139 5486 1013 2329 282 5484 1202 256 2014 254 5483 798 177 266 5487 654 5485 241 5482 249 1419 4 239 837 2717 260 4247 251
311 5496 5498 255 46 298 416 651 629 5300 244 5491 405 240 5492 249 4139 269 327 5488 5494 248 5493 1435 855 5495 214 1541 140 3613 336 273 267 278 241 409 251 473 431 247 3242
312 1829 1906 1169 37 374 1328 1481 169 666 5502 174 3380 139 2675 5503 1365 805 183 1192 1041 5357 802 115 176 3025 327 156 907 4517 147 152 882 5500 1474 1159 5499 1909 333 816 175
313 3691 232 1649 654 241 206 5505 861 5504 905 200 2717 5506 431 38 115 5169 244 1866 2039 525 596 1991 219 408 629 436 298 16 133 1623 265 272 468 249 406 5508 238 2356 153
314 5524 1663 5518 5517 5525 5514 436 2764 111 792 2610 721 327 4785 5516 5526 122 5522 5511 653 3321 2383 5513 5515 1050 5512 918 462 5523 2130 1672 13 187 5520 5521 19 2702 467 139 2768
315 4864 5531 5405 5539 904 1323 5543 906 5545 4621 5533 2771 5537 1987 5540 1317 5532 5529 5546 5549 1485 5530 1972 2278 3383 1474 5534 5544 5548 1328 5541 5536 1319 1489 1496 5535 5550 5542 1491 5527
316 2856 139 112 1766 1771 5559 350 379 106 5558 234 2723 4867 2280 682 0 5555 1325 5551 3387 5554 1049 3140 3340 3965 965 5557 237 867 328 704 5560 2718 5552 152 2908 5562 238 1416 5556
317 2475 247 493 298 328 242 1866 248 411 206 239 249 266 488 269 492 278 4543 448 251 282 255 863 281 274 240 636 241 473 257 481 16 238 110 243 416 654 494 629 651
318 5565 416 5566 5567 206 639 1372 3377 248 851 5569 282 1541 816 38 3065 564 244 468 651 375 4133 5564 3612 4 2835 183 237 5568 199 251 3613 475 235 411 269 5563 484 238 176
319 5578 1962 5599 5608 5589 5575 927 5572 5597 5571 5591 5570 2520 5577 5606 5592 2744 5598 5581 5586 5584 1880 5603 5596 5583 5582 5594 4059 5607 5595 5573 5605 5580 3531 5587 696 1878 5579 5604 1175
320 176 38 375 1041 1026 1334 19 496 5610 382 21 169 549 108 3583 1107 13 5609 112 2788 799 37 5563 122 5613 30 2754 1918 5612 156 704 1750 139 5611 3414 656 851 858 3213 103
321 1600 755 656 176 2718 5618 2283 1372 1061 872 183 2280 868 5617 1331 1836 1319 5622 657 790 4864 5619 2786 5621 5413 682 5069 1773 5620 805 3907 1317 4879 1906 5615 1202 2284 1302 5616 3383
322 5631 1334 5641 4155 5633 386 5638 5634 963 1335 5632 5625 1119 5624 3884 5630 3140 5640 5635 5627 1800 5636 1103 5629 5628 5642 373 5626
323 103 704 5643 2095 247 998 5653 1359 5648 1593 5654 2749 2074 1362 5 919 2650 2543 496 659 16 1369 5647 2509 5649 20 4016 5650 156 5644 647 5652 244 653 4033 1335 504 122 5646 535
324 4173 489 249 1375 3139 5655 4 158 2527 159 238 374 5499 851 38 2365 807 16 403 122 8 492 156 1041 2876 1112 654 178 1920 462 998 139 659 1609 798 1365 1197 177 1481 183
325 1336 1153 14 5664 358 467 1575 916 2776 327 1096 1606 179 5657 1815 431 994 1144 676 425 5234 2891 5662 5661 321 2876 781 5665 5666 3745 333 436 5667 438 1830 5663 362 1817 353 5658
326 5669 270 247 38 255 651 5679 5671 258 993 448 3139 237 5677 411 1151 645 2856 5680 4773 5674 242 421 5672 5673 631 298 251 1351 5678 5675 642 3248 416 1418 1645 276 5670 406 641
327 1518 5687 159 3899 1511 4781 1141 390 5686 5690 5691 2520 2363 1359 5692 772 2514 2509 4833 3894 5689 1915 2366 5685 1157 5693 1816 4309 2147 5682 5681 3423 4176 375 5684 56 3139 4266 5683 2151
328 415 739 237 299 206 214 737 1413 110 245 4139 241 5694 3113 416 272 4 249 3242 405 250 854 38 5695 274 1466 240 749 837 282 289 242 255 270 16 494 259 301 2475 411
329 982 158 5240 988 2916 243 4497 5697 984 5167 448 629 1349 179 2534 4541 108 3314 274 488 273 654 122 293 4249 249 631 5696 1651 282 449 46 2547 5698 995 5679 1049 1136 5699 328
330 238 416 5701 244 639 488 251 1072 386 1419 654 474 482 38 16 5702 7 1081 421 651 916 493 5703 241 3140 2112 982 282 932 277 255 494 242 249 629 630 857 631 1139 5705
331 478 241 247 282 249 431 418 234 207 263 651 206 255 411 5712 5709 328 497 434 281 631 5707 992 237 3228 5713 5245 276 5710 5711 244 238 1413 4337 274 861 492 2872 448 416
332 206 5716 2574 5721 5725 336 5723 478 249 5714 295 416 261 267 4321 298 5719 602 2444 5724 636 38 1574 248 5726 651 327 250 475 282 594 5720 425 266 328 605 244 5718 237 5717
333 1338 293 249 2891 139 327 436 177 238 855 992 5729 1430 237 5234 487 5727 416 1815 916 446 4739 122 256 241 411 358 1479 2534 494 1817 1334 414 453 140 14 275 38 277 353
334 5743 1144 1816 5737 1502 5690 5683 5688 5684 3820 5685 2147 5738 779 5744 2363 4633 5750 5749 653 5731 5739 2129 5742 715 5735 5733 5747 2549 1520 1147 760 5745 5748 5732 1134 5736 1141 5740 5730
335 1915 5753 108 3415 379 1057 5761 5751 5763 373 2529 1897 5758 5759 186 155 5756 5760 178 5752 5754 4 1708 935 1107 21 553 370 244 1335 1359 4033 5258 2988 653 103 1922 3514 5757 8
336 1753 919 1060 425 4018 1668 1355 1473 2342 1057 998 5767 368 1378 111 567 2532 5769 1367 4012 1359 5648 2 2509 1357 187 1798 5774 571 2640 659 37 5775 5773 5771 3856 5770 3545 5765 5777
337 1849 2871 5791 5788 4959 3909 4866 5786 2870 1846 1024 5783 5778 10 5784 8 42 1424 24 0 21 5792 5795 5796 5785 5787 935 17 943 948 47 136 4656 1856 5794 825 5797 5789 5781 5782
338 5813 5814 5839 5830 5798 4227 5819 5815 5808 5823 2437 858 4664 5835 1668 5809 5804 5836 5837 5829 5802 5820 5818 5803 5821 5824 5833 5805 5828 5827 5832 5838 5807 5831 5840 5806 5816 5801 5817 5812
339 591 253 248 1735 238 473 411 488 38 271 298 269 596 232 242 4617 254 206 861 4543 1419 234 16 475 651 228 5841 1411 4 243 461 239 240 251 258 492 244 293 259 291
340 362 1194 1642 5845 5844 177 4563 255 436 3292 1199 178 490 637 1365 664 1474 4548 1506 909 273 5842 450 4552 2918 4557 389 414 179 3288 1152 147 3203 2921 176 1041 431 643 1084 5846
341 657 3976 991 447 5854 5502 2143 1508 757 5848 1642 564 752 1139 792 183 5850 4924 179 1821 448 777 870 5855 444 139 1481 1633 5852 1607 5851 1507 5849 5857 1132 5856 131 633 5853 5847
342 5867 112 668 2397 176 5860 5858 139 1718 2202 5862 3563 108 383 687 161 1672 103 3257 1864 568 4526 5861 3521 665 580 388 5864 160 5870 5120 5868 5866 565 2352 4291 504 574 5859 111
343 5891 5899 5884 5905 4020 5897 5874 5872 5896 5898 4998 1594 5880 5876 5907 5894 5904 90 5062 5770 5881 5873 5895 3906 5888 5877 42 5871 5901 5903 4036 5900 5883 5875 5882 5879 5902 5878 4999 5885
344 171 5911 5908 1073 2520 1371 30 807 5912 665 379 1896 5915 161 183 5610 5770 566 1072 3169 368 5260 3522 3528 1378 5830 5913 5646 5914 176 5909 5916 3204 112 811 1050 5910 695 2645 1363
345 5922 3251 763 3308 362 5918 1134 5923 2988 486 448 2280 5920 5921 5924 760 158 2068 1131 5927 378 439 1159 1146 654 3019 932 851 5917 438 157 451 3014 3283 1133 998 1751 273 3976 5926
346 373 5939 811 5931 1026 5118 4857 2076 5935 3518 5929 1052 2464 5941 404 3321 366 1710 1800 1670 5942 5936 5943 5610 3707 5934 146 119 5945 1796 5930 3701 5937 368 1040 3190 5928 5946 5947 5932
347 2076 1184 5955 156 159 2344 108 5257 38 5948 374 5952 639 148 4174 144 1334 174 379 568 5954 1048 5951 178 490 5949 2748 3969 122 5953 376 2992 4537 2527 1041 4050 5950 998 3168 166
348 5957 3321 120 1334 3379 1013 277 565 375 26 116 846 1817 170 4383 14 461 3765 5499 483 1048 164 121 4920 4045 5959 7 1424 549 2527 2541 38 488 5958 308 103 1197 309 1196 141
349 1751 1759 2988 5964 5960 3733 5963 706 199 5961 1023 1670 24 1676 5966 102 3654 4957 3644 5965 5972 942 4621 2320 3958 108 3805 3809 909 5969 5967 2091 21 5968 705 2718 2716 2984 1055 803
350 38 357 438 1836 327 1946 467 437 1055 171 5982 2590 488 5978 3136 2776 353 443 928 5976 1337 2033 2725 2891 1817 5980 4130 3574 3438 5975 5979 453 3937 440 4925 3919 194 448 5974 916
351 5983 2489 34
352 289 240 265 46 636 237 293 1866 2113 2391 278 241 646 274 1407 2029 478 2534 1952 238 987 301 5984 4453 244 2871 1517 249 629 7 1338 20 178 654 861 2026 2469 484 267 5165
353 5988 1385 5998 3383 6007 5985 5987 5989 909 5996 5986 1328 5995 1217 867 5993 4621 657 788 5991 6006 5990 2673 5992 5069 6002 6004 5997 5212 1303 5999 1317 6008 6005 183 112 5994 150 1213 1759
354 175 1574 6012 886 870 1298 1333 873 1370 6010 768 4505 1673 1301 893 1309 759 1082 1633 1604 5236 1308 137 6011 2318 903 771 177 1372 866 868 1908 1129 1924 4176 453 1488 2435 867 139
355 1372 136 1375 1963 1387 436 2485 3223 6014 202 1197 6013 901 106 656 234 176 685 125 2284 1652 200 909 916 1788 3965 179 169 2119 528 4140 108 551 2283 512 1202 932 1073 483 16
356 301 16 298 6020 272 206 248 863 6021 257 1562 6019 245 263 38 1563 1002 426 110 861 237 1869 6015 473 240 6016 6017 266 475 190 244 2031 6018 406 416 2925 415 267 243 1557
357 1571 5188 6040 6039 6031 6037 6023 6028 5774 6035 6022 2627 2188 555 2341 6027 6034 6043 6036 1572 1802 3592 4344 1583 6038 6026 1902 6025 6042 6030 6033 1904 225 6032 1580 2173 6024 3512 6044 280
358 411 3165 133 3144 449 846 120 242 1041 488 131 4856 152 139 704 6048 179 121 1009 1392 370 922 1731 186 630 1593 643 5 37 170 6047 1393 3126 1403 282 737 448 4854 1481 912
359 1336 2003 1199 327 249 416 179 336 14 436 636 494 654 411 2534 448 630 629 237 255 642 38 270 265 240 293 993 267 2435 122 140 916 631 5 468 166 282 414 273 253
360 6067 847 6054 6057 6055 6066 125 1310 6065 6064 804 6060 6049 6061 6070 6068 6063 5 6059 1647 362 1703 676 6050 112 293 179 454 1836 6073 657 5385 6056 1365 14 6052 6058 6071 2283 2771
361 236 176 251 1368 6080 190 6085 250 106 2469 380 1107 122 498 4893 153 2157 6082 6092 6088 1581 6083 6089 6078 6077 387 4617 1574 211 6076 2163 6093 855 6090 6081 6087 6075 5507 6091 2015
362 1967 6094 2675 5799 4653 905 6098 880 238 1673 2383 858 6099 784 5525 3903 1055 5778 6105 1647 328 903 668 6107 6102 1668 4656 6103 139 357 3338 5979 6101 4302 177 2771 468 656 327 6095
363 411 405 289 1413 16 987 238 416 263 245 277 1404 280 596 251 241 4 249 3009 982 6110 6109 1953 243 336 1866 6111 493 255 6112 350 855 1001 629 473 281 248 257 414 651
364 6125 1135 1133 2590 6120 422 194 993 6127 6119 2091 327 726 140 6126 6124 1631 436 1147 4025 637 6128 4022 6131 5014 763 410 438 2875 448 6116 4626 6123 1139 6130 2372 6132 1817 6113 1815
365 6135 242 1032 656 911 414 861 1041 362 409 153 6137 6136 449 251 629 176 241 16 238 265 1042 639 851 106 3005 291 103 1424 273 282 939 200 240 840 14 206 1419 6134 311
366 139 156 1374 1376 3383 487 2284 6146 1195 5 683 504 442 1424 158 6145 176 909 6143 5690 1138 685 1192 6142 1337 6140 512 1041 183 2280 6141 2278 1032 935 6148 3000 152 3006 3491 265
367 1642 6151 6170 1061 6150 6162 4935 6172 1372 1738 2283 194 6153 6155 3559 6149 6161 5311 6157 6152 2717 5147 4548 1331 961 6165 4826 3302 6163 6164 3288 3562 6158 5300 1726 4527 6160 6168 6166 6154
368 1833 320 169 2967 1082 6176 1482 6177 1319 1906 1508 467 453 769 2317 6175 6181 1055 994 868 660 798 2316 6180 762 6179 732 904 788 469 3534 793 6173 1237 6178 781 6182 4067 6174 928
369 672 6189 6195 21 6185 1353 6188 6206 6192 1356 1758 2113 6199 6203 1024 6191 6187 30 828 6205 1971 6204 4952 1050 1976 6193 3854 187 6198 16 6194 6201 1010 1055 6186 6184 6183 6190 5 1756
370 375 4757 3120 6207 6212 909 4941 6209 21 102 3121 1055 2306 964 4940 1202 3375 1209 24 17 922 472 6213 103 121 951 48 1676 6211 496 3199 4096 1259 880 6210 0 183 3047 3135 3123
371 1046 2461 156 389 1353 21 103 6214 549 1726 175 152 37 1049 851 1769 553 187 1192 182 1724 1581 932 403 2 811 174 4104 30 161 1374 994 1359 1040 659 5 1058 112 1909 391
372 263 2067 1199 651 251 206 275 475 244 279 243 158 237 248 355 431 2329 238 416 1541 406 38 411 291 1563 636 863 1418 987 260 301 3017 492 1651 2925 293 6215 1388 259 240
373 982 594 631 110 494 6217 416 328 1651 2013 425 636 249 6216 984 241 1418 4 274 1388 282 251 987 478 248 481 259 238 38 244 242 267 6213 856 240 651 4048 4336 922 414
374 450 1506 1642 6222 996 882 442 2922 183 3560 3243 669 1365 416 991 487 656 5489 2783 238 3555 1139 6221 1142 447 3551 362 4557 169 939 179 1474 6219 6218 2894 3064 6225 298 448 38
375 685 179 1202 1331 790 1767 657 1600 1488 867 1372 932 161 2284 788 909 870 1237 682 1328 512 183 6228 1482 899 1474 901 4653 1777 805 2280 1323 2728 461 2492 1773 674 6227 816 656
376 277 241 6234 987 293 158 454 1643 3431 1017 16 6233 497 5165 416 630 6229 448 6235 3121 249 447 6230 985 414 6239 636 411 4794 6231 3433 6236 237 654 240 2031 238 474 1042 38
377 6135 5014 657 6245 282 6242 486 932 1307 1139 378 6246 4164 1633 4562 1650 5660 4551 1134 3941 4550 362 4555 6240 179 3940 1365 5008 1310 6244 3283 158 4549 6243 6241 5017 333 4553 6248 1145
378 6018 588 987 234 266 861 5709 18 6250 6251 435 4 245 475 263 228 248 38 477 428 238 2157 6256 298 241 211 6249 6252 416 274 244 6255 259 6254 271 493 16 261 6253 1557
379 3757 137 4516 559 6260 914 3394 1926 6258 2583 1948 4435 6265 1938 3331 1800 6266 1371 135 4377 899 6267 2897 5552 2412 3182 2506 1061 3605 3315 139 4513 456 2088 6261 101 1385 112 870 320
380 6274 5646 8 13 3842 3845 1796 148 1672 568 3095 3264 1364 1107 2207 33 5118 3810 154 6277 1915 5775 1024 6272 1353 3844 5767 1975 6276 1357 6269 4899 6278 6273 3545 1789 6268 489 187 6270
381 659 1909 2059 1473 177 1338 156 26 176 816 483 919 21 48
382 1472 6282 1574 497 684 6280 280 108 241 1773 247 491 106 250 861 6279 16 1372 353 3108 909 5705 136 435 436 1202 3451 475 656 133 1338 5398 244 38 1067 468 177 549 2856 6281
383 6303 2534 985 3014 6286 414 6296 6295 990 353 6290 6283 282 641 2582 5018 6289 5671 986 6292 6285 6304 421 6284 5679 6287 637 6288 6299 988 6291 6297 6301 6293 451 5026 1136 6239 1154 993
384 6325 6317 441 425 477 327 2116 1911 6308 6316 6321 6322 2173 1823 6314 6312 2163 2857 6310 2852 2849 1602 298 4347 6319 216 6080 2188 6323 6320 6315 3267 279 6324 2184 6326 1404 6081 1574 6327
385 3563 651 389 145 38 276 5462 6329 176 6331 1574 1727 241 46 629 2121 4548 6333 414 244 997 247 6332 3220 805 496 106 2113 1197 4454 1726 492 16 1724 1742 156 851 249 405 6334
386 1418 250 106 139 327 851 253 1415 255 16 3373 476 848 6336 416 1868 475 259 240 260 169 14 247 591 241 37 629 4 152 280 497 265 237 861 1574 651 411 251 6337 2012
387 238 16 863 596 106 251 2923 985 262 995 205 247 916 488 476 643 1412 206 249 416 241 851 5655 244 492 242 496 328 411 414 651 1734 629 494 298 6338 336 255 3139 448
388 1411 492 206 1202 336 922 16 251 269 1541 1952 38 654 478 496 837 482 240 241 267 984 624 255 106 475 237 249 282 416 629 484 179 4 265 301 639 405 473 630 3314
389 6352 2610 6367 6349 6350 5435 6345 6351 6354 4696 2706 2408 695 5885 1975 6364 6359 4703 6348 6344 6363 6358 6356 3327 6343 2597 1672 6355 6365 111 1158 553 6341 6362 5687 6361 1962 6340 6346 6360
390 206 376 298 1342 3555 2992 987 120 260 234 243 496 255 237 228 4 38 863 250 2015 2471 251 1001 247 854 1867 282 249 651 241 240 1868 425 380 248 16 238 861 3140 6369
391 2335 6380 6376 376 6378 116 1192 178 166 1041 2068 629 38 3986 5529 6371 103 6374 1879 1056 2560 6372 160 378 1594 568 579 380 2344 2339 1876 6377 2826 572 846 6370 2992 324 847 5
392 234 298 269 416 6387 266 861 280 6382 418 12 106 481 3404 918 992 1410 244 258 4541 190 594 238 257 1869 4324 6383 672 281 494 4326 276 1354 6384 255 248 38 228 206 6388
393 6390 407 6399 6414 997 6405 4718 6402 120 282 6407 6413 739 6392 4 3737 3002 6395 5974 6400 6394 837 6403 6393 6396 6408 6404 1424 6412 12 6411 6415 110 129 6397 6409 591 4614 6389 6410
394 269 240 855 260 20 492 129 651 238 3009 1466 328 244 411 861 298 856 493 309 6416 259 38 255 416 3886 247 263 276 241 237 242 4 206 199 434 851 106 248 1541 282
395 6420 488 6422 6428 6431 6430 17 816 48 6423 963 176 6421 909 2497 943 2481 951 1041 947 6424 6427 1676 379 3649 1424 6418 6426 21 662 6417 6429 142 954 1854 461 45 6425 805 6419
396 1327 657 1946 907 1370 870 1317 6433 26 132 147 3757 788 790 899 467 437 6434 6435 1668 12 6436 182 1297 6432 6438 2725 916 2771 6437 439 21 179 1070 773 2673 1308 2306 4437 4370
397 240 328 654 274 744 38 267 238 494 255 1415 1418 291 244 916 293 250 414 110 241 416 260 636 596 249 411 651 436 248 749 277 206 251 431 282 336 272 263 237 448
398 553 1672 703 111 6445 1694 30 719 5886 695 5885 2605 87 729 4018 187 1378 12 6448 124 52 394 1179 13 368 1699 582 6446 6447 56 6444 571 2532 647 6443 677 2 6441 6449 6440
399 763 497 451 6460 1686 2501 633 1873 315 6452 5951 1110 280 6459 6307 3898 6451 629 380 3570 6455 6458 6135 6453 362 4010 6457 4484 1145 1067 998 6290 477 6456 993 6454 1199 858 1051 3491
400 6465 969 21 943 106 951 2489 4 6462 1848 5787 577 6407 25 49 2498 949 116 948 4961 8 2479 3191 1027 5795 108 6466 16 978 837 6427 6461 954 2486 0 1013 6464 2457 848 6463
401 4225 240 48 1114 3593 949 6470 1758 2871 38 6467 562 1842 549 665 4450 391 6475 21 17 6473 45 2489 8 822 853 6474 1073 6468 2483 633 2479 461 142 0 1853 947 47 49 5551
402 564 2728 790 461 901 657 2725 997 166 106 1735 179 403 304 451 453 1202 1067 916 1055 169 5174 932 998 659 2283 103 378 362 2280 374 2718 139 14 156 903 177 655 270 1817
403 278 1837 487 4561 1611 490 448 5974 451 991 486 763 6481 4050 5922 450 4550 447 327 4552 436 1829 6478 2922 439 6480 2768 3341 2590 1153 3034 444 6477 4565 755 1067 1634 3308 6479 1606
404 6491 6497 6485 6496 6505 6486 4063 1237 464 6493 6483 6495 6498 1760 6502 4056 1055 6487 732 6484 6507 6503 3154 2678 6492 2898 6488 1370 2673 6494 4061 6501 6489 1766 6506 6504 3617 866 873 6490
405 182 2226 3804 1371 30 183 3881 4859 6520 168 528 1844 3264 6519 6514 695 579 6510 3500 3195 562 6509 4276 6521 3274 10 549 3514 6513 6518 155 2 5931 561 6516 555 2407 2946 6517 5
406 2962 1138 6527 6535 6536 2963 457 6526 726 6528 2509 4916 3139 6534 6529 6532 6530 122 4633 6524 1147 450 1050 6533 1134 6523 702 919 1502 1141 1150 4498 442 1148 760 182 5690 2743 727 1051
407 4099 684 3492 1197 1073 3313 816 4860 6541 2533 512 391 901 808 461 811 16 3510 633 1343 48 919 6540 161 4952 6537 802 374 1334 6538 1779 6539 1040 656 665 121 483 1613 1372 177
408 282 6550 619 624 6549 243 5698 448 416 6070 296 411 6542 2039 6547 325 2912 3676 6545 6555 6548 3445 494 303 237 6551 6543 251 4322 5484 336 5170 274 238 2574 6544 3277 857 6546 299
409 1204 6562 4605 3426 944 809 1248 6569 6558 6559 4601 4610 2871 3336 6565 1262 4941 4604 4815 6557 6563 194 6570 1250 6561 1226 6566 3584 1203 6417 6568 4602 1258 6564 1233 3121 4600 4611 1274 6556
410 1361 6590 216 6582 1802 6578 6321 6573 2860 6574 6581 6585 2848 1574 220 6580 2849 6572 6579 2856 2854 227 2843 225 6576 1597 2189 6588 2846 2840 6309 2864 6587 6310 477 6591 425 6586 6316 2839
411 391 390 6599 553 395 174 6268 3168 1875 1363 1594 552 2500 6510 2352 556 166 695 3519 6595 1897 5915 6594 171 2601 6596 1107 3875 33 2499 2 56 6593 3521 1896 172 704 6597 180 568
412 5385 8 6606 6067 3095 6605 3162 1357 182 174 483 6607 6608 1873 1103 6601 799 177 6600 6609 175 1359 6604 21 375 13 2856 6611 1836 1070 1594 1040 914 6610 932 33 665 6603 3 178
413 6632 6614 6630 594 21 6624 6631 10 944 6618 24 170 6629 4003 951 855 825 964 963 6633 6623 131 26 6424 1009 6613 136 1010 259 1760 6628 1334 6616 6619 3649 1676 968 6625 6626 6622
414 6646 6640 161 678 1331 870 2241 6637 123 5563 2718 6 899 6644 1938 868 6643 456 6639 2237 2275 1045 6634 4307 176 1179 187 6645 101 112 662 6642 6635 1735 6650 1741 6648 2254 1600 6641
415 6686 6665 6673 6676 6668 6682 1962 6653 6679 691 6681 6346 6654 6347 6368 6674 6669 6683 6661 3121 6663 6670 1237 2631 6658 6664 6675 4622 6685 1482 6662 6657 6659 6684 6655 2407 6660 6656 6671 6351
416 6688 129 1853 48 1676 176 103 1372 1343 1670 6121 0 391 8 816 815 1054 115 102 121 1663 1855 16 1023 136 3140 1758 549 112 1672 21 161 1060 108 122 848 6687 3805 1012 964
417 6708 6714 6719 6697 6702 143 6690 6711 6447 6693 6707 6700 87 6691 368 6721 6718 97 6692 3679 6713 2532 187 6710 6701 6706 6720 6717 6709 6703 6698 103 6673 6271 6696 69 6715 6704 6694 694
418 1325 1372 112 1492 137 1370 4367 6727 176 456 674 6728 580 6724 2280 2284 816 1210 867 6726 2901 1328 682 685 657 320 1474 1769 1094 182 5405 4061 1496 1061 656 911 4059 4060 6723 1215
419 6735 3330 112 6732 909 6450 6737 6734 1331 656 3757 3705 1386 5986 6736 6516 6730 2532 1930 1935 1372 6739 6731 1690 802 1202 1328 6740 137 1169 1371 1193 3328 4039 870 6738 6733 1378 456 4435
420 278 997 139 304 637 282 630 255 270 244 238 414 636 420 5466 411 494 639 651 4384 273 1409 179 241 274 1639 654 425 249 476 993 6742 277 408 263 1418 474 298 416 327
421 2479 1961 49 964 1373 6743 6747 461 6421 909 34 1647 504 662 42 112 2866 1374 901 958 2481 6749 6750 6744 947 948 0 6746 977 2869 6748 6751 969 549 6745 2536 1424 949 825 136
422 851 919 504 3560 3139 157 178 139 176 400 3709 0 5647 811 174 512 1343 14 103 182 1777 6755 21 461 48 8 121 901 2283 6757 6752 108 1041 1773 935 6756 106 122 1359 3932
423 1958 6766 1465 6759 1962 1156 6762 4609 6771 4607 5003 6768 581 6770 1974 6776 6767 6777 815 824 470 3199 1049 6761 3190 1661 6558 6775 3356 187 6763 2409 1670 6760 809 1012 6772 1353 6774 6773
424 6779 2410 1662 6778 3437 6780 1708 111 1070 8 1159 1204 1248 6782 4904 139 1661 3842 2423 3195 357 6781 812 33 553 1013 1233 5960 13 182 1069 462 102 469 467 1849 6783 2620 400 2306
425 6789 6794 5311 6785 237 425 1642 6784 6742 492 3288 6795 6798 6791 5466 38 5300 5303 2919 206 6792 1620 4935 6786 4579 2012 4759 282 6790 14 244 270 6788 3294 6787 916 3297 6797 596 1202
426 6004 1925 1668 1317 6809 6806 125 875 6808 6805 1065 6814 4791 2718 5298 2415 905 6804 6813 1319 3718 6811 880 6006 1068 2785 874 468 1298 137 6810 38 456 6803 6801 887 2280 6800 6812 907
427 403 139 321 1199 14 21 443 656 467 278 1373 1067 461 46 156 237 436 657 454 468 909 182 1341 549 494 1072 659 553 1049 244 951 1424 448 462 4 282 136 178 5687 106
428 2905 782 1773 867 1317 1766 1372 660 6815 1325 1771 2908 1319 2834 2280 906 902 6818 6819 6816 768 2898 5235 2715 6820 2583 125 674 866 3387 873 147 1328 2278 657 2718 1202 656 6821 1215
429 368 483 3644 161 2992 4631 6825 6829 2 4787 6823 6830 30 4924 1072 6827 1063 394 936 541 1098 1699 1081 103 3680 553 1049 1353 6828 1814 2073 21 695 6824 1822 6822 146 2283 1041 1074
430 943 461 6838 6841 106 6837 6100 6832 6831 665 1369 488 1950 912 1999 3579 6844 1735 6836 6835 2833 2597 14 1758 3212 6843 1424 2671 6845 16 169 5151 936 19 6834 35 1334 684 6474 1
431 172 1374 5955 5260 6856 568 6857 2457 176 168 549 2568 2415 2552 6858 6850 2352 366 560 6847 6852 103 6846 6851 2361 2003 155 816 2557 6854 6853 1844 6848 858 1604 807 562 379 4276 2561
432 4663 202 6101 4658 6873 676 6879 106 6877 1856 2000 6864 1179 2356 1668 6861 5323 6878 6870 2041 6872 339 6867 4656 6866 328 6860 6880 6874 6863 6868 340 880 1670 694 1049 194 6862 6871 6875
433 2965 166 178 2514 1478 6890 666 3280 816 6886 6889 805 6892 1041 1335 6893 6609 6891 6885 6882 369 2071 483 6881 6887 177 2528 1349 2595 1052 6883 6894 6884 14 919 2748 4767 374 6888 108
434 2514 139 704 177 1335 103 1343 659 384 375 21 2461 1359 2756 1472 5174 919 374 16 37 386 483 104 1481 5776 172 14 179 1050 461 6147 2342 1041 1357 178 1471 175 1740 182 148
435 630 2923 5164 6897 16 247 403 476 492 244 237 494 5927 984 339 863 880 1744 277 251 3918 1634 6899 38 416 298 629 255 241 591 249 468 1946 336 1049 4321 5234 654 640 922
436 6908 6906 6914 6900 6905 6935 6945 6926 6901 6907 6947 6910 6939 6927 6941 6913 6916 6902 6938 6917 6911 162 6944 6920 6942 6912 6909 6937 1077 6934 6919 6943 6929 6932 6946 6936 6925 6904 6924 6922
437 6949 1852 1072 6954 1428 6952 6959 1342 6956 1735 6962 657 6953 5129 106 1976 282 2000 2113 6955 4654 2871 1372 1725 6950 2202 14 5977 549 6957 1054 1809 1844 6960 837 1195 3509 2400 6948 665
438 130 6963 771 851 1060 1202 759 1328 1069 1064 5485 916 768 3532 456 905 2316 6964 12 137 1094 6966 867 5141 676 155 3964 656 2889 438 512 2143 375 6968 122 440 422 657 804 907
439 1424 278 129 206 411 293 241 749 494 291 473 239 837 636 1541 476 596 259 16 251 176 106 475 654 416 202 237 301 249 4 274 244 851 1419 909 3307 478 242 240 3212
440 555 2312 106 4302 1328 5378 560 6973 379 657 1382 6970 147 146 683 899 668 179 1081 6972 1199 659 425 685 1192 216 811 549 530 148 805 909 6969 816 280 6653 161 2412 2280 1210
441 411 425 1359 140 38 491 353 1574 2925 282 255 5 416 982 248 436 237 249 494 481 4 6976 448 177 110 301 148 125 4541 6975 244 1338 1633 5300 16 496 6974 749 272 277
442 492 6990 1466 241 3039 244 6980 2329 6995 238 6978 6988 6987 6994 2915 311 249 473 260 237 6997 6982 6984 647 6993 2471 6979 6977 6981 38 247 6992 6991 380 267 6998 6983 6996 6985 475
443 7015 6999 7021 7017 918 7019 7002 4788 798 244 855 139 357 1353 7012 21 7011 277 7003 16 3198 7023 1265 1360 7024 1055 7005 7000 7013 238 7009 7018 1050 7022 7006 5960 7014 7008 7007 7004
444 998 655 7030 1192 1478 371 161 5499 1103 3310 919 389 1920 1041 7025 7026 1472 7027 7029 2539 304 180 156 14 174 666 178 1866 374 483 153 176 1613 1479 3165 1335 1430 2067 7028 1349
445 2130 549 187 139 178 6076 156 1473 2463 441 1961 570 4785 176 6121 1058 174 7033 1359 103 21 805 483 1338 177 410 1026 639 919 382 2071 2667 7034 152 157 38 327 37 374 1057
446 1649 1541 4 251 16 269 1922 206 411 249 214 158 106 468 475 425 110 38 263 851 476 255 129 289 266 278 280 282 248 2015 328 277 1013 1866 6130 238 20 482 473 244
447 315 882 7044 5357 787 1829 7040 374 1606 4549 362 1615 7046 7042 1506 4550 4576 3985 7036 1906 7041 4563 7038 4551 4164 7037 932 3998 1630 7045 7035 3357 448 1159 179 5348 4005 5843 3308 2565
448 38 418 434 279 250 251 425 1404 280 861 106 237 281 249 244 298 242 416 488 2838 267 3223 1338 2116 190 7047 411 278 413 255 269 16 493 238 651 248 490 206 408 4
449 1841 1849 7052 7049 949 1858 108 967 956 943 142 21 968 1024 3906 800 1853 7050 7053 49 951 6417 24 977 5884 964 31 136 3584 2425 6469 948 954 2869 47 969 7054 0 48 1854
450 241 987 38 3139 176 630 2469 911 14 16 629 244 2923 249 984 373 837 639 549 1570 103 951 1730 846 1915 498 478 482 1770 1049 273 255 475 640 4 1196 704 1041 238 476
451 629 16 249 7059 389 1349 1336 139 5 436 1196 666 328 7060 174 1055 38 7062 122 2113 1745 1365 1195 7061 7031 7058 1057 2560 1424 255 2566 176 1734 1376 2534 3125 639 565 178 177
452 1078 3647 3644 169 7064 2610 5972 7068 357 148 7066 1057 147 7067 1 553 7073 2992 2672 682 5987 922 2982 798 7070 1759 7069 2676 1747 16 7072 21 2991 7071 100 7074 1751 2667 122 430
453 7077 7090 115 808 2430 1378 909 5770 3274 154 3360 103 169 1230 7091 7075 899 7082 7086 914 7080 1386 7078 368 927 7081 802 702 560 175 7092 564 183 827 2410 7083 7088 1383 7084 2468
454 301 16 214 651 206 183 282 478 4 249 295 473 207 240 251 38 241 237 234 238 106 425 298 243 2119
455 7095 7096 421 1413 1195 7099 7094 5484 1551 740 7101 267 7105 309 7102 1419 275 7098 7104 1199 214 411 3402 38 1645 3570 2113 7106 416 1418 1196 1192 293 7100 406 282 490 448 270 336
456 404 919 2790 564 1041 911 175 1976 199 3310 1890 1192 174 176 3388 368 2717 194 998 2202 6971 1372 7109 1082 816 680 1386 1069 1600 103 156 386 2558 3047 374 3395 685 1375 0 461
457 788 7112 816 2767 909 176 512 374 7113 685 112 2717 2289 1319 1372 139 1386 811 3395 7111 6737 1193 4039 3868 932 422 7110 1600 178 1331 1375 183 175 6953 6270 6639 7114 564 657 1836
458 7120 6604 905 7118 177 448 3919 468 238 1365 1359 704 2 984 998 38 247 3277 121 103 6235 273 851 798 991 1946 158 7119 436 4450 7116 3439 156 148 373 1970 122 496 7117 414
459 1372 899 868 1296 7127 1323 5527 1213 870 1317 1484 7122 1488 1331 867 1492 1489 483 904 793 1907 533 2696 1319 175 790 1217 1159 788 768 2297 3938 656 7123 7125 2834 2673 7124 2678 660
460 2555 7144 7139 7136 108 7140 3049 7134 1063 116 2560 1735 7030 7142 1072 5703 7133 1374 1119 7138 1864 7129 7135 6227 7132 1879 176 909 1767 1912 7137 559 7128 7141 7143 180 141 6955 2073 1876
461 5194 21 7148 2 7146 183 8 14 5191 251 42 461 828 7151 909 2852 816 391 139 282 152 7145 16 2717 327 7149
462 238 857 183 274 3402 4453 1951 245 640 478 630 282 3108 486 3229 4450 1551 242 247 4451 7152 265 498 4 415 7153 854 935 267 636 4497 2372 411 448 5484 1645 7154 631 2473 6281
463 207 237 267 274 241 1002 4139 232 6338 106 651 733 269 289 2012 6394 7157 238 244 851 214 2028 298 4247 249 293 7156 248 4773 234 7158 206 3113 3242 282 243 6399 494 240 739
464 816 1262 1034 909 3121 2873 5178 1010 4105 1067 5960 7164 1060 465 1083 7163 103 7159 823 137 472 4757 115 4606 7165 7161 865 7160 139 870 1254 1041 1020 122 5 1257 108 1259 7162 1452
465 630 255 851 476 995 259 654 982 247 251 596 414 249 241 749 263 416 737 275 46 16 4 238 1411 492 274 1866 301 984 425 2031 1351 1952 482 237 478 20 7166 2015 206
466 241 418 255 200 206 211 434 38 2159 266 2157 651 278 259 228 280 249 237 129 3565 243 190 328 251 234 26 1002 435 861 281 279 133 260 188 16 238 475 106 250 4
467 1855 886 475 1780 1676 811 1065 656 682 984 472 804 798 4794 16 5391 994 1317 1766 182 386 121 868 1488 106 1372 802 816 3047 1049 7169 468 790 5235 21 951 1677 1666 147 676
468 704 7202 7192 7174 7178 5611 7182 7074 696 2083 553 691 7187 2879 7200 7196 7190 695 7172 7183 7195 7181 7184 7189 7179 7199 2617 7191 7197 7173 7175 7176 1175 7171 7198 7186 5915 7193 1764 7201
469 250 38 7205 411 596 4 241 243 248 3234 240 7206 651 997 328 282 274 631 239 5462 251 270 238 16 995 475 244 922 1002 325 206 237 2014 254 133 267 1517 4139 3108 2039
470 301 6215 745 982 416 140 249 2872 863 255 4 214 1868 987 851 206 5244 46 251 272 200 38 629 241 3009 247 1866 110 854 240 7207 494 298 244 248 243 1953 328 245 237
471 2912 206 641 1541 4 238 248 273 1368 243 298 249 2534 237 596 7208 7209 1199 38 639 1668 255 629 2067 267 368 922 475 2113 14 749 426 1196 178 1415 241 131 110 244 301
472 1641 416 643 4781 448 988 1192 1766 1645 798 183 38 7210 2992 2469 420 454 293 282 1639 3902 2283 1131 437 637 141 5271 629 425 362 494 1199 255 740 1415 636 1147 631 249 5669
473 400 496 1249 7222 1359 7212 121 178 156 139 122 7220 7218 1250 5729 5776 2103 4604 1050 1253 7214 1694 7223 182 1291 7221 1026 7213 3121 1458 436 828 373 1017 3046 1335 6533 7215 3323 7216
474 156 3722 7240 7228 7239 7232 7245 805 4938 4939 483 7242 7235 7248 176 7252 7254 7230 3709 7231 7226 1908 7247 7238 7255 3292 7244 7250 7243 4940 7234 379 5363 7233 7224 7227 7246 7236 7241 7253
475 7296 7284 7291 7297 7302 7287 7278 7293 7263 7275 7271 7295 7304 7283 7265 7262 7269 7285 1087 7259 7270 7272 7257 3879 7279 7276 7301 7300 7290 7303 7298 7277 7266 7286 7289 7258 7260 7288 7261 7273
476 936 447 448 1633 1817 2590 495 7308 880 2593 7311 3676 453 755 916 626 425 436 7305 777 328 7306 668 169 327 139 454 7312 2289 7310 7307 490 7313 512 5234 438 457 1133 443 486
477 7331 7315 7314 6864 3375 870 7332 7324 7327 234 7333 1119 327 7316 244 7325 4 7323 7328 7335 7321 436 7330 7319 5277 851 7322 7329 630 263 7318 4939 7320 424
478 391 14 6227 390 1359 829 3528 2205 564 932 386 1372 659 175 1908 816 805 1465 461 755 4276 177 812 804 1082 178 1057 1594 112 148 186 183 2501 562 483 1836 914 2468 103 1668
479 316 440 2888 466 916 2896 2303 7341 759 4562 657 1633 5014 469 1836 784 422 7340 7339 453 701 3135 757 357 3955 37 928 7337 7343 7342 467 1369 2879 454 321 732 3021 138 1817 7338
480 7350 2992 7347 177 7357 7353 1044 7355 7356 7345 1473 2637 568 2756 7352 2535 564 156 7349 1570 178 436 7344 380 13 1920 1359 175 14 7348 7351 1070 554 7346 171 174 172 998 1594 3163
481 654 274 267 270 240 249 416 237 636 420 7358 411 251 851 7361 7094 436 922 1517 3176 3445 1745 7359 473 651 2469 248 1557 7360 631 1423 38 158 421 624 7362 1551 293 3135 289
482 7371 7375 2567 4379 7373 5132 11 7372 7376 390 7365 156 1057 4276 1882 1684 7367 0 1844 6470 1588 280 7368 2458 152 374 7366 7377 3168 7370 7369 7364 1195 37 7379 1192 7374 3519 7378 1875
483 176 7382 880 447 867 328 7383 668 472 674 984 798 3238 474 121 431 3154 851 5960 362 7384 2121 763 936 437 1042 468 122 38 1634 21 4794 249 7169 1147 3277 1671 1197 1633 7385
484 384 579 653 7398 7387 7392 2461 1119 3849 145 180 2345 554 2961 1680 3095 7404 3521 2214 931 1057 7396 7394 7388 7400 7403 1107 7397 1875 103 7405 7393 7401 1384 6604 2532 7391 7399 5725 2229
485 255 744 2012 425 473 851 993 411 238 214 7410 749 1004 481 7409 7407 861 270 737 1407 448 7408 6337 636 4139 282 241 740 7411 298 328 416 5466 1620 244 16 206 629 856 247
486 872 1936 5166 1751 4621 2279 1365 327 1317 440 1064 1766 132 21 3338 7414 147 3555 3763 870 7416 1303 1203 886 890 904 7415 878 1946 1298 754 437 7417 656 183 2907 894 2728 5236 4130
487 4621 5985 13 7422 1365 3277 3432 1012 139 1849 1780 4923 657 440 7215 187 7419 38 2791 4083 7424 5987 1676 2768 3762 7425 108 7217 7420 828 1023 138 21 2980 7133 2873 1010 4096 170 130
488 353 1502 436 932 5922 487 38 1199 787 7429 1056 2773 637 2547 156 175 449 7036 3283 3034 153 486 380 2281 2783 442 282 7428 327 448 4550 4164 1153 158 374 4563 5849 249 3763 7430
489 159 4251 174 2832 7435 2748 816 7449 7447 7445 1335 7444 2528 7448 7436 375 176 7433 7434 2965 685 7441 7440 846 1477 504 2527 112 1846 7437 2788 7442 398 2464 1886 3548 7431 7438 2202 7446
490 7452 2546 486 2547 3902 447 2776 1135 7451 988 867 2725 2894 450 1132 1831 448 1143 1138 637 353 1816 438 1137 431 490 158 1148 928 1133 932 1817 443 1202 715 2780 1199 1339 1141 3021
491 477 414 2163 1202 2289 169 790 362 2720 1328 870 1372 315 993 932 1633 7453 1642 2722 374 3226 1149 3504 763 486 438 4579 657 1600 7454 991 2522 656 798 996 1139 994 929 467
492 478 630 654 1412 416 7056 238 251 5165 7457 640 237 647 4 984 3314 350 2035 241 844 493 639 38 851 4541 2039 244 494 2031 1866 987 435 480 4857 249 280 1957 4450 3415 248
493 5623 7465 7463 1328 5622 7462 7475 1371 6738 1317 7461 4510 5001 7464 6648 5898 3907 112 7469 7459 3394 7468 4516 7467 909 3590 7472 4435 7471 7460 7466 5986 1061 1373 2496 867 7476 7458 7470 557
494 3809 639 7477 177 476 3301 7484 7481 2543 7031 2460 7496 5116 7482 672 498 7480 383 3101 7495 7492 1726 131 7485 1739 1753 653 7493 7490 366 1057 7478 7491 7488 4891 7486 7483 21 7479 8
495 493 654 856 1418 4 269 16 1640 238 475 256 631 244 4856 636 241 1199 7498 629 38 251 247 240 448 282 408 744 273 2470 237 997 992 474 416 293 1952 411 328 291 274
496 7502 420 1633 2545 448 169 986 3951 990 991 6304 1816 3308 1138 988 1133 2535 5671 7499 5679 2547 1151 7501 4557 1620 2582 998 490 7503 414 2363 176 763 421 156 2546 362 1141 1145 643
497 7516 7522 5505 3217 2332 7515 214 7514 2333 110 7520 6208 129 7510 1991 7524 1424 16 7519 7505 141 1455 4041 6546 1983 2998 7521 7511 1955 7507 7518 7504 207 7517 7512 7506 7513 289 591 2331
498 1676 1050 241 1012 1409 2437 269 277 651 140 12 2522 425 249 237 629 298 21 493 16 1023 1411 110 244 38 1338 103 798 1758 245 416 2562 418 247 485 279 280 265 855 243
499 438 3673 238 1999 1194 4 901 916 328 1659 2912 1202 291 7527 494 4454 206 633 38 1430 129 3010 1200 7529 468 3017 4579 1419 202 7528 651 259 304 277 3286 3034 2283 405 461 2921
500 3006 461 112 141 405 4952 237 1407 38 418 749 909 3108 739 683 249 133 483 541 992 1979 2377 248 250 2113 2469 16 629 176 110 7530 1374 1718 241 106 564 2998 7531 651 1866
501 1836 808 238 7535 629 237 651 749 1388 987 7533 2470 564 255 272 448 206 7536 293 169 2029 2035 7534 414 183 411 737 1407 3061 2732 274 250 37 489 1634 2028 905 2031 7532 1418
502 640 7537 282 250 241 5245 295 240 4325 248 416 495 411 259 249 636 1419 629 244 1412 237 38 243 242 855 651 4970 992 272 1866 251 425 481 7538 4 1416 418 293 1952 987
503 549 1050 1750 7539 386 108 131 7542 182 1030 244 38 5243 7541 214 1676 48 0 115 7540 24 3737 436 132 951 1338 158 461 139 339 405 21 102 16 1012 4737 237 911 19 14
504 174 3842 951 3196 7 3189 1026 3321 6570 108 373 7545 379 964 5634 4173 21 3190 949 7548 3205 31 7546 7547 1807 33 122 3169 1034 948 0 1166 2 16 47 3713 8 963 1858 549
505 557 101 816 4882 5145 161 656 1741 1375 580 1769 151 662 5120 932 811 3495 7550 2831 1836 2775 4138 1600 1776 4435 1070 135 1328 2767 665 512 657 1 4879 1372 1385 802 1202 685 7551
506 2121 238 494 7533 106
507 111 13 870 156 122 339 7554 1338 461 14 7552 403 252 1069 6891 1199 164 368 148 178 7553 3321 4362 633 1013 886 1055 131 103 375 1340 1335 182 1041 139 132 174 123 7 487
508 3634 3324 353 7557 5258 2362 368 7565 159 6898 5648 7563 14 3591 7556 7085 3321 1465 1359 996 641 7564 7560 1357 6752 773 7558 3998 3569 1026 7559 823 394 3959 3839 5671 7562 1344 448 3585
509 327 1199 122 1430 280 237 3283 488 2876 353 158 798 630 240 431 139 238 1826 6386 153 916 1139 282 1132 321 422 2891 436 447 38 358 5727 355 1337 1042 448 487 468 438 138
510 7570 176 2583 483 3190 1675 2703 7573 7572 873 1074 101 7575 7571 4708 7568 3938 759 1604 112 125 3605 1328 2503 137 788 4864 7574 7569 899 2678 2675 2513 2088 903 1055 2406 6482 7418 2898
511 804 569 868 1155 374 7579 1376 182 7110 1070 914 3906 1372 564 1385 2208 176 4344 567 175 806 1328 7582 7583 909 512 565 1061 112 867 7580 3353 1908 1672 1471 829 802 3274 386 659
512 7599 1205 4054 7588 7600 7591 3615 897 7595 3938 4053 7587 899 7598 2679 7585 7590 4061 7589 7596 2312 6482 657 1215 868 1082 7597 3596 1232 788 333 2692 1214 7593 3623 137 2905 4078 4068 7586
513 7604 7130 7608 1429 2073 867 5891 2202 7612 152 125 657 1375 3908 37 7613 2832 1945 5872 106 7614 3906 6735 2835 7609 1042 7603 1202 176 3909 3384 112 535 909 4367 339 7606 7611 2794 486
514 2771 1319 994 873 1055 175 1317 147 660 137 1169 902 793 1488 767 656 1489 2316 7616 867 2834 657 1323 2080 1328 3534 781 7127 4686 7599 2769 1372 149 897 756 7615 6173 1230 1217 4063
515 1633 448 6881 3555 1574 1142 305 7619 7617 1817 7620 3964 244 38 255 1134 451 7621 14 552 249 2565 436 7622 178 1153 916 1081 7623 4050 158 177 939 4143 139 1135 462 7618 755 2143
516 5720 7665 7626 7627 7651 7631 7639 7634 7638 7659 7646 7637 7652 7658 7664 7653 7641 7647 7635 7657 2090 7630 7629 7645 7633 7663 7656 4777 7660 4774 7644 7668 7624 7628 7643 7636 7661 7655 7632 7654
517 7685 7681 594 7677 5972 485 7675 241 856 4086 295 238 214 16 1534 244 255 7676 7671 7673 428 7678 7674 7682 1537 237 3416 110 7672 249 5927 1562 4433 7680 5448 7670
518 7686 7690 5958 7692 336 247 7047 282 3432 1354 110 7688 626 1950 272 244 861 2392 6383 854 7098 38 299 239 241 4451 629 7687 238 1557 237 200 3765 7693 3404 863 6111 414 263 4493
519 3321 641 5955 5524 163 7709 7706 1334 3323 339 148 7703 7701 7698 7697 4814 7705 7710 3340 7711 133 461 5 2509 7700 140 7696 582 1196 7699 1668 1694 7704 404 1663 394 7708 366 14 1360
520 4815 7720 7718 7719 7715 7716 1262 3134 468 1946 5062 7713 7714 7712 437 7717 400 3433 3876 105 108 1254 4608 4787 3431 122 564 1257 1945 6235 3335 1260 1248 1669 7721 1259 456 819 130 1495
521 837 651 289 3214 798 106 16 2720 200
522 7735 169 7729 37 2946 909 378 2671 19 7730 1774 461 1331 112 4300 7732 7727 1852 549 115 1703 139 1054 7076 656 935 7733 7731 7724 1374 176 811 4522 7726 5563 3281 919 683 7725 1073
523 382 3583 4176 1353 1012 4731 7342 947 136 483 668 176 948 806 659 1034 7736 1777 130 320 1670 7739 7740 2637 1049 8 7741 1055 3121 108 153 7737 666 3120 379 7738 555 152 1107 3190
524 7762 4717 7766 258 211 7769 7760 7746 6249 6254 7744 7745 7750 7749 7759 672 271 263 6089 266 7753 7765 7754 7755 7763 1417 7752 7743 7748 2157 4341 7761 7768 7757 7742 1583 4442 216 7756 228
525 1866 237 2392 7775 5484 4857 4970 3459 662 2382 2373 313 668 2390 206 7772 3478 148 840 2393 7774 241 2386 251 7771 3581 2380 7770 2379 3464 7779 2329 309 7778 3460 1983 684 7777 461 3463
526 2827 7789 7796 7790 7794 531 2826 522 7792 4283 2565 2959 515 7788 155 6603 7802 530 7791 1908 5378 7800 532 7795 678 7782 7797 7799 7785 315 4302 7798 2558 7783 103 176 7780 7787 533 7801
527 34 7808 1103 3584 131 1676 7811 1473 4171 139 30 1050 4096 25 136 947 3125 5948 122 1024 108 7806 7 7804 7803 577 2543 948 496 665 8 7805 187 7810 6604 21 16 969 1040 963
528 657 2767 7813 3354 130 1295 24 8 366 108 115 802 768 4610 816 2714 465 152 48 7107 1248 853 103 4158 155 932 549 5634 4605 3373 1343 1262 2284 1067 3335 3805 7812 1261 790 1070
529 183 379 1056 6370 378 1465 3969 139 376 3169 2335 3519 3968 572 103 565 1334 148 1337 3491 368 145 176 171 1348 14 390 1879 807 159 174 383 2344 160 122 4050 1593 5498 2339 166
530 0 315 1197 7815 799 156 577 1335 5505 177 38 25 6609 30 6602 250 259 1349 483 549 391 951 662 136 21 685 1594 237 943 1342 169 3401 148 6071 936 238 206 16 684 7817
531 232 416 263 7205 304 253 629 651 250 4455 16 249 106 851 328 255 14 38 251 3110 247 418 278 246 4 3010 241 7818 4543 206 4546 7819 1726 244 3108 1724 238 591 277 214
532 7828 216 425 855 244 280 106 7821 7605 901 7832 7835 7831 7829 7823 227 6320 1574 2283 6308 1073 1197 2163 277 2839 495 2173 237 7830 7824 7827 477 1602 7825 7826 6317 7833 2159 4322 129
533 38 237 249 3137 488 298 651 178 244 238 3132 3508 4847 734 2015 5 16 1957 417 2912 920 1196 739 416 737 742 259 248 247 834 282 116 4737 278 435 241 629 3138 269 1541
534 4320 6110 411 1866 238 1783 178 241 7031 5841 4 629 3432 206 1413 38 16 131 7837 116 596 110 498 244 838 485 259 951 7836 255 854 248 1368 749 3307 301 651 416 106 274
535 4344 3655 190 7850 241 2116 7845 328 4348 2839 2190 2842 6582 425 250 7844 279 7852 1574 255 1572 2982 7838 2857 6319 7840 1868 7843 851 7848 18 3267 2849 6316 7839 7854 6311 1602 2163 7849
536 5854 179 995 169 315 451 7860 1202 439 7861 664 282 896 991 486 431 5842 7862 1837 5843 2922 2590 7856 436 2012 346 7858 448 6223 490 5348 176 183 2918 4557 932 657 7857 1336 4563
537 277 139 265 26 12 103 909 280 141 7863 425 19 110 1060 156 1338 106 1196 901 255 651 1360 1359 140 488 1369 798 243 1676 21 1012 241 238 38 37 247 1758 461 237 1668
538 7870 7879 4907 2597 7883 7866 7880 523 7877 7876 7871 7872 6600 7888 7873 7869 31 7864 157 7887 7875 5648 3694 7892 851 7885 7874 0 7868 1812 7886 829 4647 7891 7889 5052 7882 7884 7867 7878
539 7904 102 828 139 30 7895 152 170 7898 7905 7901 7899 7894 7896 1023 103 7902 0 1026 7893 483 1024 1754 1334 7906 187 6711 183 1676 8 21 177 4104 1048 2267 136 1013 112 1706 1750
540 158 270 7907 411 408 635 7909 740 1866 438 7908 638 986 2992 636 1146 5727 416 414 239 7910 1415 985 3719 2917 2545 763 637 1136 249 6285 1826 2547 420 1418 643 631 274 1829 486
541 7616 3637 7926 4063 4132 904 6502 788 7919 903 7920 7922 3963 767 2673 3537 7911 4936 7924 453 7918 768 3532 793 7921 2696 1230 7925 4053 7913 2583 657 3150 1370 790 1237 7914 6011 7923 3745
542 137 7930 5323 752 153 7943 7940 7938 6101 7932 1169 14 1365 2539 3120 755 7929 6292 7944 7942 7928 5148 7937 462 7936 7927 4009 7934 7931 7941 5349 1430 717 4947 672 1073 3504 7945 4555 7935
543 214 7949 867 7948 7951 38 200 837 7956 6937 1081 110 206 3909 904 2116 4 911 259 169 1911 7946 7954 7952 243 241 237 106 3413 7950 3414 7947 1365 244 6946 587 3757 282 238 4344
544 762 1516 793 994 2147 4842 5735 7963 2501 2906 7964 2513 7962 1512 763 2080 7958 3814 3820 752 770 2503 4256 7961 779 760 1510 3423 778 7959 1527 7967 1508 1149 789 792 7965 786 5682 7960
545 448 7971 111 487 6135 2988 179 5647 4684 457 178 1816 1502 763 1150 183 1096 4135 442 443 440 436 282 4626 4016 139 715 7970 1133 1663 2546 994 1134 755 1148 7942 5917 726 2676 4309
546 2835 7975 4 7981 685 248 301 3581 313 5079 240 5086 3473 7979 3478 1197 7977 2386 3458 309 249 416 935 7982 2717 6944 520 2373 7978 684 247 7980 305 7974 5484 293 651 2387 1419 4970
547 133 4329 1473 7990 2541 4330 14 425 1907 7989 139 998 199 3148 7984 7986 2000 250 382 7987 3147 328 2714 471 2452 122 4327 5196 1476 177 1912 35 7985 1003 7988 380 5566 639 5193 156
548 2905 7999 8002 656 2768 873 8007 662 2703 8001 1232 8011 2678 1210 8003 7994 8012 3681 7995 8014 6723 7996 8018 8005 2696 4057 7992 2679 8013 8008 7998 4059 7993 8016 1217 8019 8015 8006 7997 8009
549 425 8028 3574 147 1385 790 137 732 752 327 166 2776 3964 3424 1817 7342 112 8025 7919 8020 460 14 453 8021 139 2986 762 466 8022 758 660 770 2590 8027 674 8024 3150 753 101 932
550 651 744 411 1390 238 276 2116 293 7534 1389 494 408 405 4952 5463 749 110 992 2012 232 406 2399 8029 737 5303 249 239 1388 448 5709 274 2995 244 241 636 473 425 38 1738 1407
551 408 4814 291 304 249 251 629 436 411 253 4079 1418 238 237 282 298 276 8038 106 2475 1430 8037 2518 8036 414 1642 855 3294 744 8035 495 8032 3108 8034 8031 8033 416 425 635 206
552 1633 5423 16 1055 2954 139 905 2982 1050 994 1049 1758 1452 183 798 241 21 1751 277 4260 8043 8039 0 8042 4104 851 1370 854 915 1202 5984 8040 2597 38 179 400 674 609 104 588
553 8047 2332 249 408 635 3008 1151 1398 434 8048 651 740 3311 1396 631 418 8049 8052 2377 1659 4952 8044 8054 106 8051 179 8050 244 8045 8053 448 856 636 237 253 255 282 4048 641 4082
554 2767 169 8055 112 183 1826 139 2141 1082 132 2783 1328 8058 763 8059 1083 1067 868 1372 1633 1600 125 327 8056 777 994 3283 425 438 657 1202 147 461 1096 487 1133 1365 1138 8057 715
555 1230 1314 657 1323 872 907 8061 887 1333 674 867 1372 904 790 873 1308 1303 906 1298 870 5615 874 3338 1302 687 1317 8060 1924 866 903 788 768 884 1296 902 1328 897 892 1488 1213
556 1054 379 3191 2565 943 136 2871 549 6415 108 964 1849 665 8063 4961 2457 1495 31 4963 3758 2479 1034 5503 1777 969 8 5124 811 816 1254 391 1024 1010 3344 21 2407 152 0 1474 1774
557 3008 273 8067 38 448 3714 4 496 115 851 855 629 272 7557 1430 636 8066 238 8072 1950 1744 265 249 241 1570 4048 237 1334 8068 298 654 416 8065 250 257 4659 5524 594 8064 8071
558 2249 8092 8091 3694 2244 8098 1060 8082 30 8101 1706 4154 8095 14 8103 145 1668 8099 8074 334 8097 8085 8105 8073 8100 8078 6650 8096 8090 673 8081 8094 8077 8075 8086 8093 4788 8076 187 8088
559 8107 2976 386 4145 8123 225 717 8108 8112 8120 2133 8110 362 5127 8122 2975 8125 111 3245 1892 1073 8111 450 8121 2507 903 1181 101 8117 8109 2318 1041 8106 8116 1114 3898 8113 3513 8118 2780
560 370 7369 4624 4861 1593 38 169 147 1471 994 666 8137 8142 8140 1096 4031 2754 657 368 8129 8143 909 3374 2058 8136 1663 1359 510 8132 179 3169 8139 8128 810 1920 8138 8133 139 8141 8134
561 255 475 214 104 8145 238 8146 242 241 484 3009 4617 339 4 244 16 651 8147 249 5484 5485 328 265 298 542 260 248 909 240 250 839 2157 672 861 1692 282 6851 880 206 20
562 8151 659 1040 936 159 176 484 8153 103 549 152 112 5 378 362 483 1465 8154 157 164 156 657 8148 8156 169 932 4173 391 8149 3163 178 1480 6606 6076 108 194 8157 8155 1341 2298
563 1331 793 101 386 8162 2 8163 139 1938 30 21 1 914 182 1082 2521 760 8158 4940 1924 8160 2503 1049 103 4073 175 1744 187 14 564 152 2583 8159 762 1787 137 320 3926 903 3
564 8188 8174 8182 2684 7995 8170 4078 8173 8189 788 8191 1220 8185 6676 2757 8186 8164 8184 2680 8167 4060 8165 2678 8168 8009 8179 8177 8183 8002 4059 8176 8190 8171 8178 7996 8181 8187 8175 8005 8001
565 8222 8210 8196 1197 2767 7979 8203 8219 8193 8211 8212 7612 8208 8200 8199 5137 667 2727 3395 8195 8223 8197 3371 1765 8215 8207 8198 8194 8201 5140 8202 8221 8216 8224 8213 8206 8209 8192 8218 8225
566 639 2459 416 1886 183 1570 476 250 282 406 1334 2074 1196 238 108 3521 16 267 178 1349 8227 3506 1359 177 244 237 2541 103 375 987 145 4738 38 382 3281 247 4 473 998 1103
567 947 5751 951 8229 3855 8233 1701 5258 4096 837 8228 489 393 1593 2514 2529 8232 653 382 2461 6078 1248 33 4033 2637 5199 1103 1368 139 1355 1570 3198 1013 6075 1107 21 2469 1335 8234 4225
568 2074 1866 854 14 2058 301 4 1368 3415 237 396 156 476 1049 8239 1057 496 1359 178 139 177 374 5187 3003 8238 639 482 3198 1349 8236 2067 651 1342 1570 249 2076 629 411 238 8237
569 3494 4297 580 2717 1334 383 315 1838 8243 153 1480 5150 552 7978 8246 816 1375 8242 6850 177 8245 1681 8241 556 668 1386 685
570 1096 762 3341 442 1836 353 3901 469 3569 5976 1837 1430 7342 1334 777 447 457 2783 1817 3156 438 760 156 182 1633 147 333 131 2316 450 486 8247 490 487 422 444 3964 443 122 552
571 8248
572 2675 1486 2317 3148 1310 1488 8251 1230 2725 1303 868 422 904 1082 660 1833 768 1316 1315 897 8252 870 676 867 1483 781 1633 8250 453 3534 657 2316 2673 1323 5193 784 790 7605 1319 2522
573 3046 704 8257 1557 4 1574 266 206 215 4326 212 7749 3224 8253 298 261 267 241 237 861 271 1867 250 281 16 188 121 434 8255 851 8254 3227 6249 38 2157 493 7746 209 8256 244
574 8289 5657 8274 710 8280 8292 8282 8286 709 8272 4359 8269 8273 8268 8281 368 909 8275 8287 8288 8284 4628 5433 8283 5954 8277 8258 8278 8264 8262 8261 333 8279 8291 8266 8260 8271 410 8285 8267
575 579 1920 377 1334 7434 398 380 378 375 176 8294 379 639 374 391 4495 3513 549 2748 1481 103 2527 247 1473 177 37 1349 178 1060 1465 139 156 2015 1903 3614 1478 3520 5133 2070 1041
576 629 494 46 8296 240 1946 330 5164 436 651 238 639 2031 851 2560 241 237 905 1199 3920 255 664 1065 247 837 328 907 158 251 880 3918 468 2992 293 2415 8298 8300 411 249 911
577 240 298 4658 38 4245 5164 5463 8305 4 4659 228 630 436 244 251 238 243 448 327 343 468 1645 1668 319 8303 2029 8301 4656 4654 241 854 272 1967 629 293 8302 8304 328 140 139
578 159 665 805 8307 386 8310 112 914 1049 448 3182 182 807 549 802 161 176 152 179 425 101 8308 798 184 155 2430 1192 1821 2428 108 1844 553 148 2552 384 6782 572 461 146 390
579 1371 105 1331 5872 462 164 1082 176 4516 1169 103 8313 183 565 8312 8311 3182 3757 1465 1373 1069 403 925 5001 807 816 802 101 456 2552 175 122 7604 139 3394 112 152 4155 30 914
580 112 301 3703 8318 5498 932 1495 629 8317 668 2541 8316 8320 148 8322 1202 662 45 866 327 103 153 1254 147 328 8321 7030 179 1337 4923 8315 21 8323 8324 8314 178 141 909 4788 1663
581 1349 5936 2468 4173 8333 3528 1192 1116 3321 152 695 8335 38 8332 366 103 390 8326 8329 6755 3204 1353 1879 2464 8327 8325 8331 846 1886 178 2353 14 174 1115 5943 1013 2509 1896 2461 368
582 1302 6800 1779 8346 906 8337 18 894 4513 899 1301 909 8343 8342 4104 8347 8341 6263 8338 870 8339 6208 874 339 907 8336 887 112 3605 12 4939 867 1987 1703 7112 115 8345 1220 1308 880
583 554 174 131 1057 103 386 178 374 368 13 1012 33 8349 391 8 1920 108 133 8353 483 1896 394 159 382 400 5943 8354 37 1060 8352 21 397 139 2537 8350 1192 8351 14 156 2532
584 1372 8358 8359 1041 1195 30 14 5120 1734 2301 115 882 5869 156 7114 655 811 1197 372 386 1376 8360 389 1727 171 175 161 112 374 8362 2214 932 816 3301 176 656 549 8361 4520 174
585 998 1941 374 932 2283 177 872 176 1297 156 659 183 868 1375 1334 1041 166 178 133 14 1473 8358 666 1317 1049 2281 389 676 131 147 564 103 657 1836 139 658 174 179 867 461
586 251 930 293 249 16 3139 245 486 411 4 1645 237 243 247 416 861 244 234 267 1411 631 238 1950 275 475 259 2469 5655 448 922 630 851 651 301 206 282 488 2992 38 2015
587 3286 760 2522 4826 2283 765 8371 8369 8373 8370 448 5159 169 7617 1688 14 932 8364 8368 1633 3293 460 3962 486 655 8367 327 8363 757 131 1623 8366 3292 1642 8374 374 770 8365 5348 8372
588 8383 293 641 133 1650 4970 408 684 8381 8375 662 3212 136 1419 1407 176 1866 3463 260 909 486 1199 2376 8385 353 249 106 1073 2917 8378 14 1424 8376 1450 282 8386 206 1422 8384 639
589 8394 811 2076 368 8396 1043 152 568 8395 3212 8391 2775 8388 8392 657 1373 1517 4304 379 683 5913 395 2 2788 8387 108 186 156 4882 1385 8389 461 4944 1987 1386 8390 2785 139 8393 387
590 8404 1008 309 206 238 8400 8405 200 110 106 245 259 1423 4328 244 651 8399 129 243 1435 214 8407 16 241 139 857 411 415 3413 4325 4333 8403 8402 248 8398 4492 4 250 38 8408
591 8414 802 1908 2284 1202 6919 3383 2786 5647 108 665 909 2716 805 8411 1386 8410 6228 8409 660 177 932 1776 8412 1777 1319 6932 2283 8416 1331 1474 564 461 804 685 674 2718 8413 1604 806
592 494 234 353 4247 274 1633 298 1196 493 278 206 405 267 247 1562 1541 856 411 282 38 416 4 629 241 251 20 651 243 244 273 415 238 2734 4325 293 16 263 473 488 237
593 8426 8417 3799 8419 1342 3853 277 8418 979 971 2435 8431 918 8423 339 3685 4777 672 1369 368 4786 8429 8428 704 479 123 3507 1357 13 959 8424 8433 8425 1360 8422 8427 8421 2532 56 8239
594 675 2717 1720 1767 169 2718 2834 3391 564 5378 106 1766 816 1375 8436 2279 2786 504 3383 682 4908 870 2788 1197 179 512 549 161 176 6737 868 8435 656 678 4879 1372 1371 1979 112 655
595 178 994 993 139 6135 3736 246 8441 5446 238 2087 179 405 1139 631 2295 1866 270 1334 494 1339 8439 119 1336 8440 431 860 158 486 1199 5463 4484 282 4378 177 8438 273 3285 3283 6545
596 214 8464 8454 461 8459 514 7947 8445 531 8466 8453 8446 522 1429 1197 8463 8461 524 6737 8458 2954 8457 8460 2827 8451 3006 2775 8465 525 6648 8452 2717 8448 2829 8467 8450 8444 8462 8456 7795
597 8472 3189 8469 2064 1040 639 170 2467 5929 47 1349 565 3707 3140 148 106 629 386 8474 504 1195 379 1480 853 4385 122 1594 237 921 7984 8471 8251 1116 640 38 8470 45 0 8323 5552
598 1049 488 103 368 8481 8484 8478 1086 3714 404 1081 1069 4938 1060 7326 1730 4892 2992 380 8477 7894 582 4213 8479 8065 8475 8476 8483 112 568 391 139 8480 378 2060 131 14 1073 3722 914
599 12 3379 2011 677 243 8499 8489 214 5505 8504 525 8488 4379 1991 8485 909 8494 5462 8493 1978 46 8496 176 7816 4457 1763 8491 851 8502 8505 1999 8487 1796 8486 1979 1387 8492 1982 7329 8501
600 488 248 982 631 408 448 418 629 737 855 237 110 251 4322 1412 4538 744 244 8506 276 478 238 274 992 38 106 241 253 416 140 997 406 636 1418 411 2534 1415 249 282 642
601 187 2 111 2620 1465 5943 3190 368 1694 568 1378 2226 582 1013 152 7 8327 5118 3321 8513 8509 1708 166 8515 7547 3875 912 1049 3701 8514 2468 30 8510 103 8508 571 379 386 391 394
602 755 2673 8516 440 907 1317 932 1159 790 169 762 450 139 3963 2109 880 454 2316 453 868 8517 4370 147 1298 2901 1331 1309 2080 1941 753 5392 657 4708 867 2725 327 564 903 3676 759
603 177 471 108 490 139 639 436 1006 8518 38 238 477 450 1137 5190 1335 278 1133 8519 353 1050 1337 1136 481 8521 5198 355 919 1676 237 159 21 178 327 1041 8522 1668 1049 8523 448
604 13 8526 736 3508 8532 4 16 259 8537 8235 922 206 3860 930 3415 8539 106 1703 3909 38 8527 3414 651 7150 2469 238 475 8538 8528 8533 8534 851 3009 1049 1874 837 8535 8525 339 8531
605 2088 462 1131 8553 8557 1082 1069 8551 1664 1067 103 182 1833 1633 152 467 3148 6098 8543 8554 453 8540 8556 8548 6782 8544 1055 147 2430 187 37 2421 7342 2317 994 8542 6047 1070 798 8020
606 858 919 928 994 8559 8568 3315 1371 8569 14 1060 461 8564 8561 8563 1744 676 542 8560 456 6860 1668 139 8496 8566 909 1663 665 3021 657 8565 1069 1081 137 320 8570 4858 8567 130 468
607 8586 237 8576 8591 244 8572 240 179 8578 685 8574 488 259 8587 8589 4326 8592 855 263 8571 276 3372 916 1797 8577 8580 8581 8585 1430 932 8590 178 280 175 3015 8579 837 6080 8583 475
608 6461 106 3738 8596 2485 549 207 8599 1015 8600 8593 1809 1376 3673 1030 2715 2481 837 8603 3508 902 2483 3965 3414 948 3913 176 49 1852 682 965 8597 8594 937 2489 2293 26 8598 8602 3140
609 922 701 2676 8608 7963 3650 3969 8605 338 462 436 2091 998 1839 349 2981 8606 2018 382 706 182 8610 705 7340 176 2753 798 4225 8607 1828 156 8431 1749 2739 1752 1663 5979 375 8609 327
610 4033 8612 1023 2461 176 4861 3839 485 2071 1107 13 1368 21 8614 8615 0 8620 103 157 1600 8616 2073 3845 683 8619 5777 136 8613 1701 8617 963 3844 2751 7 3584 8611 131 1338 7804 5
611 473 1920 234 206 265 5286 854 4 241 103 5484 436 339 248 737 242 260 309 1419 271 325 406 303 16 3009 415 298 839 2031 3445 596 1541 240 238 2544 3234 324 2730 2039 8621
612 8627 8639 8643 8631 8635 1424 3447 4325 8405 6839 1007 8645 8622 3413 8642 136 8634 8647 2452 8637 8638 5723 4097 8630 8649 8625 4328 8465 4614 8629 8636 619 825 8648 8633 6390 8650 8626 3445 8624
613 8076 8660 8672 8099 8664 8671 8658 8088 8681 8662 8673 8085 2251 6906 8679 8657 8688 4435 8654 145 8668 2253 8651 8666 8686 8655 8674 8680 8682 8683 8669 8687 8656 8676 8659 8667 8103 8677 8685 8670
614 3676 3572 3340 6298 291 8689 8692 8696 311 629 282 654 7939 3962 1430 916 451 293 4246 249 1829 4010 8693 3379 4478 2773 1337 3565 353 1815 8694 14 483 1336 240 159 8690 639 7567 120
615 8699 324 346 468 8716 8702 905 8709 8700 8704 2435 8703 8722 4802 2449 8723 8717 8713 880 329 1109 8712 8726 8705 8714 325 8721 1946 5039 8708 8710 1932 8725 1820 8720 8719 8715 4808 8701 2048
616 8309 8735 145 394 4505 8742 8733 8728 390 225 8739 8738 2370 375 704 8736 3516 103 8729 2206 1051 572 383 3513 8337 3875 368 4344 8731 1695 3521 8730 5143 3719 6380 582 8732 5657 3602 8734
617 379 665 139 1676 19 5 461 8747 4940 657 8745 131 564 3709 483 2086 152 1024 108 178 1023 964 1202 1356 48 386 21 2457 374 3323 805 8746 103 14 122 1343 1328 1340 1357 8
618 8761 8758 3351 3367 3710 8762 5376 8755 8764 391 559 8760 21 8759 8750 6271 8754 7721 3345 1074 5634 8763 1175 798 5640 3140 1055 823 8757 4794 182 8749 1372 8756 145 176 8753 10 1072 1049
619 251 255 651 279 5668 1416 282 16 244 1194 1574 106 7047 206 740 277 7537 496 237 475 1413 414 298 267 258 481 987 249 461 273 448 411 490 240 274 488 418 242 434 263
620 1506 4548 1202 483 1642 5466 5300 658 179 1055 362 2012 4520 169 867 6004 896 907 655 450 1194 125 1623 674 5842 1964 4579 6477 1309 1633 664 388 882 1328 656 5348 8765 1474 389 995
621 421 3126 293 3302 282 2014 8771 418 1957 8768 8769 8767 3307 1620 985 38 490 3010 237 8770 239 242 328 3314 995 267 269 1634 3016 411 492 408 425 2922 8766 238 2435 270 2372 8037
622 1873 666 3198 103 1057 1914 5132 247 1107 8775 1866 1886 496 3147 2069 1368 1041 259 3547 37 8773 5 2074 1447 8776 1335 919 485 8774 8772 4452 2509 178 1918 2469 3546 116 1005 2471 7150
623 8783 6149 282 3302 436 8790 5300 8782 8792 6742 408 8793 405 3451 8778 2376 3297 2435 1430 8785 2475 8781 419 248 343 629 8780 2012 8789 8784 8779 249 596 2912 267 8788 5303 5709 189 38
624 1133 486 490 1138 657 1829 4942 755 2778 6864 5682 4309 656 7907 2151 362 7241 1141 996 1199 1051 2762 3831 2780 6144 8797 1360 3951 701 5 1633 1067 176 8795 169 927 1139 2549 994 641
625 328 932 315 8807 8810 3565 8801 8802 8811 1517 564 676 4229 7617 438 677 658 14 2000 8799 8805 362 994 8803 656 8800 1430 8804 1642 8367 8452 916 1633 8798 8809 422 8808 8806 5348 3014
626 2013 982 251 1404 2054 338 8815 1412 740 8813 238 414 5248 2031 4321 639 411 474 1866 8812 255 8814 2469 2730 363 476 475 241 4 1411 494 922 4541 350 1952 336 301 5286 493 249
627 482 3403 834 375 373 498 243 324 244 272 1866 624 485 238 639 629 8817 325 116 4 255 237 7150 301 480 2031 8816 248 2470 38 736 16 2039 245 854 3404 239 653 416 647
628 386 1319 333 564 1159 682 4005 2905 8819 199 4148 1230 1155 868 1372 932 147 1070 3389 807 899 1317 685 580 8820 804 2280 5503 183 656 867 657 3940 512 4864 788 1494 453 674 2306
629 8840 8832 259 110 8831 8824 8822 8829 1482 1220 1494 8841 1085 8835 7592 1319 899 8834 3938 4065 8826 1230 1483 1492 4054 1217 8821 1895 38 8828 904 8837 3537 907 6723 8833 8838 1312 238 8839
630 564 658 106 5489 664 2289 901 2283 14 1392 1372 675 139 3557 1738 4677 4548 656 657 1200 1723 916 867 3676 200 1202 483 4578 655 932 909 461 422 8844 169 629 1194 8843 1334 1430
631 4493 588 4541 475 405 106 8845 624 38 416 485 259 16 2031 298 249 5674 267 244 2015 411 741 238 7686 3765 481 274 740 301 629 1466 1541 473 435 4 8623 1464 8846 424 336
632 240 274 4 277 267 238 744 8848 7093 473 971 242 415 1760 3579 411 121 2437 3941 4490 325 880 327 309 306 241 854 38 425 8847 486 3234 2039 901 7153 855 758 763 237 416
633 2783 8858 108 1148 1334 8855 1134 8470 8861 2367 437 1055 282 1760 5690 7314 8859 158 549 1133 127 1041 4804 715 436 8852 8863 3901 798 155 8854 122 2518 119 316 665 2748 8853 1132 4495
634 253 633 293 494 8864 263 448 291 436 1412 139 2912 3288 2923 255 7765 276 277 418 8865 641 406 1407 488 411 408 244 282 2472 416 1388 273 5466 5671 988 38 631 744 629 1151
635 108 1030 1855 0 8868 48 8867 3344 8870 10 2869 943 21 5795 822 2486 2870 8866 549 1849 6629 47 1762 1860 1841 948 3737 5787 945 977 17 3190 5638 5639 1845 935 7054 5552 8 34
636 922 8874 241 475 240 4541 274 244 239 651 258 251 237 206 636 3307 281 493 250 249 243 272 293 282 298 473 8872 418 276 245 277 654 494 16 267 110 987 416 238 982
637 2473 504 1217 657 155 293 1474 2458 227 249 158 788 169 148 176 467 1508 5386 656 805 8876 3149 462 416 867 804 1574 1372 175 564 1906 182 790 147 137 38 282 798 144 2284
638 1253 8878 102 1338 1049 8881 947 4604 969 0 1676 3140 40 948 120 964 122 176 182 400 3121 21 828 8877 951 1337 1248 1030 909 549 6615 8880 436 1103 108 3805 8879 1026 4100 3130
639 5636 2425 1102 1074 3348 963 1471 8884 2715 909 1495 8887 2794 815 8883 8888 3349 1034 8321 7956 7948 816 3344 1158 6860 1159 549 8891 1030 8890 1776 3345 8889 1317 5505 8886 1849 4300 1767 685
640 48 416 362 19 833 374 278 169 139 156 311 483 1041 133 448 478 237 4 327 44 461 158 629 241 328 131 998 639 405 298 1866 7557 14 178 4546 38 179 1202 265 1336
641 274 8896 241 110 1416 8897 16 2475 237 7533 3221 436 38 8899 1978 1758 2014 255 481 8898 282 8894 932 275 3557 492 260 249 293 493 4648 129 629 4 1412 8895 238 5709 277 3303
642 739 7 416 116 987 210 854 301 38 250 485 651 248 5244 863 411 493 8064 2015 282 2469 1049 238 837 237 243 289 259 244 178 234 494 749 16 734 636 240 4 339 737
643 3321 13 187 498 244 1026 651 1055 8349 237 375 8900 241 448 153 3936 238 2535 282 1338 456 293 672 639 2468 8901 247 249 449 206 46 7 654 1817 280 122 5453 275 416 250
644 8195 8919 1788 2835 8903 3009 8908 8905 6401 535 8916 49 8201 8914 8912 8918 176 8911 1376 8915 1425 6396 952 1647 1783 106 8194 2869 8904 1424 1374 3223 8454 8902 5798 1074 947 8913 8909 7610
645 166 8931 8935 8926 1442 4276 3891 5647 629 834 8923 8930 2460 7939 8936 8922 177 1593 8925 2201 1348 2352 476 171 8932 482 846 174 8920 565 379 8927 8929 3189 376 8933 144 5955 8934 4173
646 1018 8547 332 8946 1055 379 21 1847 2457 1010 8944 8941 8 8039 8937 951 8940 3805 1372 8948 3598 8938 48 807 8945 8949 0 3842 6075 3912 4957 2871 659 816 1841 8947 7032 3191 805 108
647 170 5915 1616 483 3032 8954 8952 1771 14 8958 8953 2284 103 557 8956 8955 6447 571 112 8951 6850 8957 4020 6271 8964 8959 1325 2499 1343 111 2606 582 1775 1378 6444 5885 2908 4867 695 3510
648 7774 2720 8970 8969 680 684 169 2787 667 8968 183 678 932 8967 685 2283 3593 2788 161 2714 5563 45 8966 8383 816 3705 1945 1375 6014 3950 1331 1202 6013 8375 656 901 916 176 125 909
649 1 8973 8977 1962 2640 1050 3809 2 3680 123 29 5521 124 2605 8975 2532 8979 6 5064 8980 8978 5 4594 8972 5062 3321 694 447 5417 8971 1179 695 729 8976 691 1581 2606 5033 5050 4786
650 8986 468 1979 238 30 327 244 214 5774 1706 243 339 1984 328 8988 4648 8984 237 7531 1977 8983 5977 8987 133 258 8989 1065 190 240 8985 241 1976 206 922 8982 12 8497 6961 677 19
651 1083 963 1310 2552 1945 2786 0 2834 1855 800 136 809 1841 1024 6646 943 1862 176 1317 656 3389 1844 21 48 867 807 2284 125 3593 142 948 657 1331 379 2279 2280 1328 947 958 47
652 244 239 416 1415 243 7047 177 408 110 477 279 855 298 280 641 411 1563 38 488 327 418 253 274 238 992 255 2113 3676 206 273 4322 1574 249 495 424 140 1409 240 282 237
653 244 249 416 278 255 206 241 38
654 416 431 298 426 106 278 301 8990 425 234 248 4320 5709 238 266 250 110 255 16 478 855 406 251 277 211 281 475 434 241 274 1417 263 5674 237 405 276 649 282 2912 259
655 8991 1415 416 749 9001 304 241 255 8997 8782 298 249 244 629 238 8995 1199 2113 8996 8999 493 282 232 5300 4338 9000 251 269 38 16 982 425 8993 8998 248 4971 737 851 2470 993
656 7825 9014 3227 416 2839 280 9005 1574 9010 7827 9015 9016 6310 9017 227 9012 282 4380 2163 477 425 1415 6308 9009 1198 9006 9019 9004 9018 1404 276 38 6309 279 6311 2173 9002 9013 1602 251
657 240 6101 1154 251 9024 4659 238 405 139 4469 9022 860 632 9026 241 9027 8034 431 4656 38 9023 629 2415 6874 839 4654 5 9020 246 298 8567 249 733 478 9021 239 5323 2003 1668 858
658 183 104 851 2725 907 139 9031 9037 2311 994 147 868 131 467 320 9032 447 2905 2307 2104 3315 454 103 135 21 9028 4435 9036 1777 456 9033 760 9029 915 798 9030 1230 1372 9035 158
659 9040 8965 9049 9057 7538 9045 2400 9050 913 6609 3401 9047 3593 955 9046 1986 9048 5157 9043 2917 895 1428 291 9053 9042 9051 9059 9054 3395 680 667 4875 9044 9055 9056 9052 8212 339 5699 3738
660 9064 1378 7079 9073 2552 3626 1328 9074 698 9066 5848 3261 9070 788 9077 9078 9063 9068 9071 9065 9079 867 9075 1174 9080 1182 2520 6782 4184 2430 9081 2410 3357 9072 3522 6653 9067 9076 9061 175
661 656 1030 8952 1202 9086 674 125 9085 1325 2485 2279 1328 2278 867 816 9084 2280 532 2767 3810 9082 682 9087 9089 4908 4745 5563 1317 8890 2718 906 2400 2771 1331 2721 5539 868 6648 9088 1372
662 375 391 3560 183 3555 1034 9090 5010 7075 935 3357 265 9093 1780 1192 9092 3243 1465 9091 3047 21 179 1474 670 2871 8962 3189 805 1777 562 8956 103 2468 121 967 379 8 8949 1606 386
663 3149 1297 450 1771 1773 112 2284 867 9095 2283 9094 9099 2834 2718 4752 656 3950 994 125 4068 9098 8952 467 439 1202 901 657 454 902 2721 2400 1372 3020 5235 1600 2522 9097 2280 328 1210
664 9107 9109 9116 9117 9111 170 3165 666 5258 998 1257 1594 9113 9110 9114 9108 163 153 258 161 5955 9102 2064 9103 5177 9115 9104 1570 9112 9101
665 4 237 4245 255 234 263 259 238 38 278 1541 250 1435 651 251 248 6015 267 493 418 110 282 244 415 473 228 855 406 733 475 435 1411 281 242 9119 405 434 9118 249 4080
666 437 4171 3585 947 3125 9123 5426 9132 400 5638 21 9124 1253 9120 8043 6075 3135 7217 9121 9131 3855 3842 9125 391 465 1860 5299 9129 9126 6533 9122 8871 182 1849 108 2871 823 1441 1026 0
667 1773 4129 2908 878 867 130 5560 1331 1297 4753 1298 880 674 9135 9139 7828 9134 788 1370 4119 1309 893 657 5527 7605 6433 1328 5441 4864 9133 870 176 887 1375 2279 1317 5995 9138 872 112
668 8122 3634 3491 457 327 4050 726 1148 247 763 1067 1153 777 1821 462 7939 3897 752 4174 1831 362 8113 1140 996 2780 1145 1816 1150 2783 487 2894 9141 760 1502 637 1134 14 158 770 2535
669 475 274 206 106 922 327 293 478 854 1410 9142 242 1411 250 414 238 263 494 248 3114 251 16 260 982 282 298 249 241 1517 38 9144 247 651 237 416 267 259 2031 851 492
670 37 5647 187 3135 13 9145 103 1593 1359 566 3812 3139 139 2226 7880 2461 1915 2208 155 835 186 3709 2 3125 156 704 2015 3521 2604 7176 122 5 1901 159 1922 1708 3187 3842 7 1715
671 2279 4508 9149 5408 2767 674 1331 9148 2283 656 9146 7459 1375 1317 6778 1506 9153 904 680 3389 112 1061 816 678 4879 5404 2718 868 1474 9152 7458 557 9150 9154 3383 1906 2281 512 1328 6065
672 125 685 942 9158 667 870 3395 111 1945 909 2718 656 183 1202 9156 265 901 899 1372 2202 141 1474 9155 3218 6803 1085 662 9157 925 2381 1317 3908 867 907 1375 1073 657 1096 668 580
673 9169 9170 9167 154 8416 9164 9162 568 5950 392 9165 2568 144 2992 387 659 572 9172 376 169 580 3168 9168 3494 1695 1648 171 375 8245 564 1876 160 1341 7109 9166 9161 1879 4291 5932 166
674 494 273 244 206 278 409 241 484 169 248 274 282 136 298 737 152 3009 336 411 275 267 425 1541 16 473 416 651 237 179 249 255 38 238 251 740 259 475 309 121 922
675 629 206 641 267 301 247 298 4381 304 291 293 258 243 133 273 262 9174 238 277 282 16 244 1435 248 982 106 494 4 38 5179 9173 425 249 9176 651 3110 416 251 259 2738
676 9188 3909 2554 1668 112 9183 1106 557 6827 9181 1178 9192 6836 1074 9180 1055 7135 9185 1098 2415 9177 357 30 9191 1072 9187 4787 12 9182 9178 3703 4658 9193 9179 9189 9190 2562 1024 6851 542
677 3414 9202 324 9211 9206 9216 9201 9196 9200 3808 4317 2031 2048 9208 9199 9210 2730 9195 237 2015 9213 2034 2038 9198 9203 9204 3403 363 9197 245 4809 2025 9205 2022 9214 244 8702 9209 1100 1209
678 668 9238 9248 9249 4295 9221 1160 9257 9228 9236 9232 805 9225 9247 9245 9218 9229 9255 9226 199 9243 194 7793 9256 9246 9244 9252 9223 9235 9239 3084 9217 9251 9231 9242 9250 9230 9220 9253 9240
679 174 665 808 9259 175 400 9258 3886 182 1040 6609 21 919 1471 9263 386 9261 4104 8 375 4241 1335 4225 3839 108 178 810 1750 549 817 7578 1917 467 6755 3200 798 2457 25 1116 156
680 1010 1258 122 9264 1970 1674 1423 9274 4606 178 2992 9266 400 164 1002 1328 1495 1192 177 9276 3335 1065 1254 3123 108 3421 9272 251 3220 9269 1779 1055 14 880 1030 7162 9275 8879 9271 9267
681 289 1055 301 9278 2381 851 306 512 263 513 685 293 139 1375 176 448 4 3906 241 1374 654 282 7459 238 21 416 1073 207 9277 822 1372 249 112 461 411 3002 1424 816 38 16
682 1385 793 7713 112 2307 684 9282 450 1114 9280 580 1817 1201 2673 1668 9279 2303 137 8876 136 3388 657 9281 453 2507 1337 488 873 101 762 802 1741 129 45 3025 777 2316 6227 2786 2289
683 9284 3414 3435 587 3508 912 651 20 9290 278 1999 9289 237 436 4 1562 238 9285 414 3612 1976 416 474 3415 6552 9286 3808 627 38 1196 475 116 9283 244 241 9288 590 16 214 3137
684 3014 629 6298 2586 3283 253 9293 139 9291 1650 270 2912 7029 416 273 9294 282 2113 104 1829 179 5017 304 4937 1142 4164 429 637 641 422 1151 997 414 4454 8865 38 4318 988 633 246
685 2555 7577 657 4174 7697 2992 147 1348 641 9298 139 3158 3995 3321 9297 9304 166 5770 9300 9301 8108 6444 176 111 2975 1115 3513 4018 9303 3159 368 9296 717 9302 7076 1026 1594 928 103 2362
686 328 9307 739 6213 790 9306 7602 1372 1474 4727 867 16 1237 169 890 2280 907 851 880 909 9308 656 866 255 4 129 882 674 106 238 232 1220 660 868 38 462 3375 468 244 668
687 9310 6308 2163 4957 9329 243 9316 9318 139 5709 9312 9326 244 227 9331 9321 9314 9323 9325 855 7543 237 298 1638 9330 327 9317 2838 9313 9327 1416 9322 1574 9315 9309 2116 9311 251 6317 4378
688 2539 122 932 175 1082 807 549 1386 1361 657 7075 462 177 280 176 425 798 147 183 1070 362 439 659 378 159 467 504 5563 169 1372 386 374 803 685 867 564 1202 909 2565 152
689 905 657 1319 1312 6264 867 1230 878 1325 1328 2400 1372 1232 790 2767 3596 858 2280 907 1941 656 685 3938 816 2675 788 7597 4866 557 1307 9332 176 868 8836 1317 1375 897 5405 899 112
690 9339 9346 1381 655 1721 9337 9347 9342 1730 9340 265 9345 232 9343 219 1423 3303 210 9333 1726 282 9335 5462 1718 9336 492 4447 9341 4383 3005 9334 249 9338 2992 1719 1424 8245 549 4048 4381
691 1139 755 3569 103 3983 139 448 4005 353 158 175 1829 6135 3976 1151 5 461 2590 14 1042 1404 421 436 251 441 1132 4225 798 2435 106 490 140 178 431 993 1365 131 656 1344 273
692 4785 9359 931 395 3515 9357 8901 5760 9363 9358 9355 9356 2313 280 9364 9361 9349 1049 9352 1903 9348 1338 9354 38 1866 9351 9350 7457 2074 177 145 1479 8329 1446 3852 7456 1570 3227 639 1447
693 7504 591 9366 4227 3414 38 3416 846 9373 651 3448 9365 9372 1403 9377 4123 5287 2435 5650 378 6938 9375 317 16 9368 9370 9374 1344 3682 1298 8153 4431 405 998 9369 2018 293 6191 9371 6004
694 240 1298 494 248 1306 179 6948 3757 431 425 9383 630 1645 448 922 468 749 238 9382 355 2007 237 886 1297 2547 257 328 880 5195 905 676 9381 901 916 416 918 327 1007 436 651
695 9388 9389 9391 9387 9390 9386 9385 1536
696 6600 9398 8120 757 3156 1148 6780 453 1708 443 466 2891 695 7342 464 9396 9393 1133 3515 447 5014 2875 1837 448 139 9395 9392 2896 56 9397 1189 3956 422 457 3955 928 5 753 1633 1893
697 777 1051 6458 414 1816 9400 760 9403 7622 9405 1134 9406 776 3954 641 3536 5690 9399 7929 8113 3898 763 3959 1140 1150 2783 1145 9401 715 9402 416 457 2367 3585 3496 1831 2503 9407 726 9404
698 140 211 3065 641 1196 1336 478 416 206 2912 911 1199 2471 14 301 156 38 1419 298 249 247 4 411 241 178 244 250 237 1957 273 240 176 863 269 3307 243 238 638 274 293
699 1067 183 704 9409 462 9413 9416 695 2509 717 9414 374 3169 175 512 553 375 802 146 2409 927 799 9411 2946 1169 2410 30 3583 1156 3360 9075 182 1069 391 178 9415 1070 914 9412 1050
700 994 158 328 436 798 9418 9421 3958 564 9420 1574 1365 2317 431 486 811 386 1139 7417 755 880 451 458 1650 282 9422 1829 430 448 2163 1634 2173 179 3650 4164 362 183 674 1817 425
701 9431 9446 9428 763 797 9430 939 9445 448 9448 9426 9427 9436 9434 9442 2964 9438 9444 2546 5476 9435 9425 2184 9441 9439 1134 1145 1513 770 2124 247 1051 2439 9432 9447 1502 9424 9440 7959 998
702 9450 1328 3950 1202 277 9451 682 9449 9453 2728 9452 8383 5560 1201 1773 2998 2283 902 895 1600 901 3564 293 16 206 3451 1766 8952 2714 309 9455 684 685 202 1776 6014 1985 106 9454 1372
703 853 684 461 2557 9261 564 1061 1375 9460 177 799 176 315 504 169 3189 2569 5150 1735 9458 562 45 805 3371 184 3593 568 3140 685 3382 7365 911 1844 9457 525 1474 9258 4290 2826 549
704 151 2058 666 178 2214 816 177 152 159 1057 148 1192 512 1908 1474 379 811 14 375 2 156 176 370 1890 7538 139 3810 391 103 1866 807 171 935 504 549 659 6757 639 3388 1961
705 255 411 9464 406 133 851 1412 9462 9465 279 9463 1574 238 301 1415 1002 992 488 280 412 436 38 418 9468 651 106 4322 425 249 240 214 9467 278 494 206 434 251 243 276 855
706 163 1338 375 449 1337 9469 250 366 1056 379 685 321 487 726 1195 373 4469 1570 1816 483 798 2543 147 14 631 1153 959 763 498 653 176 471 139 247 108 438 1384 7718 436 1336
707 1057 494 16 246 247 38 170 488 121 391 461 103 1196 1730 2912 633 152 379 186 178 1041 1349 651 122 2015 278 653 485 251 476 176 373 119 155 1026 370 387 549 9470 498
708 448 1506 655 327 5845 179 1474 1777 2781 4548 816 169 1197 882 483 4546 909 490 232 9471 2012 1817 1194 9473 656 5489 2281 328 3292 932 664 2923 1738 183 916 8843 1199 431 2918 176
709 2479 8231 2869 251 9477 1841 9475 949 3437 1790 1959 1662 1848 0 9479 8 3191 21 947 8431 3201 9480 823 19 2489 724 6075 3195 9476 121 964 969 935 5 9478 1854 812 4 4961 2425
710 1010 1677 139 14 4606 176 21 24 7031 1055 9482 465 1005 657 1762 169 2714 9481 142 136 551 1197 391 436 472 1495 5191 909 9485 1676 1338 825 813 461 9483 1023 1359 9484 9486 400
711 798 439 1153 3157 928 436 1055 6435 130 122 3277 448 431 1132 1042 450 9488 1817 7450 454 453 1946 9487 1822 6505 447 353 994 443 14 328 1139 2058 2776 438 321 1760 676 1096 1826
712 1498 5862 1195 798 187 1317 115 9491 2754 3545 2767 4383 1069 580 2457 386 851 7978 1375 9041 846 309 265 315 171 3868 909 142 1054 483 3140 3548 320 3199 1769 1082 183 919 9489 366
713 9492 8354 9495 5648 582 366 9493 572 1107 3513 554 571 394 174 176 145 565 1588 6441 1875 9498 704 2205 161 119 9497 1594 395 280 3521 569 1895 2961 6752 390 9494 103 1349 1698 9496
714 3148 277 122 1010 5193 328 169 1060 672 7949 1023 9502 9499 3147 259 5195 355 969 327 3005 14 102 298 1003 9500 880 3941 1257 3694 139 4334 826 1676 9501 3584 8648 2566 9504 1289 484
715 4048 744 9507 4814 7206 3432 3377 4082 293 4613 411 425 238 631 1837 1422 7102 416 635 7910 9506 179 448 1415 585 115 997 9508 1419 291 1418 282 473 672 1645
716 1472 1041 6833 1473 6543 133 1072 21 121 0 139 176 156 111 182 122 4737 483 382 676 951 9509 106 2981 549 9510
717 9512 495 16 277 336 259 855 9513 237 140 251 269 255 327 421 2377 1409 651 475 3841 257 5668 2015 488 244 241 959 179 6016 278 110 243 238 9511 6080 1826 3802 3108 2435 3226
718 220 9516 9515 9527 2864 2843 9528 227 9526 198 215 1574 9521 9523 177 1517 1334 9514 9525 199 9519 4442 9520 14 2856 194 7743 216 3227 1802 6964 1602 567 497 280 9518 2163 418 2854 9517
719 2496 5411 9534 7923 9536 2279 5615 2400 3383 867 2284 9154 2299 895 1328 9537 928 3907 9539 9531 4864 2120 868 3738 1428 1319 9529 9533 450 1325 9538 2278 3384 125 1496 878 9535 1331 9532 1945
720 151 9543 108 103 9548 1310 8412 564 3969 676 9544 1916 122 158 1331 183 5193 815 471 9541 112 146 9547 7130 176 2539 7145 9499 9542 37 816 9550 147 19 169 909 386 659 199 9546
721 362 9552 762 9554 9559 657 176 9558 467 2148 8902 797 1159 760 3894 1148 1365 9557 439 4550 9556 9555 4262 4647 169 4511 1508 2667 1042 488 1149 9553 3536 761 139 1202 3264 425 3544 789
722 668 143 9564 1325 798 21 3024 5289 3855 1495 2610 1204 4815 9567 1018 3695 1670 2306 1026 24 6340 1256 1034 823 485 9561 4960 9566 456 3137 9565 9563 16 121 1020 816 1848 549 4 5960
723 238 239 242 473 3017 4 9568 4456 240 158 253 274 411 38 291 293 435 552 488 241 249 798 448 237 9569 251 200 206 414 4326 416 298 267 632 4382 651 263 16 214 304
724 21 867 880 9576 1756 656 112 9574 5926 2437 468 7117 3534 9578 136 16 461 9577 108 825 1863 38 909 4648 4605 7118 4957 9571 489 1557 1667 1423 907 6316 425 2451 1375 238 869 106
725 328 1961 1024 9584 1338 178 7054 4178 13 5 45 247 482 9583 476 4959 909 3555 683 3140 9585 951 9278 142 947 475 40 38 4619 9582 977 7 2464 176 922 800 2067 273 112 9586
726 249 7047 651 269 336 245 206 744 992 636 251 301 250 257 282 255 298 293 493 278 277 478 244 434 2329 239 38 649 416 408 240 2015 1001 241 238 272 982 276 266 631
727 2605 9598 6706 9592 9596 394 694 4085 696 6441 9594 4059 9608 9589 5648 9587 9601 9607 695 9599 1710 9591 9597 38 9593 9588 9600 9604 9605 1049 368 9595 714 9590 6708 2596 9603 9562 9602 2602
728 160 2461 2992 176 2361 4276 185 1879 5955 1695 1057 103 3513 909 549 166 148 14 653 5138 1876 3168 9609 9610 1890 1349 2555 280 2338 1073 1195 695 395 3906 146 6598 390 1116 3500 1647
729 356 9334 651 265 241 4520 9612 1481 155 8355 1097 837 108 340 289 176 851 207 6414 867 1731 103 935 183 5120 386 219 1049 106 6462 5176 9153 9613 4547 2058 659 549 210 932 3382
730 9616 476 1369 1226 1149 9618 19 9617 321 4737 9620 4680 9621 8516 103 919 5735 2631 9615 4755 3513 706 1752 2095 4631 3645 37 2981 2676 249 959 140 183 1359 2505 9614 169 3644 497 1513
731 374 156 4738 2528 1415 2507 436 715 7452 178 1143 1148 988 131 4732 443 2067 3019 4737 462 2509 2535 5949 4234 726 1136 763 2534 327 9625 1335 2459 1369 148 7451 382 486 9624 637 1816
732 1372 8596 683 805 0 1202 665 2714 3386 808 3548 1766 3593 3509 901 1195 1365 1030 2381 467 674 2483 194 26 1373 106 9627 176 183 2284 483 9626 8597 3034 2481 798 551 4875 141 657
733 425 9642 1404 5195 9632 916 250 1907 169 9639 9644 216 9637 241 2116 9634 9635 9638 1921 9636 8523 5566 9641 243 4344 657 5198 276 1911 278 7821 9630 261 9643 227 861 418 244 434 1602
734 3722 431 4659 2399 240 270 8396 249 327 9648 9649 311 2998 1435 9646 38 272 254 1645 241 2332 475 5463 238 4969 9285 651 631 139 1422 1419 237 9650 274 411 636 4545 8046 9645 585
735 148 0 461 391 4450 33 131 108 1849 549 14 919 174 935 178 1013 1858 9656 9655 496 2074 9651 822 704 666 1338 2871 114 2514 37 47 152 142 2913 5552 998 1041 379 9653 1474
736 1994 9658 431 7576 9660 1546 490 9657 179 1139 1199 1159 901 2902 9659 777 486 467 139 2768 328 3023 327 436 355 5920 438 1633 2300 1131 3496 916 3560 1766 760 994 4183 1055 715 3583
737 298 106 4 4737 244 1060 259 16 416 834 629 234 488 249 1424 476 278 3508 909 241 8567 2993 3415 2981 484 482 1368 177 147 494 237 855 3009 255 4857 139 9663 178 245 9661
738 374 178 998 1473 3006 656 9651 14 1374 2534 909 666 177 932 9666 1376 1517 1372 4794 1343 1202 1317 5150 3150 328 164 483 2785 9665 549 1365 685 1477 9664 925 1463 157 2113 2720 798
739 418 473 282 301 190 16 265 140 247 259 1534 855 594 238 244 1535 277 241 327 7678 415 636 207 245 206 14 110 416 249 234 922 276 7684 428 405 355 4 237 493 38
740 241 238 293 282 416 16 1418 249
741 4078 320 9669 9672 453 9684 2899 7568 2383 6502 2583 9668 2148 9681 2680 9673 1050 2901 9679 9677 1217 9674 2700 790 9680 9675 767 9667 768 1055 2681 9683 147 784 9676 9670 2678 1167 9685 2088
742 811 4958 665 9704 3701 9698 9702 9691 176 1024 580 8331 461 3190 9697 1672 9695 9703 45 9701 9686 108 9700 9696 3169 9688 3191 9481 8902 9458 967 1034 9692 2460 805 8 1166 9689 9705 10
743 674 902 9708 874 867 1309 1301 907 5156 882 112 139 125 2281 1096 3286 147 1319 906 1298 4570 878 656 9707 2771 2280 1306 872 2728 1633 178 657 5155 9706 2284 1833 3143 660 868 2767
744 16 9735 9724 9731 9719 9737 9729 9736 6392 9732 9741 525 9728 9721 9711 9716 1855 1797 44 9713 9722 9712 9739 9715 1806 9710 9714 3213 9733 9730 289 9734 9740 211 8580 9726 9717 9725 9718 549
745 9747 1975 1010 6760 9755 1750 9753 9743 1974 391 2423 9756 39 9758 6341 1958 1024 1969 1962 9757 1353 102 1023 9748 9060 24 187 30 581 1495 969 2 9745 21 4104 1971 2407 9751 964 3
746 255 247 409 9764 405 238 110 239 415 6290 241 854 9761 9763 274 9762 244 279 407 248 253 423 275 37 408 9765 298 424 269 263 406 282 5452 856 16 267 237 3478 8239 3411
747 703 9776 6447 14 8951 1073 9778 5877 691 5915 719 1336 695 9771 4882 512 2606 1707 566 9770 9779 633 2605 9772 461 9768 9775 1372 9766 571 112 1057 9769 315 1334 9777 9774 8953 2602 9781
748 489 1072 9794 9782 9788 139 9793 3220 9790 9785 4658 9792 9798 327 7 1796 1957 187 9799 9783 1762 265 1849 6227 122 9795 1144 3137 866 1069 9789 121 1668 1081 9784 9796 3190 4654 542 9791
749 8713 918 9808 9819 9816 5647 9805 9809 325 362 9811 2021 9804 9803 2029 483 425 1820 2023 3234 9806 2449 9814 2307 4804 9818 1159 3403 9801 755 8715 9807 316 9815 2032 9800 9817 1829 9821 1055
750 3506 994 3139 178 38 484 651 492 9823 912 375 3232 131 9360 3101 241 237 8844 282 997 277 1338 416 3229 249 1952 476 2469 251 16 8239 4091 4557 640 1057 664 269 387 9822 1593
751 493 244 238 1055 475 737 251 104 1416 987 110 749 282 274 1002 38 488 7670 492 481 1957 416 984 5168 328 1435 250 248 139 249 16 1413 418 255 491 478 263 277 494 651
752 282 9842 9855 328 9845 9825 9851 2117 9839 9841 2246 3375 9847 2273 2242 2235 9838 9833 2257 6861 9856 1055 2249 9827 9826 9834 327 9835 9828 2275 9824 9836 9854 922 2245 9844 9832 9840 9843 6967
753 928 762 9863 779 9865 903 2321 715 3955 861 1202 327 1633 9862 906 761 770 732 9859 3146 9866 657 158 9858 9860 147 717 9870 2146 9861 1400 790 789 9867 3532 797 786 9868 2088 9864
754 14 6271 477 1698 103 2312 368 2856 86 187 6268 571 382 1049 30 462 2532 695 374 394 4104 19 9873 395 6274 2214 13 9874 146 931 1359 1570 9875 5648 9872 6441 3969 144 177 9871
755 2594 3676 478 362 237 1199 4322 995 411 998 5679 421 9877 490 131 9878 249 631 282 405 425 1146 2534 38 3015 177 4541 276 178 9876 2012 993 637 448 643 985 1192 274 1407 997
756 244 274 415 282 251 304 630 408 1574 1541 651 259 473 237 416 9879 267 855 249 448 38 269 241 856 2473 3303 488 260 200 1410 2471 238 243 298 265 414 4270 206 8033 475
757 855 856 5705 984 932 238 244 248 269 2470 9880 863 38 255 250 640 416 237 251 473 4 478 247 491 475 267 242 245 301 408 278 249 651 298 274 4322 4541 259 636 411
758 9881 2876 498 3014 461 2298 5385 9883 273 161 178 2534 6887 454 421 1335 6050 420 9884 639 179 1476 5234 802 103 909 919 3569 564 2289 1430 3964 483 1478 108 2773 3962 9878 431 916
759 9887 179 14 1600 1132 1898 103 1359 9889 315 9888 1139 3983 169 1349 9885 159 867 7927 1151 139 666 755 327 657 4225 1103 439 8226 1741 909 998 564 158 3762 4379 2068 425 6989 6965
760 244 480 247 7533 5495 9890 200 243 241 327 9891 238 298 240 267 856 248 249 282 237 324 214 269 3009 1541 416 4 301 275 475 274 206
761 9913 9909 9900 9921 9912 9916 9931 9923 9917 9901 9936 9897 9919 9929 9895 9892 9906 9894 9910 6851 9935 9937 9902 9918 9905 9898 9938 9896 9908 9899 9924 9934 9904 9925 9933 9920 9927 9922 9914 9928
762 5127 6892 103 182 9943 8237 9948 919 2076 1649 790 9939 14 639 9952 932 9698 328 549 3549 1057 21 148 1067 9947 9950 9944 1750 9940 386 9949 177 368 1896 139 9946 1184 108 9942 7353
763 1601 1581 9954 580 215 194 6270 9959 315 1796 183 4348 9956 517 1884 9961 668 425 1504 1575 6045 4344 2565 1600 1895 2826 1878 1574 4505 9960 1597 2864 9953 2645 9955 216 567 1906 8309 199
764 9973 2503 158 815 7383 914 454 1611 2087 9965 3152 146 9970 6095 9967 1042 7736 6458 490 9552 9968 3251 9966 3023 9972 549 9971 3238 6778 3976 3368 765 443 1159 448 9963 4910 447 7353 1067
765 1041 386 504 9975 156 568 103 139 811 807 155 161 3382 685 178 4276 683 176 666 177 159 170 549 379 378 9974 919 171 483 384 580 1890 659 805 2541 1334 998 112 1476 1889
766 2338 4563 9980 9987 9979 372 103 9984 1107 159 1160 176 9988 1359 9104 8232 9989 397 9985 579 389 139 388 568 9977 1724 9991 5859 9982 562 156 3563 1718 152 9983 9976 4523 1879 371 2461
767 139 10002 1941 1416 873 325 37 9999 38 484 327 10001 9992 4798 1412 2898 9996 9998 9993 1055 657 654 238 9997 9994 122 1369 3234 9995 416 411 468 4621 1032 496 1297 2039 651 324 9085
768 657 10014 4534 10006 6728 656 1159 4908 1777 10011 902 2297 2280 2715 868 4747 10005 2309 1319 674 2712 682 2522 3384 10010 3369 2721 2301 3609 1331 3358 1474 10013 10007 10015 6173 10008 10009 788 4751
769 3907 4068 101 2834 7127 1328 10017 867 7570 10018 4510 10020 1061 1302 870 1317 4074 3174 1666 10021 1083 7464 1297 1373 878 682 2786 112 3590 10016 894 125 1773 10019 564 3738 3595 3394 5069 2718
770 1334 572 911 30 1465 1879 375 666 390 155 166 376 3125 159 103 3047 3168 2344 1342 565 374 1359 383 5635 184 148 1119 384 695 1013 552 108 4450 806 998 568 3169 154 10022 3719
771 492 282 251 14 238 664 1388 434 405 1194 411 596 1620 276 232 244 409 1390 4557 1413 448 10024 255 206 4139 277 4321 749 10023 327 1389 5842 38 5843 3242 237 651 416 6149 16
772 3217 9319 3940 106 18 851 8496 10034 551 35 3941 10030 656 1423 9501 1372 5850 951 819 10035 21 10028 10029 10032 7543 6861 10033 10031 925 4957 379 15 10027 6 461 5499 6749 943 104 26
773 1946 1773 21 2910 799 30 1331 3757 880 101 10037 893 0 10016 1064 1302 892 951 8737 1040 867 870 10043 886 1317 1424 10036 2280 10039 894 1935 10041 139 136 1945 878 905 10042 3718 557
774 10057 4005 1508 10058 755 10059 10055 362 10044 10047 3149 715 328 728 10056 10046 2661 10062 10068 10054 10063 1055 10049 1159 10050 10065 10053 10069 1139 10052 7036 3550 6688 4017 10066 10045 3418 10051 10067 3760
775 436 6014 5786 906 1855 176 657 454 1777 2284 241 494 125 902 327 685 1027 2792 106 2278 2721 909 2280 1202 1766 425 2794 179 3950 2718 868 1771 136 2283 3965 1338 1372 2590 5235 656
776 2157 241 234 10075 639 4617 215 221 5463 7 1435 10077 110 373 206 10076 243 1562 10074 6108 2112 250 255 251 651 6089 10073 214 278 200 1027 26 1735 3147 265 211 16 647 4 3506
777 10082 4581 1175 582 695 7085 2 3719 10079 702 9871 10083 1378 2597 5596 2645 1750 1897 5765 1798 1744 3321 1708 103 1700 394 368 6741 111 2082 816 10081 1049 10078 553 186 30 566 1060 2744
778 7352 52 1753 103 1378 1069 152 368 6509 553 695 1471 467 6600 4104 1082 357 10084 122 3886 5524 1701 101 186 1049 1694 30 10086 462 10087 37 182 1750 1668 105 155 1897 1353 6855 9036
779 2891 916 1132 443 6779 6816 753 1822 5693 447 9392 657 457 464 469 781 755 758 1369 782 2896 1148 1837 182 1096 2879 928 7919 487 1144 3150 1131 1067 358 1133 777 2784 1817 1365 2779
780 368 804 183 1069 1043 103 4939 121 1060 10095 122 10098 10094 169 10102 564 10096 7326 10097 802 656 1741 565 182 10092 7075 10089 10090 1600 1616 10091 10103 2283 808 1372 816 4148 1049 512 1621
781 147 10108 2992 486 1055 658 1339 4797 1385 143 7826 7353 9546 1133 998 20 655 388 422 994 1337 14 3026 450 880 9397 3294 10106 777 10107 3562 10105 315 10109 488 1144 9544 1131 1365 448
782 4505 10123 10115 1895 2842 2023 10111 1574 1882 6038 5277 1877 2856 10120 5588 10116 216 10124 10114 10121 10113 10112 2597 1189 567 10122 10125 1583 10117 2596 10119 1885 1878 56 280 1575 553 10118 2038 2854
783 179 10145 3981 1365 3991 10133 10126 10134 4262 10140 3998 5019 3985 10136 3895 5009 10129 2565 10135 10137 9433 9425 10144 10127 1442 1606 10138 10143 10146 10130 7940 2978 10139 10131 3976 362 3553 5318 10132 10147
784 2590 38 316 179 436 420 448 139 922 414 492 282 10148 994 2012 6230 158 715 1138 5012 1149 148 3126 2894 1634 122 2147 7429 1639 486 726 1816 431 10149 178 985 3277 4797 2019 2780
785 1319 759 1230 1323 483 137 557 6004 899 788 9180 10152 1938 870 10151 4513 10153 1317 1202 10154 676 1371
786 10163 1962 1158 183 9060 1159 4148 3355 5 2418 814 2423 704 391 2552 9748 3369 2412 3556 7092 4820 9600 802 37 1175 1975 10157 10161 3345 2408 4548 122 487 2407 10159 823 10162 10156 3344 1155
787 1409 4858 651 237 2925 982 10168 434 418 2912 497 10173 10167 266 3314 1609 4937 1468 10170 498 3226 5485 110 10175 238 3962 4541 244 440 251 1817 10166 1549 10172 10174 10165 1336 7819 302 7537
788 185 565 171 390 3257 379 10178 572 10080 1890 10179 146 9080 704 8353 2461 3513 10182 2467 10177 148 3170 10183 6599 9945 1378 3321 6598 1876 3522 846 582 3870 2339 3343 10180 579 1695 10181 366
789 8358 5499 155 2309 549 10187 3382 389 1192 483 174 156 10185 2310 14 10186 374 382 666 139 2544 1041 565 2301 1159 5313 368 1481 391 175 4520 103 927 829 148 6226 178 5647 1337 8119
790 31 1197 10192 10198 10201 10197 825 10204 10194 964 10206 10193 5958 5968 10203 6619 102 3414 9486 951 10199 10191 10200 3805 5972 7979 143 10202 8915 1961 2396 9712 936 4105 1010 413 4 1055 10190 8638
791 243 448 336 248 259 984 245 626 244 238 856 10208 291 630 632 266 274 1401 411 4453 240 7836 273 293 631 624 922 737 4 249 473 251 260 239 636 1645 282 247 242 4497
792 493 241 1419 179 2015 255 260 249 239 1645 282 478 247 38 244 267 298 324 475 245 240 20 854 2534 2469 1655 8305 1480 16 984 272 238 237 636 429 416 301 266 206 5244
793 941 44 651 1002 857 880 2391 240 3373 2663 20 247 630 924 282 798 260 328 4 1999 467 1466 1954 415 468 133 1754 1946 241 657 542 1735 1419 251 35 254 265 2982 5164 485
794 793 227 3832 778 770 10213 147 3760 457 797 3820 765 10218 777 2890 10088 2105 464 3534 4684 10212 1141 10214 2366 2124 8023 762 2088 2513 439 4344 3535 10217 2492 10211 2503 7942 752 10215 10210
795 10230 2068 197 4038 2070 7441 10227 555 391 936 10223 3583 1476 1882 10219 379 1475 10222 10229 2751 10225 2509 33 666 1878 1473 3912 1895 10226 10228 805 108 10221 568 131 225 380 8 393 156
796 4148 1041 156 1465 1069 378 803 659 4577 483 1909 1384 386 112 403 1372 182 183 379 157 3560 1359 805 846 3357 1600 914 823 148 802 374 10231 391 807 169 179 189 176 1474 103
797 106 1338 1360 481 1952 488 282 5463 19 438 255 238 651 1404 10234 38 653 494 672 1754 1368 434 241 237 1415 247 4030 139 267 1197 186 16 1957 244 10235 7537 654 248 276 418
798 3860 21 936 5403 1338 1780 461 4 244 2157 19 38 1055 611 651 327 237 152 486 2015 277 15 555 248 250 416 1050 483 5973 8 482 2465 202 1481 3555 2437 1922 1012 267 1952
799 2963 867 5877 1176 4707 2680 698 716 1373 4435 10240 1371 9068 3531 2761 5354 9063 555 3274 10237 101 1155 3327 1328 4998 8540 542 3626 10236 1182 9071 6264 699 830 6728 5003 1082 6652 6971 3622
800 2473 10243 269 1196 249 924 247 851 643 8689 7153 256 861 158 293 492 1135 448 4773 380 2772 206 238 353 251 260 282 241 1151 10241 4226 5959 362 1139 2014 473 38 2031 4246 3017
801 238 448 298 416 8239 380 3314 10247 1649 476 482 1922 251 1954 478 498 4452 641 282 647 1446 640 494 4450 744 237 639 3013 3198 5258 922 247 2013 10246 984 4856 849 139 411 485
802 666 374 2461 851 2637 249 1192 1199 10249 835 178 1057 3139 4225 998 5255 1364 131 1041 919 139 1359 38 704 176 5 103 177 156 1357 4450 3842 3546 1367 483 448 175 382 1355 6075
803 3310 139 103 3208 2280 374 38 737 169 659 265 664 403 152 375 665 147 14 483 461 177 115 1049 142 484 448 653 998 176 3139 496 389 183 2992 1030 909 2283 156 0 565
804 1202 901 10251 125 6014 867 9452 2873 4864 3393 1325 3783 1497 909 1488 4747 10253 1317 2721 1771 2718 2280 4866 10254 3965 9455 4743 4741 4748 21 4621 106 10252 9083 902 6820 2716 10250 2771 5235
805 7023 2664 909 140 5970 3680 8329 425 10260 676 7008 10258 10270 979 19 10261 10255 10267 959 5989 10271 139 1055 479 147 436 136 2768 1264 10269 10268 10256 10264 178 3853 672 918 3841 10257 1979
806 867 868 657 453 7122 1941 899 873
807 10275 1199 5843 3292 1474 1202 10273 5844 1372 1633 179 4577 8361 3955 2781 492 169 656 108 882 655 4552 2720 450 176 4548 916 112 664 658 5489 1365 1506 10274 5842 490 867 5348 2522 4557
808 2992 1779 1169 1061 4947 10278 867 1372 112 1069 657 1082 462 14 4860 2306 175 676 265 921 639 1343 101 788 870 1319 1067 4939 10279 2509 3722 122 3709 137 10277 391 174 182 386 868
809 10281 281 248 259 298 38 251 238 327 303 263 234 245 10284 255 10282 282 244 1541 106 987 10283 4 237 10280 651 411 239 260 240 473 228 416 247 46 493 249 10285 278 1957
810 2369 10289 3947 2469 122 159 6600 10290 1144 3861 1042 75 386 139 1334 10291 647 1920 1570 437 454 1915 8152 119 4043 1369 103 1026 1257 1132 1077 1708 1048 1049 3123 3024 1259 10288 10287 3046
811 298 478 1388 493 651 1418 38 481 1142 241 16 436 636 5673 596 737 5168 1389 631 249 5248 272 263 140 237 275 267 494 248 293 2475 997 1411 1558 2028 408 243 253 749 416
812 10307 800 10295 685 10312 4536 10310 10300 10304 10293 1465 10297 535 10309 682 10313 10296 504 1034 811 146 1474 1841 10308 10315 549 4534 108 10303 10316 391 10317 10301 10298 10292 10302 5921 3343 10294 10314
813 5986 7038 5537 1490 10321 1486 4518 897 1483 10322 7599 1331 1485 1311 1319 1303 176 1317 4926 8250 8826 788 1312 1488 10318 1328 4530 1767 899 1497 1484 10328 868 3597 10327 10324 3389 1213 10326 1217
814 636 740 10334 481 258 248 240 971 10329 1151 257 631 1413 274 416 10333 263 270 987 251 1412 1411 282 238 982 651 10331 855 1004 4613 2184 744 267 2925 244 266 10332 239 411 8052
815 490 3994 1724 10339 4557 195 6292 179 3949 4548 4552 2590 10342 5854 10343 103 3978 8844 1146 139 169 998 14 909 362 5362 2535 389 2283 8358 1199 3976 10338 10336 10344 1357 374 10337 10341 641
816 3234 2019 1413 238 2031 984 350 657 476 10348 249 982 347 359 6335 1202 987 411 6383 425 2039 241 10351 1620 6864 248 1574 251 106 2018 10345 336 416 38 237 1652 901 10347 206 651
817 431 274 492 408 411 3303 448 259 863 237 251 263 298 10352 416 4579 281 38 629 2029 206 266 248 1574 861 5843 282 1199 992 493 995 3446 276 749 425 110 406 249 7500 238
818 654 249 1411 267 493 855 2329 10353 266 9022 473 1550 259 406 856 1645 255 3307 478 247 475 274 261 3009 242 4 106 298 630 282 416 206 234 263 651 1950 238 237 10354 3011
819 10357 436 38 214 386 3061 21 1723 10358 112 3303 468 448 1200 2012 454 183 328 202 651 10355 5727 664 492 1398 654 591 255 293 905 179 1820 324 2289 10356 327 411 1474 483 3212
820 2899 10367 3718 1064 894 112 8310 7132 101 10368 386 10361 3538 135 3605 6258 10364 771 320 10369 2109 137 10363 10362 461 10365 2521 911 4172 2904 9770 1926 3622 7573 3331 4435 909 3383 139 3757
821 187 357 1338 10376 880 1265 10373 436 1353 5773 447 3853 3962 138 970 100 1817 1763 3966 1430 5323 10370 2631 120 918 124 103 111 10374 8982 10377 2446 10372 6778 6445 959 328 468 5660 10375
822 374 3274 176 699 2352 1169 1592 3209 807 579 1465 366 148 2468 562 799 1192 155 4913 10381 10383 10382 5830 103 146 1890 161 10378 483 927 10384 10379 1889 685 6969 37 10380 1193 7075 5
823 2714 2715 26 2283 1030 125 3848 656 816 379 2280 867 48 1773 10386 901 1328 2716 868 3913 183 1325 1202 909 176 10387 902 683 674 2288 1073 112 1766 2946 682 1319 2552 108 5235 8435
824 695 5852 657 10394 10396 812 3122 466 1662 676 1677 1064 5391 1943 732 1156 2899 1664 469 928 10395 6778 8039 1254 870 798 2318 6094 459 10392 868 2300 1055 4606 1924 139 10391 182 10389 2889
825 657 156 479 5397 439 1676 10408 10400 10397 4788 19 255 6966 2 10404 1041 15 10402 9315 14 10411 147 855 10399 10403 10405 277 10401 7033 102 951 9266 5399 3375 10407 1357 10412 10410 9996 10398
826 112 10414 10413 1913 5196 1310 4435 512 1375 1328 1916 7117 1372 1319 5193 183 5001 685 4516 1055 1909 1921 1600 2834 9545 1371 1906 657 1050 1673 823 662 816 10416 5564 1098 1317 2675 865 1670
827 3069 2532 763 2 425 30 4018 1821 2645 56 10421 1148 2992 7507 176 10419 122 442 1138 14 10422 179 777 450 6 103 10420 553 8611 555 1633 1049 490 10417 4844 448 1753 10423 183 177
828 10426 833 9951 1230 1085 1064 10429 4379 5003 582 10430 101 933 132 112 1938 183 137 1787 5505 4375 512 1077 1359 10434 1378 662 1202 10433 21 1372 678 161 1906 10427 680 9886 3566 7881 10424
829 207 4 1049 935 1642 234 249 1734 13 10436 265 485 248 289 106 259 43 3009 176 4597 241 38 277 473 278 304 255 104 244 16 237 298 739 5120 651 5492 475 6414 5694 1783
830 490 1136 6135 3279 6293 2582 10442 1135 988 4956 4052 993 4781 5679 10439 4174 1635 6287 10059 5015 4050 5671 421 448 9878 431 10440 6300 10437 2594 6298 637 1639 487 641 10438 414 985 1829 353
831 913 10456 131 4227 317 10451 356 10452 10148 10459 2031 324 10444 3675 4899 2034 10448 10455 10445 14 2025 10457 350 5277 6543 2029 10449 10460 2732 2041 5768 10450 10454 238 329 8621 325 10447 10458 2365
832 903 2896 782 4708 5385 2898 453 10466 447 994 147 139 867 755 2667 880 2318 2909 873 1307 657 753 6011 10467 10465 768 2143 2316 759 1817 1139 928 10461 757 1055 760 5010 878 10462 3963
833 328 10470 14 4659 1866 4663 4045 1593 918 1415 1338 244 1855 665 1756 327 1836 815 5903 1365 4738 139 468 3230 858 448 10471 5234 461 1334 672 798 169 460 10468 639 4860 177 436 10469
834 237 255 291 280 629 2992 425 855 496 2471 2525 247 436 362 240 997 416 495 249 851 448 241 259 38 434 987 1866 1415 982 179 251 414 244 651 16 475 298 238 3139 4566
835 490 411 251 985 6130 486 274 991 5655 2734 298 10476 414 16 238 10472 474 1639 277 5476 995 10475 2012 3149 1635 244 496 448 328 431 1650 1633 179 282 38 10474 5671 6230 1826 997
836 112 1372 2202 6848 5079 10480 1424 811 816 1375 9975 161 1769 1195 9170 10477 668 532 139 1474 4803 549 656 7802 5563 1197 4960 683 1774 10479 8245 1373 541 580 684 483 1202 685 3371 10481
837 1065 10488 10483 10490 1254 6235 320 10491 1946 3338 3123 2873 1219 3136 3154 10489 905 10482 3947 10487 1259 4794 437 3121 3129 762 10485 2898 880 6229 1055 3718 3135 1017 3122 10484 2902 3433 5389 10486
838 255 3277 4378 436 2593 355 179 2896 1199 1139 438 139 2116 328 5327 38 2873 362 178 994 10493 16 241 2768 1365 10494 487 10492 490 447 244 4 158 1132 242 14 183 10495 676 1055
839 8256 272 10496 498 493 1866 248 263 1869 240 301 10499 4326 257 4323 245 200 277 214 38 1868 237 234 651 7 254 241 3413 485 854 10500 7456 4 244 271 298 10498 4332 258 281
840 611 249 248 414 2013 959 1404 478 244 277 237 1952 409 435 1338 4097 140 1416 110 238 918 594 239 187 495 4430 273 473 16 10501 1409 276 259 629 38 282 416 255 5185 2469
841 3596 6004 1615 2309 790 878 682 1372 902 9708 1766 2715 112 887 869 1202 1298 674 882 892 901 6810 868 1309 2283 1331 3340 660 3950 655 685 1319 10502 6811 10505 2728 2767 1970 656 6800
842 375 4624 8311 131 174 327 467 436 170 1069 159 121 6881 1749 483 3762 147 178 1131 156 1833 152 916 386 120 439 169 1476 103 659 1365 447 2541 799 37 14 919 282 475 932
843 1204 1226 175 2873 867 762 3377 466 3433 3757 4817 10506 4439 1258 633 6557 882 453 137 3336 657 6646 1615 10507 759 1233 2896 3956 678 13 5 873 4600 4815 8021 38 5289 120 438 10502
844 333 3942 170 156 10514 2783 777 4527 10512 787 10511 1509 1041 210 6155 10508 10509 10012 555 5919 882 457 3559 1911 1194 199 10344 389 4262 10513 3536 169 10510 5359 1642 1360 183 4780 403 315
845 10522 407 238 10517 10521 38 861 494 206 270 7101 250 408 10516 298 237 631 228 241 1430 242 406 856 629 416 248 260 16 3110 10524 434 10526 1517 415 636 429 4082 10523 274 10525
846 4135 374 10527 403 2457 147 483 386 108 3374 659 3388 103 2871 1465 998 152 121 1780 807 387 3066 3551 379 5118 449 668 4860 183 462 378 811 7364 1471 1384 3189 122 7075 5356 1474
847 30 496 187 1715 133 5913 653 370 3891 382 1593 582 641 3614 5647 3583 1465 380 404 485 6780 3169 368 186 247 7697 156 726 1041 640 10529 2992 159 702 14 5471 176 139 704 1708
848 158 1633 4779 10530 1147 487 3149 1199 4050 327 777 1631 447 637 1150 179 4218 2147 781 928 1611 1138 438 450 490 1826 454 763 6458 5234 449 362 641 1133 328 2367 1829 757 1365 1139
849 4348 4344 6588 10545 4365 378 10532 10535 2184 10540 391 1155 1474 4347 6327 425 10531 10534 3243 3609 10544 6308 2159 1878 10292 10539 10513 2164 3264 9431 3265 183 816 3597 10541 157 10537 10536 1601 10542
850 1049 394 3190 10553 461 1040 3200 4018 14 2532 122 5253 368 6 1698 5957 115 2543 1750 44 10550 37 187 21 6441 1763 1753 86 1334 10552 3701 132 3510 3866 10546 131 186 7085 7347 3101
851 1468 10561 10565 10555 10559 10566 861 6088 10563 222 10570 2157 1505 211 276 9518 10562 201 9521 10573 10564 196 10557 188 190 434 236 10568 10554 206 263 7753 10575 218 8596 10571 3228 10569 10574 10560
852 911 2457 1069 2998 651 564 4939 164 2 3854 122 4950 103 4948 936 10577 5951 1049 4893 1197 182 4938 153 16 3047 629 10576 549 816 483 21 4952 4940 1917 178 1082 176 1604 265 187
853 6563 10602 10583 6674 10589 6654 10594 10598 3121 10587 6351 10600 6229 10595 6681 3199 6761 6565 10588 10581 10584 10585 10609 10593 9590 10597 10604 1131 10596 7222 724 10603 10579 10590 10606 10599 10592 10582 10601 6655
854 760 182 4135 6234 1192 762 1048 873 8023 158 5852 1821 802 755 438 1169 3897 10610 1131 457 1669 2784 6144 798 6086 443 792 462 37 442 1042 2673 7123 1148 487 2299 10612 175 2148 1132
855 1897 553 936 10617 1679 1108 2596 3492 719 691 2604 6271 2098 2617 1798 10614 1175 1735 10621 703 1744 2597 2601 30 2620 10620 695 10615 10618 2 10546 2599 10619 4594 2111 1708 566 2610 394 2600
856 183 10629 1404 873 10628 2116 933 6908 10632 7008 315 10639 10644 10624 10626 10643 10636 10642 880 10638 10640 468 10631 657 7943 552 10625 277 3375 1202 9505 10637 959 10635 133 6192 10630 10634 397 147
857 749 2772 1430 10646 5466 651 8864 293 282 10647 244 5922 411 654 4579 206 2475 8689 596 1427 631 4272 10648 629 10649 643 630 664 5843 473 5854 416 108 249 636 995 10645 3745 238 38
858 10654 1908 7178 8826 10656 1296 1372 10650 4059 657 656 4833 1202 1237 1242 10219 1492 790 786 8876 1494 1488 10655 1516 788 2552 2756 4682 10653 868 793 187 5770 867 1217 10651 391 1487 792 1159
859 176 5786 10663 964 909 10657 951 10660 136 6833 38 170 3731 1963 125 2485 5644 2007 2381 10659 1196 922 429 3772 7413 10666 3649 3783 10658 428 10661 825 282 26 4621 1758 5973 10665 100 3414
860 382 1593 1881 2538 1506 1359 4173 144 175 1335 10669 10671 10672 10670 882 174 10157 176 665 1041 912 4238 932 483 389 148 103 4517 1594 666 564 568 374 131 919 156 10673 1908 177 5348
861 10678 2352 909 6846 580 2788 816 1061 6850 4143 112 2318 914 3168 156 182 867 564 139 175 2361 1328 183 7328 4276 504 10674 384 10677 1864 1082 659 657 10676 6510 6522 1908 103 1169 10675
862 437 1233 10681 4608 10680 4106 2868 1251 4105 9123 1259 10686 1252 1262 10687 10682 3121 1271 3127 4605 10683 10690 1254 826 10688 1212 1273 10684 1756 465 3873 1010 4610 10685 7222 5389 460 10692 102 2103
863 10693 2597 9397 10702 10698 2098 10081 691 2532 695 2600 719 2596 7176 7187 2599 10703 2111 10699 2617 1877 7199 566 10695 10697 2602 1875 2083 2598 725 2604 2603 1175 2086 10694 1897 1708 703 10701 2601
864 38 238 178 987 861 880 10705 468 10706 251 6895 2534 259 328 327 922 244 10710 266 10709 10708 449 5164 5977 240 10712 248 1946 8801 8807 3061 440 855 1415 630 246 416 10707 4545 3676
865 760 293 206 3496 792 1831 10716 450 1633 478 3420 457 448 1133 1143 106 1153 158 994 758 1994 903 2875 770 779 5976 1067 1829 763 1042 1096 9624 905 442 10713 2289 726 5385 757 436
866 1866 9262 5928 176 1376 139 161 3881 46 103 10719 3762 512 10724 10721 10718 379 483 580 799 8483 378 7714 4232 9970 4276 1343 170 2068 3203 1480 10720 177 152 2541 8 8308 377 2463 4464
867 7776 267 10725 8329 494 643 2015 38 177 3309 115 4336 630 10732 5116 2344 375 2917 654 10733 3585 158 8692 157 140 741 704 10731 14 1139 1359 1048 2509 646 10727 262 172 10730 242 1424
868 263 178 6150 5484 38 10175 10741 240 3307 10561 482 1950 4380 309 10736 1450 10735 998 244 7031 493 478 475 255 7826 10738 10739
869 512 1190 10743 178 1384 172 1342 1359 156 909 1890 161 176 659 3969 374 451 807 487 187 1836 4158 3251 37 549 683 3507 7031 10744 10130 2283 249 112 169 2565 115 1057 5258 1909 10742
870 6478 637 487 1200 5466 995 421 273 1136 10748 763 1138 431 993 1139 2922 1151 420 1133 10749 1502 5679 327 448 7500 10747 4551 5671 991 2582 4174 990 1154 1141 362 1135 5854 179 6479 7857
871 366 6258 5354 10750 4549 10754 10751 5499 579 10753 5356 398 1508 6267 10752 5931 10759 119 3687 1169 148 5127 2963 5599 7342 139 3986 7714 101 10758 10757 8311 5646 3521 1116 4913 3622 10755 3380 103
872 10764 1140 2363 10767 2546 1133 5740 1051 2545 1639 763 1138 10766 3953 1816 5733 2129 2367 2147 1141 10763 2366 6130 1831 2141 10761 8794 2549 637 2151 2783 3951 4837 4674 985 1502 10760 4498 10765 4781
873 869 4864 125 788 112 10772 1772 1030 2280 1370 1376 21 868 5235 867 1215 683 549 1325 4745 1374 3965 176 1020 10327 5615 9088 10771 1773 6803 557 872 4871 4868 108 4862 1766 2718 2771 2278
874 10787 1131 6271 10775 10791 5687 10773 9993 1100 1254 465 1260 10790 5650 1255 2596 1251 10783 10774 10779 437 10781 10782 1915 5737 1679 10789 1262 10776 10780 10785 10793 10788 357 1204 1271 2049 56 10777 1663
875 1718 483 106 157 1057 6415 1476 3557 568 5120 10797 141 2923 2058 10798 136 379 10794 3612 238 378 4814 10796 367 389 475 244 1738 683 156 851 10478 8811 3579 1963 1734 420 7055 10799 247
876 278 3283 448 273 38 353 496 1349 249 2459 10800 641 579 5271 629 2058 178 389 993 416 179 237 145 1474 1041 156 244 5655 371 483 176 1196 247 255 1463 177 420 4677 1478 238
877 21 828 1050 10803 4105 10802 10801 3130 1263 16 3122 1010 1248 25 10193 4084 1012 4 2868 964 102 1018 1676 1024 1338 485 24 136 951 106 1257 1023 4033 3414 1031 7812 38 10804 3584 4450
878 2714 10822 736 5280 10817 10818 919 3223 10808 234 10815 10809 666 116 179 16 122 665 486 10813 1387 4668 10814 10821 10807 4137 10819 9712 106 418 10820 1365 1788 175 10811 338 121 21 10810 10816
879 1907 10828 10834 6316 10824 3501 6312 10837 987 3267 6592 10832 2163 10830 1602 2173 10825 2178 10823 10831 2857 6321 2849 2184 225 2116 2164 425 10833 6319 227 6309 2188 6310 6311 8251 6308 216 1574 7829
880 1140 2780 293 2773 266 10761 8377 7623 1146 251 2968 10840 2925 313 4047 5234 3228 1150 4010 8378 282 3459 250 237 1407 2545 643 2772 10841 256 10839 6370 425 244 448 7499 240 630 2376 10838
881 1849 1453 1855 379 9262 1858 108 963 1060 7 2714 461 17 104 806 922 1991 951 2481 136 170 909 10843 1343 8 6799 33 10842 3041 1727 47 10845 48 1671 19 10 1860 4238 0 5187
882 277 918 2856 10853 280 425 476 357 7826 21 1588 187 198 862 147 5400 5 1050 1081 10852 14 1874 10847 9578 10854 4097 497 10850 10846 5248 266 2117 10848 10851 327 611 10857 10856 5952 851
883 160 5370 3969 1192 10865 2992 10866 10869 376 3491 176 10863 9348 1879 1116 10864 2773 10464 10186 10870 3014 10860 7781 996 8920 144 10861 3494 10868 280 2856 10858 3990 10862 45 10867 10859 166 3045 9788
884 10879 112 9976 1371 10876 2552 5001 10888 1060 10872 1382 3394 5120 10874 10882 10875 4516 1373 5902 2831 5151 10880 9783 10877 563 2396 10873 557 161 10887 10884 575 513 559 176 5006 10478 1061 10889 10871
885 106 10662 10896 255 1873 4 10897 9376 1855 10894 629 1431 951 6555 1718 5492 1440 10898 9919 1013 3191 289 7738 675 10890 1425 5163 38 6396 5958 232 10900 825 1196 10899 7157 10901 16 10892 10893
886 664 487 1473 10903 490 139 448 112 10902 1199 997 293 176 1979 362 247 38 145 3283 156 3375 5922 637 4050 414 411 1202 178 214 1197 1829 3002 6135 158 988 993 483 104 2773 416
887 651 2734 282 267 237 251 478 46 244 234 240 494 309 1952 106 411 243 636 629 242 475 473 241 837 269 4 408 301 263 278 298 16 274 249 2031 293 416 255 1541 415
888 1952 251 4222 278 266 103 140 3314 435 651 263 177 3572 7819 10904 855 277 416 298 473 269 1411 38 476 237 250 629 2469 244 414 259 16 238 249 1957 282 493 280 276 241
889 5017 170 3559 443 1780 1474 3375 4557 5842 451 3561 1135 10905 10912 656 3976 1150 787 448 1042 442 763 10668 1729 3034 1133 3988 457 9990 10907 3556 10911 1139 3562 460 372 10909 131 174 483
890 1465 394 704 378 175 2468 2417 2 10915 157 10918 1052 1896 1918 7696 1111 8353 1192 2205 10914 374 554 10913 2456 5881 1041 5943 5936 2076 8351 1060 13 811 2459 10917 653 1159 1729 1359 579
891 1506 492 1429 2214 486 265 3005 1055 3940 238 2383 880 16 639 3139 282 205 249 176 473 1424 293 1065 1359 653 651 20 922 178 664 1365 255 115 112 10919 6803 448 139 328 1673
892 4814 3557 2289 1642 2553 255 10924 179 362 10920 10921 658 637 5842 108 293 6338 3288 997 158 1634 1199 916 8799 8371 14 8797 490 414 8367 3289 1334 327 994 4579 448 436 655 996 10645
893 1383 3906 5517 10926 3 1733 103 702 10933 1378 1671 5905 10930 3632 456 560 7085 368 1700 1744 914 1068 1746 4548 4227 12 582 2640 5913 10928 1753 1344 2706 5145 10932 639 112 1798 10927 10925
894 1392 327 362 1817 259 139 4222 1336 431 487 1617 3964 10418 4847 328 355 10935 1134 237 438 4952 158 110 8797 591 1337 240 3126 7515 921 449 131 448 183 1829 265 486 282 14 1398
895 1135 115 3950 142 2826 449 902 2728 2280 2718 790 3243 911 438 2992 10940 2711 5957 328 282 664 4469 10939 5962 448 10938 3557 1766 916 8375 10936 549 139 346 122 1463 4124 1822 660 10937
896 3274 179 171 169 265 932 911 2412 176 5610 2468 1562 10944 810 10941 684 919 10942 553 1424 139 555 9651 103 7076 805 1909 10946 21 10945 683 7226 10943 806 122 3916 580 564 177 161
897 2500 6349 698 2355 137 1673 1064 101 873 4372 1298 10239 368 2897 2307 874 111 10675 759 870 867 3327 887 10951 456 10949 10948 1378 716 2900 135 10955 1926 3182 1672 1254 1938 10950 10953 1706
898 10958 2784 9657 490 2522 909 1055 3358 802 808 798 10394 446 3009 327 179 467 10956 1908 929 7123 2714 928 2317 494 1766 182 488 3388 10957 251 447 2283 2306 6778 38 1319 1202 8756 816
899 10968 5047 10964 6714 10976 10963 10965 10974 10983 8974 10969 5046 10981 10979 10971 5065 5052 5050 8975 6706 1179 10970 8971 694 6703 5054 10980 10973 5031 10967 10960 5033 10959 6702 8972 10978 10962 10961 10982 5029
900 7428 10986 1606 3969 273 10859 6458 3507 171 552 247 2362 2058 10995 10988 383 10994 10989 7969 7577 166 1821 148 442 10990 6146 159 4566 1349 172 1337 10992 4176 2590 10991 9296 10987 5954 1047 1879
901 15 2839 112 11006 641 11000 3845 11008 11005 7047 10686 280 3531 715 11007 1902 4452 5271 4788 10999 704 9009 880 11004 5774 918 11002 4499 11003 3519 2015 1668 1574 5052 16 10996 10997 2184 178 4785
902 11010 4433 251 140 855 468 16 629 278 1409 237 336 38 624 1415 249 280 1430 301 293 139 321 4030 408 266 11012 4541 651 497 416 11013 1537 110 11011 452 327 1401 1412 277 9318
903 922 16 277 251 488 263 1002 4 6462 664 1196 851 248 434 269 237 448 328 278 982 259 38 106 861 475 3223 1424 232 274 241 249 3809 855 492 244 327 677 265 234 298
904 158 448 2547 2725 11017 880 431 438 1430 757 362 450 2151 3955 793 1153 6135 11018 147 1824 1837 1823 760 1148 2503 486 447 1817 763 1633 1096 1065 2283 273 867 868 443 11016 179 994
905 488 46 237 1416 478 258 250 257 1196 416 243 206 3309 16 11019 1447 1078 274 3307 38 4322 855 982 475 1411 1866 8037 1868 495 2329 639 266 11020 7096 244 293 238 861 248 4857
906 572 11025 5943 1107 390 579 145 2015 11023 1049 931 247 144 7211 176 379 16 1886 1048 103 568 1514 4291 210 4857 368 1057 1693 2205 2214 6441 1349 2469 11024 152 9607 1111 1384 1698 148
907 37 11029 386 1024 383 3162 8333 10478 186 921 176 103 3321 1103 11028 3049 570 2 394 7697 19 4234 1890 1058 155 2533 3715 1672 554 379 8 2620 11027 11030 8850 153 14 9693 553 1049
908 8569 1197 1041 1102 8563 1600 183 133 101 798 112 512 146 559 483 4910 11033 152 680 1082 580 1343 683 103 11031 161 4435 11032 1815 179 1741 557 176 14 170 456 187 1139 327 11034
909 391 7369 11050 1148 11051 8124 11043 6008 11053 11036 362 2210 11046 11040 4071 11027 497 2750 698 4061 11048 11054 11042 166 11052 11039 11045 788 10179 11037 716 11057 11056 2963 11047 11058 11049 3643 174 2975
910 7 368 11065 325 11073 38 404 19 3234 187 106 11067 1024 11071 1049 1055 112 1689 5862 1100 297 11070 176 11068 8337 249 11074 11063 931 11061 11072 4279 11060 6271 8444 7469 5876 11062 858 247
911 11076 244 749 282 293 1416 6280 1413 1412 651 249 11075 206 277 1651 478 1407 416 418 38 629 248 737 493 411 237 494 982 448 744
912 11115 2229 560 11077 11096 11085 8486 11105 11098 2939 11087 11090 11112 11078 11082 11107 11111 11092 11102 11101 11086 11083 11088 11108 9783 4041 11084 575 11103 11097 11081 11080 11091 11113 11104 11110 11109 11089 11079 11114
913 1069 280 1880 1896 119 1890 5917 386 1875 2854 5500 2501 763 139 4255 175 2147 572 3507 11118 1575 3521 579 704 5370 1082 11116 2 1051 477 1882 3321 567 103 1013 568 1574 1140 10182 1169
914 282 11125 2026 255 238 2731 4659 359 11126 11122 8813 46 1820 2280 377 11131 11119 38 11124 2730 158 846 11127 237 11132 2018 293 338 11121 629 5287 11130 211 249 319 2043 2471 317 11123 11129
915 183 488 483 436 293 870 1069 2088 914 461 1124 14 139 629 182 1067 270 1946 103 3718 1938 11135 327 2501 1373 702 8338 6646 3717 101 1430 411 448 176 858 3815 3327 631 304 368
916 3676 8865 5 241 1430 4318 993 631 651 633 16 2087 10476 654 468 238 240 2912 3008 247 3555 629 253 11136 328 1770 251 650 1908 414 242 916 1407 3402 901 7025 183 11137 461 3598
917 861 3411 11141 201 237 7748 272 11138 245 106 21 271 298 277 248 1950 240 228 282 6111 1557 854 236 188 266 973 951 857 259 4326 1869 651 242 281 672 3224 124 485 4 859
918 116 11143 136 141 3223 909 1387 2381 3451 177 45 108 11144 26 178 498 301 0 11148 104 684 4737 106 7 461 851 854 3216 238 11150 9261 551 951 11145 2534 549 16 11146 964 4
919 11160 867 11153 2226 11170 11152 504 11155 146 5116 4522 11165 11167 11151 1879 11158 108 2467 3546 11166 807 9495 11161 11154 551 11163 11164 11169 11168 6086 11162 4173
920 2856 11174 7369 1880 1882 1907 11175 1574 11176 6270 2532 1583 11178 255 567 9526 497 10432 280 156 5952 1886 1581 1875 11173 2864 2645 11181 1588 11171 569 8123 11177 1873 9960 6076 225 220 11179 315
921 9986 2 1720 1735 851 2560 1719 1353 386 11185 219 120 11186 265 5462 11184 14 9334 1727 659 16 651 1384 195 18 244 103 179 180 1796 685 11183 1192 210 5859 278 152 250 11182 238
922 2392 11196 3465 3456 11194 11187 3459 4302 1419 305 668 3477 11195 3484 11192 2403 110 3476 11201 106 11190 2382 2404 1450 240 4301 2391 405 11189 2386 2405 11193 4294 2379 11198 11188 8206 11072 309 4279
923 6271 3267 7369 379 11210 11204 1192 4707 166 14 5003 11203 1041 5889 3533 6458 6574 108 11211 3894 56 2509 1879 1710 1663 6594 6855 5525 3327 3531 8115 391 145 182 11202 8123 8121 8108 6449 11205
924 1139 1334 178 1199 490 2068 3962 1042 996 328 353 916 1365 374 3762 327 179 901 3340 122 11212 3569 448 2773 3014 1257 443 3310 993 431 436 1026 454 130 158 998 2541 1837 6891 447
925 1855 24 129 1817 2876 2908 136 0 4872 8 5560 106 1202 963 1030 1027 142 26 17 4957 11213 7602 1858 969 825 949 6391 1848 2284 34 948 438 964 138 3584 3676 947 1959 1773 48
926 468 487 179 442 641 328 1144 4174 763 1133 4779 6295 420 158 247 1641 985 798 474 2369 1826 1551 1639 1631 5141 1147 2545 311 5012 11214 11215 327 984 416 1131 449 2894 1138 637 1199
927 1114 1163 122 183 1906 1147 2993 1946 5143 2774 2527 919 487 1050 4818 1341 855 798 490 155 1131 2773 1337 659 1915 2756 5 353 2507 362 448 925 6135 932 11173 375 182 158 1633 1049
928 4017
929 1412 987 416 408 1435 255 8049 405 495 477 14 636 4538 992 1634 276 1404 1409 1415 237
930 651 3492 556 5693 8236 11221 1735 11222 1342 5187 9942 11216 11219 11229 6292 259 11220 2362 11228 166 11227 11223 3566 6370 10711 11224 9341 1336 1688 552 1334 11217 2395 4150 3962 11230 145 11226 2214 14
931 2214 9109 383 3491 160 2773 176 5868 552 9160 171 6458 1184 659 3308 2590 6980 1384 571 3251 1593 572 11232 2344 2543 4174 6522 375 7075 144 1111 11231 3168 166 6456 3034 108 554 362 582
932 238 241 16 250 282 415 3307 298 591 110 243 277 1419 857 11233 301 140 1001 260 651 4 587 293 493 248 426 336 863 239 975 206 214 244 411 416 594 38 3404 267 916
933 9034 3821 11239 781 11234 320 716 768 2315 1824 135 8313 759 4374 9672 3537 9032 11238 11236 112 758 1082 762 2307 2311 788 7568 103 11237 2905 760 903 793 1167 2678 453 137 11240 4503 893
934 374 998 939 2213 490 568 487 3292 10989 14 2500 1196 3009 1718 147 444 3139 178 651 467 3381 1044 3251 659 1199 1184 6292 389 115 151 1194 11241 139 362 238 247 4677 4050 8116 1134
935 993 176 425 416 408 1816 1135 985 486 206 1133 282 1202 631 4956 637 490 657 2922 274 2894 901 179 420 353 630 249 242 932 411 654 1633 158 448 327 328 240 1142 1199 1474
936 169 315 386 5323 668 45 806 161 174 504 1386 6829 21 2073 858 103 112 932 1077 1372 512 461 1331 4658 1373 176 909 1054 151 152 108 665 1758 549 925 175 393 6932 656 177
937 2113 5647 6013 2756 11242 3732 420 4737 1609 5271 5010 158 414 992 1375 494 270 6725 38 1766 249 3950 251 282 685 901 10149 1196 176 106 104 405 629 1197 133 474 1310 14 11243 3176
938 241 736 259 2470 3009 654 3139 641 658 301 325 299 3301 106 854 1416 1668 436 237 5984 2734 255 16 920 416 629 3234 856 298 282 238 478 247 3133 249 834 2039 1466 651 169
939 11254 2774 1677 448 4717 493 11253 11246 1050 11248 3277 928 4220 11244 147 10150 4260 11249 5709 11245 3946 1055 486 327 238 242 798 7342 994 328 139 11252 701 1131 9204 3150 273 1199 11250 1106
940 3383 183 580 6065 557 1310 1202 678 112 1372 156 656 2202 9154 1600 564 1987 461 867 5564 816 2671 1913 1371 145 103 11259 1777 194 1197 683 933 176 1331 7076 906 11256 3310 7130 11258
941 4794 16 6482 851 1202 147 753 1237 1030 11262 2673 1508 38 1965 1359 790 247 2318 3154 467 11263 802 2902 2307 2905 10322 328 106 899 657 928 1474 1760 397 11260 2896 6176 805 909 922
942 206 406 250 106 188 651 280 4326 237 238 16 4442 228 551 200 2015 4 258 266 2039 324 3234 493 263 736 11265 1209 241 3401 276 6250 3224 255 271 3403 2031 373 269 3228 861
943 38 327 436 468 777 11269 10449 1202 11270 4227 10413 1668 246 3061 4923 11267 158 654 916 1067 880 448 249 909 7957 487 449 2594 2019 1663 328 490 11266 9204 11244 494 355 5141 1131 139
944 176 3809 103 152 145 526 1353 194 909 21 1040 551 11273 1961 1334 3606 3382 1073 805 2427 483 8938 11272 11274 668 947 1855 155 977 4379 948 379 112 799 549 1854 943 8 108 1041
945 11284 786 11281 1508 5318 10128 11287 11276 11275 11279 752 11292 732 11288 11293 792 1489 755 3616 1319 2097 11277 1365 3544 333 11291 10139 11278 1323 11283 1907 11290 11289 9553 11286 4135 4262 788 7821 11280
946 2775 2797 4168 11294 1387 7782 678 3594 680 2959 531 8970 2717 512 7780 11297 8447 6953 515 2794 6737 533 11299 7783 816 141 2835 7794 2834 11300 909 530 535 2806 8966 522 11296 11295 11298 685
947 651 1562 207 1956 241 435 1866 416 250 129 7537 425 214 4737 11303 3612 251 240 38 295 278 104 249 1768 909 1423 7047 244 4490 46 2469 1002 259 640 1415 992 16 1338 282 238
948 276 2730 992 245 249 251 861 241 266 6308 360 343 1416 1411 2031 798 656 317 237 855 255 327 350 406 1574 1415 630 263 495 179 140 11304 654 436 416 2846 2044 6309 275 328
949 3921 11305 5653 568 11318 11307 582 3881 8 7547 3707 6271 1034 11314 7 119 2226 1 3190 11309 368 8327 1082 2468 11313 465 3140 11310 10515 11316 11311 379 8507 4009 3321 3192 11312 3364 3200 5376
950 5941 570 176 46 11327 9259 9456 183 1343 685 380 799 559 9970 139 152 379 1040 5928 1374 678 8308 1376 11323 870 2965 11325 11326 665 10721 3510 11328 11321 1359 565 103 11324 657 8 483
951 2356 8463 11338 11329 1372 2112 668 11339 6648 7792 11298 6228 11340 2826 2280 2797 515 2829 2827 3908 685 4039 2834 2717 522 7783 1375 6737 11332 11336 530 533 11334 11331 2775 1600 925 11335 2767 6065
952 0 956 11345 136 8870 825 943 954 1846 949 955 2869 969 31 1860 8868 977 1858 11341 3056 11342 1773 7554 7050 6427 2870 1959 1848 142 8204 947 1013 11343 944 11346 945 1855 3364 1849 49
953 928 1415 425 1633 855 1826 1468 11347 5668 278 467 3021 38 1096 994 277 280 4322 9005 276 448 5709 3227 2522 450 327 497 6323 1150 414 5669 140 147 416 477 1404 6088 987 1336 1574
954 755 3949 450 2712 1145 5 4552 2300 362 353 442 3902 448 1816 3976 436 2728 670 873 4517 488 2967 1831 2721 2301 1138 1067 5313 2652 11348 2283 3027 5356 1148 158 2310 777 1298 1199 726
955 892 878 1139 327 867 1307 147 2891 685 4621 8879 907 122 928 1817 9993 176 169 1041 657 282 909 11349 1309 410 158 798 896 10661 5327 3650 355 1759 438 1365 11350 2769 932 11352 139
956 639 244 411 16 855 14 8046 277 11354 273 274 267 11356 3555 243 298 177 416 649 993 1917 140 653 240 1199 8689 249 11353 1415 275 448 636 11355 38 6015 241 104 651 278 490
957 704 914 2408 11369 580 4104 6970 8510 11365 461 11368 11361 2407 390 3343 2552 11358 5868 685 3356 11370 1465 5003 11372 6971 7078 11363 11362 11357 668 1841 5820 11373 11374 11360 1695 2218 11364 180 11371
958 629 249 1952 631 2016 2919 298 255 301 282 4321 474 494 414 408 737 740 448 237 248 244 238 2475 1004 636 987 4322 266 651 250 293 1418 263 241 11376 274 1416 16 38 4
959 2976 103 9280 11394 11386 11393 2352 11388 144 3491 172 1169 11381 1337 2750 11387 580 11391 9868 3976 11380 490 11382 11378 10178 996 11383 710 11384 9161 11389 3553 807 6520 2571 37 11392 572 10509 11379
960 568 10087 30 1922 175 806 1593 1052 665 121 152 1465 807 6533 2 1836 1144 811 808 668 183 8 379 103 11395 115 400 3134 139 145 375 386 1197 389 564 914 664 156 391 122
961 5873 4276 166 390 1889 579 103 5877 1048 11397 11398 11396 3545 2 11202 2218 5943 2339 1879 11401 11402 2015 1851 5260 6598 383 1896 3522 1049 11400 375 174 11399 1915 572 695 9069 3528 2353 368
962 1633 1372 4560 1050 372 1082 139 891 1148 443 5843 103 1938 5348 374 656 2720 5362 10100 175 10340 870 657 802 156 123 1302 177 991 7035 995 660 389 462 1061 1309 1906 4557 867 868
963 183 1694 11407 176 11404 1192 11409 1045 11411 368 7345 174 404 436 2538 3380 11413 5646 386 805 1335 659 56 11410 377 5 11412 3189 517 11408 5127 11405 653 7031 6510 177 5759 1159 1103 5463
964 336 241 483 238 418 280 278 276 110 11415 481 237 987 148 641 1416 16 178 274 4 273 251 14 2074 282 1415 269 38 5709 4541 992 1368 2067 249 636 248 414 7537 301 629
965 11419 3324 487 5890 10180 6284 1710 10436 11416 2773 1107 52 1465 2201 11418 11202 166 11402 10080 7208 4253 1355 5859 4543 1708 931 498 11420 1896 404 11421 653 11422 4018 1690 11423 1663 195 8392 10773
966 11429 5131 8367 3962 3744 3745 3286 448 2922 492 629 1822 6954 2014 1818 5164 2921 11430 282 449 11427 11424 2918 1817 1633 1820 2289 8364 4472 11433 8371 11425 4469 11428 321 2584 11434 5845 1772 11432
967 651 494 3009 596 740 405 6215 238 416 749 2029 249 654 14 282 237 251 2475 2028 301 270 2912 267 474 636 1620 1390 856 429 1407 1957 637 206 1388 411 309 110 1633 473 241
968 862 238 255 1197 210 241 493 249 739 138 478 1419 248 2475 651 206 3062 269 1951 350 1398 244 259 2014 909 4 311 1738 251 38 250 3017 11435 237 279 2329 301 309 749 293
969 3303 251 293 5466 277 1620 414 110 241 2012 635 1419 281 740 1413 4321 273 255 238 631 411 434 1411 6789 629 636 416 3062 237 6302 630 257 38 408 3287 995 11438 253 494 239
970 11443 3168 1061 1082 112 2501 11439 169 5323 2499 6514 3548 3256 1575 176 5687 1067 1372 11441 6735 11440 379 6023 829 11444 1593 137 555 330 5885 383 2468 4012 1895 5768 914 6038 368 716 1875
971 2797 515 5378 1779 11456 11454 11455 2959 2283 2827 7798 2829 3709 6965 11446 11449 2775 11453 8045 531 397 6647 11452 8450 11451 1081 133 6648 7326 169 11298 11448 11447 1965 6737 7795 2806 867 532 530
972 1890 559 1387 914 106 7798 11461 1741 790 11462 169 184 2352 7110 4104 10383 11464 517 235 1600 11465 5 2458 807 2565 9956 187 7075 11454 3353 3101 3594 7076 11463 11460 6 8540 10944 7578 7577
973 8429 3719 11467 2214 122 1049 178 11478 11475 930 11423 11472 549 11474 11473 144 11471 541 378 5960 1119 565 3557 568 3208 1055 11477 3560 7092 278 11470 174 166 368 11468 11476 1384 8233 159 10478
974 2400 328 1766 906 265 2279 3358 667 1331 932 909 8435 11481 1372 3705 45 682 816 112 8013 1061 5531 8950 656 674 183 141 1385 2869 1428 867 1328 2496 880 657 2718 660 3383 868 11480
975 468 278 298 327 2254 249 251 959 38 1074 353 11485 475 238 240 1347 106 7 2574 2435 11482 206 277 241 11483 260 1049 3415 247 456 11486 11484 255 11487 237 1570 1452 851 293 2246
976 5357 112 176 4517 199 391 11489 4563 156 362 726 9706 10749 11490 3357 851 2871 103 8361 8 4550 5120 3343 3369 1606 108 7037 4174 4560 4548 1474 379 38 374 1615 2012 255 4527 1034 4518
977 4550 787 4551 447 1365 147 3357 179 659 9709 9708 1611 3369 1139 355 333 11492 805 1199 169 1777 1606 183 8875 11493 1041 3243 158 4549 1474 425 755 564 4562 2667 3981 484 3550 10303 798
978 11497 237 1396 248 4 2012 651 11495 298 16 11500 2377 275 3137 4952 10630 6477 8045 1642 238 2399 492 258 406 5842 169 11501 249 4543 232 658 11496 38 11499 241 995 3110 259 1392 959
979 7035 1650 282 1633 177 249 478 11502 3308 178 2113 11505 483 176 5854 1145 2590 763 2535 11504 3563 438 447 995 10336 3551 5700 179 7503 637 436 1139 140 755 5348 3243 1148 362 451 2067
980 247 475 298 277 206 992 448 274 416 279 336 259 241 494 237 496 362 4 984 267 248 110 139 250 244 177 1409 249 282 242 243 251 38 278 851 260 16 328 651 922
981 838 291 658 3110 11507 251 411 2919 448 309 492 496 289 749 3113 293 16 1419 244 206 121 3242 265 3144 247 256 250 651 630 255 3748 240 1002 298 855 11506 274 38 5491 3009
982 535 567 1372 528 11514 161 155 11522 11513 11524 685 176 11520 3592 1387 563 11510 530 10927 11525 8480 11521 11515 1197 11084 11511 2229 667 11516 11519 9055 461 5378 11526 11512 668 1796 11509 7798 11518
983 6402 6475 685 3364 3140 932 11528 3010 1495 1730 0 44 142 207 549 129 8773 551 379 3555 1376 1855 2871 1073 26 11527 799 2794 823 387 136 176 666 1030 1795 16 108 1758 909 45
984 704 653 2457 4856 3145 435 2469 2 103 1359 1026 1446 3139 13 9495 1103 38 373 1384 122 951 1119 476 1442 178 1368 104 1922 3210 568 156 11529 131 1915 177 14 665 30 3554 2992
985 11084 304 560 488 4898 3108 11538 7743 11172 1908 936 216 2184 2856 280 9526 11540 11114 11531 6737 11532 2864 2113 4721 11542 633 220 334 11539 6093 2939 4724 198 11537 567 9953 563 9961 11530 11087
986 4864 2485 1202 2873 4748 3387 9452 11556 816 9455 11558 11557 11548 902 674 11553 11550 878 11545 6179 2718 4872 2715 1771 901 11549 11554 11546 3950 5235 1328 1070 4747 1319 2728 867 11547 1766 890 1372
987 121 11560 1257 3125 176 880 3368 1348 9378 5647 11559 1202 5940 448 170 11561 3238 487 3023 1593 4050 333 799 1633 9964 3976 454 5962 6135 5384 3886 1994 10394 1184 6378 9552 4173 1013 1826 2015
988 241 265 1866 176 3579 244 1199 997 1398 655 3557 737 238 106 255 4048 1194 1734 267 249 740 3288 327 1388 298 493 3110 237 633 5302 389 448 38 250 16 4455 636 1389 6157 125
989 11566 11575 11569 1476 11568 11574 11576 2754 420 183 6904 1067 1472 374 483 1057 177 174 139 1334 11573 950 5499 6794 11565 176 11567 11563 998 2074 1359 5133 639 156 3587 178 1477 11572 11571 1041
990 9803 154 166 11585 375 2031 11580 1932 1072 8718 11582 11587 11577 2537 5323 9195 1820 38 1349 3397 220 1060 396 4659 3401 2992 2015 4804 387 11578 324 176 2023 9805 2021 5116 237 2214 568 1866
991 846 1430 240 1466 10241 158 10150 14 3962 11577 133 1336 153 847 346 11590 1835 3379 293 176 282 6136 5309 326 131 11589 6879 179 486 1334 3308 3283 265 11588 1820 448 431 2364 328 3402
992 668 373 1359 37 382 1013 909 112 379 1922 3169 570 156 375 122 704 368 391 1049 14 1915 30 3162 139 1024 103 3583 7439 1357 3842 148 919 21 1349 174 1041 1048 119 5 489
993 2502 11601 1680 554 1383 11600 11595 2500 8110 11373 164 11602 572 11605 11596 368 6441 2535 11313 395 2222 582 4291 2499 710 1710 2213 6594 8116 394 11599 6047 3321 7929 7085 5885 6444 11026 11598 571
994 11614 161 141 629 7694 282 3034 5380 2202 270 630 6403 1195 9050 8694 1342 2393 2557 11609 3565 11606 256 678 176 1375 504 9039 11608 11612 11607 3564 11611 4316 11613 1056 1197 6290 11610 7978 4506
995 5133 5503 11619 1041 11617 11620 7367 157 11621 1774 11623 4158 4300 21 9687 1851 393 11616 3614 156 512 11618 382 174 2457 4803 177 6883 1478 562 3912 374 1349 2518 1335 811 4412 1372 685 11622
996 3302 2535 457 487 4557 1633 991 450 2546 353 5466 140 172 5843 1154 1199 996 995 6223 282 993 449 1831 4579 4552 1133 166 5854 3294 761 664 179 4569 2367 11624 666 846 388 431 362
997 668 5294 3354 465 806 1849 21 5289 4604 964 1178 136 1020 108 30 4817 10196 4696 1010 1257 1676 11625 1203 911 0 102 936 1248 3121 1495 4605 2566 1973 1156 1271 1254 103 3718 182 951
998 11642 11645 11646 11647 11656 5057 11634 11655 11658 11649 11631 11665 11627 11635 11638 11663 11630 11651 11654 11641 11657 11660 11648 11643 11650 11664 11669 11668 11633 2181 11670 11640 11639 11662 11644 11671 11653 4133 11661 11628
999 1946 376 11677 3573 880 321 924 11148 5693 2706 846 11676 129 240 122 11215 251 1430 159 440 4910 11673 11678 512 7567 11679 1096 2590 327 468 256 11675 11226 438 4657 259 5856 1042 448 328
1000 3234 2469 9197 4808 241 2023 260 2031 2473 1002 11577 9195 629 11680 249 1820 247 13 251 38 11681 9800 16 11682 2741 266 250 1342 325 238 324 1866 2039 2038 14 435 237 2048 4857 3403
1001 453 3596 8567 1297 768 784 2296 2675 11689 1673 11688 11687 8381 896 1987 3886 771 909 112 468 1299 880 668 2000 831 4073 1298 1370 11683 907 10152 4370 1057 1945 138 6803 1944 11686 1129 1064
1002 685 166 1103 11690 6474 174 10078 1073 115 11691 11694 1344 14 10428 103 131 665 1838 11697 943 461 5610 2074 799 7107 170 176 11693 512 1336 401 11696 4814 1600 169 177 9771 8128 368 120
1003 129 311 1950 8848 243 291 468 11700 862 7 238 237 594 46 1119 672 1866 1423 1419 1049 11698 308 6861 373 3139 293 1336 244 1065 1430 11495 3017 1334 16 127 639 647 6840 7031 11699
1004 182 1735 703 494 6 1184 1197 265 1745 6447 3046 11702 639 802 1017 3917 3047 42 11701 251 2214 21 7 3327 1192 1787 851 4904 3037 30 1013 1161 3377 911 3343 10084 11703 11705 3017 11704
1005 1676 489 7 375 7740 141 461 1753 1959 951 2834 129 4719 656 1963 3095 964 247 3218 176 103 483 9540 131 5 665 132 1197 666 8 1002 251 9376 11707 108 139 1082 178 122 21
1006 1070 5003 11721 1165 4418 792 2899 11709 11717 11363 11723 8541 103 11720 11718 2409 3047 182 11711 8547 11708 3327 807 11710 4184 11715 1926 7578 2306 1131 8510 1958 565 155 184 1671 2410 11716 11722 11713
1007 11728 368 11726 5064 11735 1708 11733 695 11731 714 2600 6698 2620 11724 1378 11732 566 2602 101 2606 1901 2597 1694 11736 108 2089 1067 3548 1962 176 11734 155 11729 553 10684 11725 10622 691 1156 3812
1008 1353 3845 8239 5199 38 33 1368 496 237 930 13 3842 4 672 640 1048 1196 1950 417 259 2214 267 1364 46 476 488 647 247 277 380 1952 116 2 1107 3137 238 475 1447 834 178
1009 647 24 255 1255 159 10190 134 4104 9486 308 9310 311 1667 665 1676 11739 140 30 187 15 102 115 4105 282 328 11740 1067 244 21 11738 1254 4610 122 7543 549 10028 1260 1026 10026 994
1010 1424 429 129 1049 190 951 207 6080 1374 1727 1032 4 3695 234 200 11743 551 8444 6415 405 2120 11742 38 1783 289 238 1813 12 11744 6648 950 106 241 244 2283 8314 1387 1563 2714 210
1011 414 38 244 106 1450 416 247 11746 305 1735 309 4970 3459 265 240 249 629 1419 481 425 495 11745 4 328 238 411 405 313 16 651 2374 14 3373 239 1407 253 243 250 1866 1645
1012 1817 1146 440 932 1096 450 1133 1202 1148 3676 486 453 3019 5 1135 777 3438 487 3901 1042 2875 753 169 438 1153 321 447 443 726 7342 1134 422 9392 1633 448 755 4463 10417 1136 425
1013 2606 11726 1695 5115 1915 1049 1897 2854 11753 1113 5119 1901 11757 1875 10119 2620 1580 11748 695 11766 11762 3514 11752 11747 11763 11765 11761 11756 6598 9213 3327 4581 11755 2601 1086 11758 11754 11751 9081 2744
1014 855 269 856 6080 3966 298 308 435 214 4320 274 328 596 355 651 16 25 282 737 267 238 275 11771 260 20 241 411 749 234 473 861 244 251 248 259 237 739 255 11770 242
1015 868 870 11774 1061 447 2316 6851 2283 1134 3757 662 893 753 2783 3595 793 5386 903 10366 2901 680 790 453 11772 11775 5778 657 895 4686 422 5236 1372 327 759 5298 1309 1219 2590 894 887
1016 985 3953 2363 5258 6458 2894 4309 726 2129 10764 770 1051 10839 2549 2179 637 1140 11776 988 5671 11779 6301 3951 1134 7499 772 2780 1502 1141 633 2547 448 11777 1138 632 1133 2652 2545 2141 14
1017 792 2087 2706 3761 111 2535 11785 2507 453 7577 462 4916 6458 6258 2503 166 2109 6444 4911 1821 929 2544 3491 490 582 169 702 10716 11782 182 4050 103 7030 1378 11783 11781 101 457 2521 2500
1018 8255 188 11788 7744 6250 250 38 248 1017 473 276 432 7753 228 281 7743 10572 10175 3224 1557 855 11786 244 238 11790 861 1468 11791 3227 10559 241 4442 11789 4326 418 263 266 1505 434 298
1019 11792 249 639 179 4545 932 315 251 139 14 178 1359 461 629 269 327 2992 148 156 431 483 182 1368 176 298 368 484 486 994 448 454 374 421 169 328 449 2074 386 175 293
1020 11795 11793 0 11794
1021 10506 280 244 10554 11800 10561 11799 11117 10562 10575 10563 1784 10572 10555 10559 432 11661 209 10175 11670 9518 10556 3227 10568 11668 7743 11796 196 10569 222 3228 6088 1804 9519 11801 11798 7753 4442 218 2179
1022 762 2628 410 4631 448 178 139 11803 169 4017 450 2503 10054 1906 1041 726 182 11804 2879 4818 467 2649 1839 439 122 705 175 187 30 2753 2501 103 715 21 4013 3634 706 327 3958 2085
1023 133 11815 11806 11809 677 11822 449 7503 2372 478 2791 5948 2574 151 11823 11813 11805 11817 3279 11818 11811 2275 247 633 293 1429 641 11807 4656 2992 2547 2276 11812 1703 179 11820 169 11816 1415 11808
1024 106 298 485 861 922 435 255 374 258 1869 3198 237 4617 260 281 4326 2015 475 4 242 280 859 651 854 834 16 251 736 2031 241 244 269 238 2475 245 228 206 405 263 415
1025 11829 6845 11831 631 11867 1179 11840 11849 11848 11850 11845 8323 11826 11863 11837 11866 11865 11832 11843 11841 11828 11854 11833 11856 11847 328 11827 11868 11851 11853 11857 11855 11835 11846 11824 11842 11839 11858 11836 11862
1026 11871 2435 408 649 5674 238 11870 8300 654 4322 282 637 267 4772 11874 630 448 726 740 293 481 498 270 992 629 11869 633 631 263 993 411 11873 1336 987 249 477 416 478 11872 636
1027 8116 2204 5260 2231 362 8109 7075 11884 166 11887 11886 11876 11888 11894 2216 11883 9788 11885 2499 11891 11895 11879 11880 1195 11882 11889 11893 171 6594 390 2468 11877 11892 11878 10382 11896 8118 2352 10383 11890
1028 922 2015 274 478 416 241 984 629 248 492 237 238 259 249 425 3137 1957 1065 651 468 244 1199 639 38 16 982 480 293 253 1049 494 298 448 636 242 260 3139 880 737 473
1029 6765 6762 11904 4605 2613 3336 3426 11899 828 812 4609 3154 11905 9742 1975 1259 5389 1849 10579 1662 4815 11903 11902 4602 1661 1674 2596 1254 11900 4601 465 4604 11901 3199 1156 6764 108 1010 1253 6763
1030 450 11914 179 5842 169 873 11908 454 448 11911 11916 659 805 3736 1298 996 11921 11915 439 3152 1197 11920 11910 158 657 11918 362 11912 564 11906 11917 4005 206 486 11919 755 1365 2280 11909 774
1031 1002 1551 643 293 496 178 2372 2079 282 7358 247 240 139 436 632 1952 486 38 484 5498 416 3309 5705 846 5647 2772 251 237 238 448 242 4042 241 1334 353 1415 256 630 1570 411
1032 19 11924 11928 6226 159 1034 1762 373 38 672 1423 2143 11923 11925 1069 448 1384 647 139 5375 11926 7486 21 1026 131 400 328 14 187 10646 436 1041 178 380 379 122 11927 1335 30 103
1033 237 744 255 631 4079 11931 11933 408 596 411 1407 244 269 414 11937 11934 11930 11936 267 1413 734 8052 273 240 38 11932 742 629 651 11436 473 405 406 282 270 1004 11929 11938 238 241
1034 916 3572 629 243 249 206 488 255 242 4 992 38 251 414 244 1410 478 2912 448 106 630 260 16 282 14 851 651 240 267 273 247 3676 639 293 265 993 997 298 380 422
1035 2280 1642 182 156 244 30 1049 549 195 1041 368 568 247 5 175 1465 1873 8244 1357 851 382 139 11939 161 374 4826 668 651 103 397 176 170 38 174 4362 798 122 3563 2527 389
1036 103 3379 11949 30 11943 139 249 2714 1480 3676 3285 1983 916 7743 421 11950 448 431 11948 14 1056 259 11946 3402 6290 3688 140 1735 282 183 4222 11947 1593 11942 11941 132 270 11945 460 8692
1037 1831 38 414 749 2475 492 639 987 4079 5854 244 247 475 249 289 259 411 169 995 629 274 245 851 448 248 982 1199 474 251 106 651 237 4 596 420 255 293 11951 242 238
1038 640 242 4854 237 293 629 641 238 10806 5 485 2469 2015 4856 654 301 249 272 474 411 1464 414 2470 568 726 416 3232 854 273 476 10248 3314 38 930 282 4 380 1009 987 1442
1039 234 206 1562 248 298 918 3841 2328 1358 916 485 475 237 734 214 11953 4786 1996 3690 244 190 241 2714 2998 651 11954 309 255 11955 1466 238 672 7515 413 8848 4952 16 132 2327 4
1040 164 11599 11961 3315 11956 1094 11958 9260 155 10290 175 683 11962 1055 2560 4241 1385 3926 549 368 7896 122 7578 8510 103 333 11957 182 101 815 1753 112 176 4882 456 6826 5797 11960 3327 1085
1041 415 409 325 38 405 11966 741 298 651 11975 293 11963 596 237 11964 122 282 250 11953 11968 16 241 11967 2031 248 327 737 922 11971 242 11965 7246 110 3455 11972 408 6216 11974 11969 324
1042 1374 6268 8820 1195 2557 1708 11979 2467 103 2345 6848 11161 504 155 2354 390 3519 6510 11986 4276 5908 11157 653 8237 565 11977 384 1896 807 11980 11985 549 11978 11983 1878 148 512 3545 2359 1107
1043 488 11989 275 1563 7047 38 649 6840 406 855 4656 11988 282 429 405 315 357 11990 3230 2113 3444 206 238 2742 1967 414 2003 304 10648 3285 10904 3240 11991 278 412 3451 2912 240 253 249
1044 2804 2834 161 11481 12010 9540 2797 12014 12012 2775 12005 2827 12008 2802 2806 6737 12016 12007 11336 2788 7783 11993 533 12002 11995 12004 12015 11996 12000 11992 8970 12013 12011 11298 2767 11998 678 12006 11994 12001
1045 1192 1419 740 241 635 270 406 38 240 1418 291 478 631 5466 1652 6136 251 744 992 274 1620 408 4970 1004 856 1640 997 249 2329 293 629 1407 237 421 448 1634 247 993 411 282
1046 761 16 405 139 328 880 468 278 5303 1633 425 12022 1049 419 449 12021 12018 249 12019 8355 311 256 448 12023 1915 3443 1069 855 30 10358 3288 136 12017 172 238 12020 386 2773 6794 1337
1047 6863 1055 1929 12025 12033 12032 4595 12031 1673 5 453 1817 1370 907 903 12024 12029 893 5660 887 1938 12034 12035 765 701 6804 1298 676 1072 906 358 176 12030 147 6969 137 12028 759 12027 12026
1048 1259 42 880 1678 2007 9167 6749 35 21 954 178 108 465 3205 8 1317 1760 12036 12038 667 913 963 833 1668 3414 3508 944 103 12040 1372 3174 179 3190 5876 674 2869 12037 2406 1024 3212
1049 1034 174 379 8 12044 823 12048 1689 799 3703 21 827 12045 7278 1917 391 122 8761 12041 549 1670 12043 1070 12042 26 12047 9262 816 1072 1372 121 1424 386 5797 0 108 4945 176 2873 6509
1050 3458 293 12056 3115 2404 2374 238 3463 2373 12057 3064 1657 631 240 10725 305 12049 478 2386 12054 2376 840 4969 2008 4279 4970 12053 411 3468 2405 5484 12055 854 680 12052 4769 12050 1450 1655 3484
1051 14 3745 4164 12070 12066 12069 760 1430 12063 483 461 11428 7429 1772 1818 460 12064 12071 3014 4469 3064 449 1815 4150 12068 1822 8801 2289 2581 12062 3962 6954 12065 1830 12060 12067 8895 321 3744 5693
1052 103 12091 12089 4018 8327 710 10925 3701 12079 12093 12077 12082 9768 346 12084 12078 4802 10719 12081 12075 12085 12074 368 4791 161 4790 12086 8335 4012 565 12083 12087 8 6879 12073 3200 12090 549 12076 12080
1053 919 685 629 9259 5610 1480 8 461 6850 122 1621 7226 176 659 12095 178 184 9459 4234 549 156 3377 177 4276 425 3006 2557 2561 12098 1776 139 179 1374 1666 161 3140 120 580 3912 12096
1054 12099 1763 6735 10983 12108 542 1668 5876 12103 12118 12111 12106 1863 3909 694 12102 124 12101 8758 12107 42 4664 6871 913 858 12105 4725 12112 11689 5782 3906 12116 100 12114 1976 5064 12113 12110 1756 6714
1055 1068 12133 2481 10121 568 12125 1896 12128 1886 7369 2854 1892 1357 1889 12121 3523 12131 12129 392 1684 3530 12134 12122 12126 1875 3190 2344 3507 555 2231 390 11885 3245 5 12132 3528 12119 1115 171 12130
1056 12145 12135 3244 462 14 1694 571 6864 37 3324 139 436 970 12139 6874 1821 12146 12137 103 2706 12144 1676 12140 111 12136 10613 2532 21 1265 175 324 178 357 5524 12141 12142 5687 12138 12143 721
1057 1667 443 1818 7342 12152 147 3438 436 12147 1815 1837 2143 10527 758 7923 755 440 1674 2146 467 9869 1677 449 2891 2875 438 12151 447 8365 455 469 1132 2317 9396 12149 1822 3150 328 1817 487
1058 453 2873 1139 2590 12156 763 9951 10417 2546 2894 11173 726 5392 12157 12154 1994 4309 486 12155 687 1133 6144 457 450 3937 751 12153 454 448 797 8111 1633 3901 327 1946 765 3947 3902 2806 5737
1059 456 2906 6531 4730 2316 14 101 12159 3438 112 5976 4218 2590 9657 12160 1339 1082 12161 784 1069 4667 867 1146 657 4222 755 790 915 137 868 870 1083 3436 802 893 453 637 763 12163 897
1060 1138 3139 158 1633 991 1731 7503 2918 1829 12168 5842 777 12170 321 12167 6479 1816 5843 450 10287 12166 996 2783 1133 1154 12169 6457 362 490 2773 1145 169 3302 12165 5845 2503 3243 5017 449 995
1061 10149 12180 12195 293 4797 12182 1049 340 1828 2580 12174 10347 12190 2030 12186 10148 1389 12188 416 448 12192 347 2037 12175 12187 12189 346 326 12184 12177 12171 38 12178 12181 249 12176 12185 9408 2019 12191
1062 102 1855 1676 3848 33 8603 12198 1005 1012 963 7031 909 14 895 9561 2834 12197 1073 461 8 549 122 1340 1024 1049 136 2869 12196 10 103 112 108 1023 969 0 21 3584 24 30 948
1063 10802 3415 476 247 374 1016 11062 12203 1049 577 4096 12202 3849 12201 3140 12210 21 12204 7803 241 4856 1050 8231 8417 245 7554 11070 42 1012 5876 12209 122 3125 12200 2246 11202 12199 1013 930 12207
1064 12211 943 1676 34 1474 21 1067 12216 633 178 1341 461 3964 1480 685 998 139 483 1030 9258 684 108 564 1041 169 103 179 12212 6615 7076 12215 176 3212 2376 122 1334 177 304 901 512
1065 3624 12241 12221 12231 12227 12243 12219 4785 12225 12238 12220 3540 4774 7630 7657 12228 12229 7631 12236 12242 12224 12234 12232 169 2607 12230 12240 12244 1050 12233 2746 2090 4777 1369 2110 12226 12239 3966 12218 21
1066 12255 12247 215 12262 12249 6706 7266 554 12260 12264 1694 1041 12252 556 3680 911 6855 805 12257 12263 12259 12250 12248 695 12266 694 374 12261 12267 12253 2566 10700 12251 12269 7866 998 12256 1481 729 12268
1067 1349 993 177 353 2590 2748 3279 38 156 375 247 12274 496 12272 2058 639 1199 630 3145 659 3546 1192 1593 3310 374 640 370 998 249 315 1060 1517 387 1476 1920 4497 930 846 2992 3139
1068 448 4545 798 2998 6191 3009 1985 2332 7515 12278 139 238 106 734 200 651 591 255 206 2327 1435 12283 7326 243 4448 4 12277 12276 248 237 12280 12282 8064 12281 16 244 739 12279 38 4952
1069 905 16 959 677 676 468 4120 12289 125 1999 461 12285 1298 328 249 21 12284 870 1976 456 851 12290 112 1060 277 4107 2910 1979 4119 662 896 238 8336 1065 12288 880 12287 11247 867 5799
1070 2468 3190 549 461 1844 10 5797 21 3321 810 5915 2424 704 2 103 562 553 1790 2076 5212 1107 182 827 391 1975 665 3189 580 2461 2073 148 1896 5877 8 2015 390 25 375 3141 695
1071 6820 2712 656 1202 682 1317 12296 4743 1474 5235 12298 12295 2300 2713 902 2792 901 4872 674 790 1328 4534 3965 2716 1766 9083 868 12297 2721 1325 2728 5560 788 3384 12293 2771 657 4741 2280 867
1072 5384 756 1148 12300 788 1829 1369 139 1633 12299 790 755 762 770 760 2316 1202 777 928 1502 873 327 362 147 637 179 453 158 1365 5385 887 994 753 781 763 757 450 336 4498 1133
1073 11432 12062 7617 2581 8371 1815 321 12307 3955 3029 3962 8367 4472 8034 8366 1818 12306 8801 11425 12313 9865 3745 3064 1822 12303 11215 7909 12305 10705 3744 12309 1830 12311 9021 11424 12302 1430 12308 4467 2590
1074 12319 1866 12314 3303 2388 429 5303 282 139 1730 6551 315 901 246 483 12316 4557 1476 1041 240 298 1365 238 494 411 374 416 997 249 2533 629 265 241 405 5463 12315 6226 1729 1472 425
1075 414 496 416 240 1470 246 480 448 257 12322 1739 7537 38 244 1194 7826 1336 241 2012 411 1409 3375 483 488 1416 46 389 237 4543 6215 177 12323 633 12321 7819 651 380 14 12320 249
1076 434 177 12326 2840 919 477 16 909 12328 851 2116 278 7047 279 1368 7838 1041 496 12325 2157 10555 3546 276 9521 6589 277 244 38 259 2069 6093 3226 12327 6081 418 427 12324 1361 1574 106
1077 12329 3200 1036 3169 6598 3140 3701 3884 11888 3347 11721 1209 3197 3710 9747 912 1166 7813 3190 2076 9946 581 12332 806 5632 1896 2468 6510 366 1962 12330 11027 809 3583 3196 8335 12333 704 2339 5943
1078 1360 387 695 5770 103 5687 5913 12337 5254 2645 12338 1378 12133 8423 560 111 11513 931 1082 8108 566 1069 182 404 12339 716 1359 6444 1049 108 2501 691 1679 914 582 368 215 462 2111 1128
1079 353 1133 5348 4780 450 12340 3534 4560 1134 2894 793 2323 4568 760 1502 1516 451 4552 436 1150 486 2012 2967 763 362 994 4005 1230 444 487 866 333 4550 991 3556 1816 1639 4551 1149 2783
1080 12342 1950 12344 482 930 3313 179 12341 1435 3841 16 4 837 851 496 251 238 416 280 104 7 475 834 4942 241 3220 237 255 1424 259 1197 12343 6213 38 244 435 651 116 2791 270
1081 12345 12350 12348 247 103 2086 13 1866 12346 834 4450 373 2062 177 7456 2469 2471 12349 639 3415 3695 30 1570 339 2074 844 14 238 244 2992 46 16 12347 1903 4 7804 7 7363 848 1593
1082 272 237 206 3229 240 260 234 241 5471 854 380 239 485 247 238 46 4040 298 851 249 259 3492 498 5484 8239 629 4 641 481 2469 243 849 244 38 35 16 837 251 11147 651
1083 1049 3049 10867 3875 12359 2217 384 12354 12358 811 3382 12355 1672 504 12353 8195 565 2226 12362 3371 9928 1376 112 665 1195 12357 568 6510 12356 6268 12363 2338 685 2213 558 579 5260 176 5 1864
1084 3415 482 1357 4856 382 1368 1049 640 178 13 3139 2015 1048 647 3047 1915 1359 238 156 373 241 6135 4450 1570 38 249 12365 244 982 8239 2469 6305 133 7031 6752 3065 4 843 1057 480
1085 1411 416 206 851 982 274 992 408 179 475 1000 244 238 1196 997 251 237 4857 636 737 493 2028 241 4453 481 259 744 250 263 651 984 2734 248 494 4 301 298 2919 38 485
1086 7034 704 391 7439 5 180 1052 1041 3521 5651 148 382 174 19 3855 2468 8619 390 8330 2509 1368 33 2644 5776 159 1918 375 3583 8618 7031 639 12366 103 3546 3554 12368 1107 7880 3842 12367
1087 282 1356 12369 1647 1317 5 4222 2283 21 178 10742 2381 935 2834 176 4786 169 580 1353 115 19 807 1799 12372 339 1373 656 1841 551 2723 2289 251 12370 1773 1102 289 315 255 12371 16
1088 461 560 9451 657 564 30 14 154 3220 2284 108 1836 656 483 374 112 1372 685 1735 7076 183 1070 176 10100 1202 403 175 3709 804 932 0 1773 807 115 808 9626 2283 1060 3964 8964
1089 10414 11255 12379 12378 456 1910 12374 12380 12377 7145 1777 12386 7987 7951 4532 3941 439 1328 12376 12375 12385 1916 1365 12384 3148 1005 12381 3147 12389 12391 147 9544 7821 12393 1907 1611 176 1912 12383 12387
1090 12399 12400 1668 12397 12394 18 806 1903 103 6855 12395 11689 4658 1875 5 10780 858 8472 4495 12396 2415 1067 2602 13 4659 8901 56 1671 12398 16 1060 187 4656 846 911 6600 2535 373 1049 2596
1091 12416 10182 9690 2467 3528 12405 11442 3521 12407 11367 12403 8325 11364 366 2839 11027 10913 12404 12421 8353 103 1876 3170 12414 2076 7182 12417 11884 1574 12415 12419 12413 11396 12420 1594 12408 12409 12412 12402 1588
1092 5497 802 12423 2143 654 1836 460 328 916 403 12422 108 3763 808 2584 448 1906 147 658 1917 932 804 655 2725 8962 3555 564 8877 492 657 1365 5158 4876 12425 1067 1375 179 12424 362 439
1093 629 282 1419 631 241 4 38 861 4046 1418 1866 411 242 1375 473 3410 12428 636 4320 8915 1517 987 275 238 406 733 248 293 3303 1659 654 269 3307 274 1551 237 10208 240 1644 1407
1094 237 255 176 411 478 238 325 2469 2029 636 2039 435 3234 2026 1957 984 414 247 158 156 240 282 274 473 38 2028 629 273 1359 336 482 2015 498 251 476 277 249 2074 851 241
1095 683 1081 176 2947 1110 6737 151 2552 549 12429 11977 909 10930 2567 10674 678 12432 1476 1376 4276 2361 12431 8454 112 3593 3185 12435 1864 12434 12430 103 12433 2557 565 1374 504 2560 141 2564 11339
1096 685 1735 169 14 659 483 12444 12443 12216 661 668 12442 330 662 21 684 37 161 178 799 8600 805 1105 108 0 12213 379 2485 549 1040 1758 12441 177 461 152 1041 1372 12439 106 12438
1097 948 950 1647 665 553 969 8 12447 1773 26 4237 0 2457 1030 49 2481 3140 7 461 182 19 12446 6427 1103 551 943 3199 12445 159 951 562 4096 1959 136 853 577 178 379 391 142
1098 517 1074 1195 8353 171 7199 10697 12448 9954 198 1583 4550 9956 1878 1901 9693 1588 5057 12453 3084 2083 7228 695 5138 566 176 12452 2602 805 1880 3511 3594 1606 12450 3068 2225 1581 3082 280 2073
1099 12463 11160 12459 12462 12457 2076 12456 12458 12461 12455 12460
1100 3590 183 12468 112 12482 12470 3383 1155 1600 2718 12477 907 12479 12466 12471 788 504 656 12475 12480 12473 3212 1317 12483 909 12472 1372 5408 12481 9154 12469 1945 2007 12485 1328 676 2280 816 12474 2202
1101 8046 12489 680 662 12498 2492 12500 3595 2494 1061 12499 12493 12492 12502 147 2728 1124 12501 1385 6732 895 3709 12496 12491 913 106 8045 1428 10278 3394 12488 1930 870 12494 12503 12490 12504 12487 12495 867
1102 8600 12506 34 0 12507 1862 2870 549 4379 12514 853 6475 12511 48 2427 822 1024 943 136 47 1376 1961 12510 40 968 3140 1374 2489 6425 12505 2483 6417 3737 964 10 132 6469 7054 944 21
1103 2483 483 1027 1373 34 949 2489 946 6052 8 26 136 549 47 121 12515 3737 969 461 176 948 943 16 1073 1773 4101 682 119 2280 108 106 104 3190 142 8600 964 21 951 963 4737
1104 3364 12525 45 3189 9125 10478 4096 3583 2763 1034 12531 12529 12530 370 12527 21 947 3321 5505 12532 5124 12522 12524 1971 935 1856 12520 10959 12519 12526 8871 12523 3343 12518 12521 3707 1465 3190 12516 12517
1105 3969 462 386 155 14 659 171 121 112 3340 169 1041 914 2283 5 10117 148 7 131 381 182 160 2361 932 178 564 166 12533 1357 2344 3569 375 8427 10384 846 116 5516 176 37 5912
1106 12535 1018 12542 12537 12554 1026 12551 1010 476 1254 12545 12547 12563 12564 12550 12536 12565 12560 12558 1248 12546 12539 12540 7478 12552 12553 12559 12557 1257 3805 12561 12541 12543 5192 102 139 667 21 187 12562
1107 2902 12569 5842 2875 328 6506 12567 928 1488 781 676 1319 6816 882 1082 320 12155 2284 1994 12571 5237 2317 449 782 660 758 8516 994 3149 12566 12568 1817 486 1633 446 657 11018 656 1815 3026
1108 2381 12576 1866 14 12573 196 11625 416 376 844 8582 3401 3579 633 249 106 647 265 4379 115 2535 1196 3039 651 2992 309 2471 5507 2370 12572 5957 12577 1472 206 46 912 12575 1735 380 1359
1109 994 2590 2652 443 6135 993 487 1146 436 139 1133 438 1042 1633 448 1148 1199 637 362 1132 1821 444 12578 6451 379 996 2527 9624 1131 2507 11214 486 4050 8520 6455 4043 1337 158 179 3491
1110 12583 1866 5948 10858 12588 1342 846 1348 8331 12586 12589 12582 4537 8920 311 7929 9109 10863 3065 1903 4381 12587 7718 6840 12584 554 2206 8366 5118 12580 2471 10868 2076 934 3168 5141 11560 1423 568 11328
1111 255 2992 1336 251 156 912 483 1013 267 3569 1334 14 5508 121 12590 1466 178 461 4225 8329 7028 170 1866 238 3579 131 2471 148 1430 129 265 139 133 249 7 179 16 19 8236 136
1112 46 33 1368 108 1384 29 1886 3415 483 122 375 19 704 834 959 366 386 177 13 496 851 148 651 4225 1517 382 387 4857 951 2015 14 2214 1866 1041 16 106 8772 849 116 5653
1113 7814 12598 12594 4011 12601 9426 12604 3972 12593 9444 12595 12617 12619 996 12607 12620 12609 12591 11885 12622 12623 12592 11892 12615 8127 12600 12614 12602 1145 12596 12621 9439 3975 10992 12610 362 12605 12597 12612 12618
1114 38 415 206 1032 16 299 4737 248 245 422 238 901 240 424 3564 244 129 429 745 8845 409 3373 4045 282 3579 272 1954 747 1953 412 1419 405 12625 298 228 251 417 854 277 733
1115 678 11340 6427 10615 4158 4857 1057 1807 148 7346 7353 12627 551 530 6737 42 177 1074 489 5508 15 176 955 106 549 851 2557 1715 533 8 5377 112 21 7977 7932 515 685 7226 18 942
1116 11455 2788 1375 11298 12630 2834 6647 816 7795 11331 2802 2804 12629 2827 1600 11453 7798 925 11330 11336 2775 1386 2797 6737 533 2829 12628 5378 7786 6648 530 1372 531 12631 5891 12632 2767 6228 8450 678
1117 11688 1202 14 461 2 35 187 6445 911 102 825 147 125 1676 30 6210 21 12636 391 12637 1102 122 15 129 880 12638 1057 1012 139 909 472 18 12635 468 108 3 1 3579 799 12634
1118 2919 214 1392 651 248 1562 1049 12645 851 244 3297 416 2435 16 6191 238 1074 328 12644 38 3303 241 12642 1979 12643 4543 265 3242 3416 12647 12640 12646 327 602 4 249 3747 259 12641 3110
1119 657 870 183 10359 792 5877 829 909 6652 176 1061 103 1372 1378 4059 2750 553 1082 2410 1371 2284 2645 101 175 3491 694 1182 564 357 6516 3622 391 12648 182 56 716 1331 932 5770 179
1120 922 12659 16 10278 484 479 255 249 12656 3802 9449 3226 959 12651 1461 12652 964 21 1634 1393 12650 7671 206 106 244 12654 2116 237 12649 9511 110 12653 38 555 12657 12658 4942 591 12660 328
1121 12685 12665 4664 12678 12686 12664 12689 12688 12677 10637 12682 12670 12667 3375 12668 12673 12691 5902 6449 12695 12680 12663 12589 12694 12687 12672 168 1725 1672 12675 12666 12671 12690 12676 5887 12674 12684 1753 4168 12683
1122 12110 11743 665 1763 106 662 1061 683 12696 5206 4787 12 867 21 1385 1241 6855 909 4882 9340 183 112 1202 684 674 656 2312 3909 4362 685 1197 1049 5230 816 1081 10686 1373 2834 16 1331
1123 4412 1103 1040 12706 21 4710 823 368 12704 12708 12700 3354 1676 1849 12701 1495 814 122 108 391 1010 1670 5639 5629 103 0 9125 400 549 12698 12707 1034 12702 3190 12699 8871 5627 12703 806 12705
1124 4720 1368 1950 336 12714 237 1692 3404 277 482 1354 1424 3936 4885 12709 12712 651 272 259 3132 7489 12713 951 3612 834 16 238 12710 1060 485 38 739 736 733 13 6948 2469 248 10576 8746
1125 494 35 6398 1855 7678 1986 2 12721 136 106 241 954 4453 922 951 1976 12720 1532 12722 12715 2469 12718 237 12717 104 3783 38 3277 3414 1999 452 250 640 7346 7948 1338 436 4 1735 9287
1126 121 12731 6961 1073 12728 2406 12733 12724 553 1735 12108 12730 12729 182 6799 12725 1349 928 490 3909 12727 21 339 1670 3056 1681 247 4961 10949 12723 657 112 549 665 327 14 6965 6778 179 12732
1127 6308 425 1132 802 414 422 12735 798 755 2416 704 928 147 1369 759 12736 159 873 467 12737 916 804 1082 1368 1055 1360 1069 4861 8020 440 564 12738 366 2303 1409 6778 10465 12734 497 4154
1128 2954 1107 12744 522 182 259 12742 1359 11261 1472 176 554 375 1048 1915 16 278 639 38 12444 2214 247 12167 108 244 1105 157 2640 2992 12746 1908 237 145 565 12747 855 12740 12739 122 704
1129 152 12749 199 807 9219 187 8480 8300 12750 7211 112 5118 1013 176 568 370 12748 368 4940 8466 9224 103 37 1349 386 4938 659 523 1372 387 146 12753 1890 1474 12751 161 685 3220 1600 375
1130 177 153 108 101 559 1604 932 112 912 103 1730 816 12754 12756 137 2532 914 580 1480 7076 483 2728 152 2640 14 2788 4435 2 9981 1718 374 1374 6593 120 1372 30 115 389 12755 169
1131 5887 382 12762 9071 1465 165 10723 3274 5770 5908 1378 2457 7078 1663 504 1700 8876 156 5138 176 12758 368 961 146 810 582 1383 12759 7079 366 3189 6444 12761 391 103 148 12760 112 2761 7090
1132 833 906 1471 103 1677 901 1663 732 12763 869 1773 153 8547 2306 3694 11022 130 685 12765 2279 1069 928 112 793 123 1202 831 1331 676 1044 151 147 1082 3383 10949 169 1317 7713 659 8006
1133 8962 1067 7233 183 374 362 1192 10956 808 1889 9090 1488 12767 802 932 804 8387 3964 2565 2289 467 790 12768 403 665 564 927 3548 915 1836 103 4003 1096 1760 5852 1365 333 108 868 7127
1134 1853 549 12783 152 8 12773 108 6075 6033 1041 247 25 10316 12096 10723 176 1310 391 570 799 12770 12776 12781 12774 12780 12775 2457 665 156 10221 811 8326 12778 104 1197 11560 425 489 49 12771
1135 7566 2527 1146 6454 12784 12787 993 353 443 12786 4050 177 7451 490 6370 448 1154 442 2748 1817 4010 5974 436 431 1056 1199 457 5917 1478 3585 454 4043 3019 5729 8520 438 12785 1150 3283 1132
1136 3649 12792 12796 1424 2008 2011 6799 909 339 12789 5 241 476 6424 11742 12791 12797 5907 2383 8496 100 2469 4 12795 6418 110 677 244 9919 1983 12788 12794 9044 3198 3508 8491 3808 12790 4089 2007
1137 267 651 301 1338 636 298 38 12799 336 206 241 244 448 106 254 237 251 631 425 269 12798 278 259 238 1541 4656 855 416 16 280 411 1645 2469 240 274 277 987 740 3307 249
1138 212 2473 12803 3401 12801 12802 243 251 260 291 210 4379 46 18 1868 2157 282 2923 448 633 3231 3017 241 224 1999 851 11799 240 3613 525 1738 5507 1336 3047 6603 190 651 206 200 12800
1139 3223 1070 1387 112 2159 12808 528 12810 557 12804 12807 0 711 3199 1844 580 12806 12809 2299 194 106 11643 1328 1156 1034 171 11481 1317 146 161 5872 1331 8938 37 8306 12805 828 21 176 2430
1140 1199 629 4 255 2012 997 414 14 241 7411 278 38 493 3288 411 232 274 630 995 992 596 637 416 492 4454 298 2475 110 448 851 249 5311 238 282 178 749 247 267 2919 291
1141 320 187 12812 123 9026 103 6650 759 2645 3757 7161 4375 1906 11844 2236 12816 12815 10232 657 8080 2237 12817 12824 2532 111 135 12822 12813 695 12821 12823 3327 12820 6637 2245 12826 12814 2235 368 10773
1142 1359 178 1196 2214 380 373 4543 38 1338 265 389 139 2457 12827 386 249 5936 368 8355 3139 454 371 640 9990 1049 122 121 238 912 382 4 629 1918 148 8 153 16 935 475 241
1143 5368 858 12841 3245 12840 448 1202 391 1480 7814 917 6594 4276 12830 12834 12837 12838 12839 3988 12842 10951 8110 178 12829 8116 12836 353 108 12835 1073 12833 12831 8118 3994 6292 45 14 665 12828 932
1144 5503 3357 823 1844 6757 11704 935 581 1842 3912 3349 9092 1474 805 1774 1777 4963 11346 3940 183 12844 152 967 815 1495 4038 47 799 12846 1034 814 3343 1703 9709 4066 800 108 562 2871 4522
1145 2289 901 1132 1133 486 1633 5499 3442 134 436 2725 1946 1817 868 5976 916 451 450 1976 12850 11025 2373 1096 3340 880 657 994 6014 4050 2562 5141 3018 453 5962 932 422 12848 12851 11563 12852
1146 1026 1473 186 400 1384 177 2214 103 554 1594 30 5118 145 14 155 3381 2566 180 639 12853 1727 3169 565 166 148 1060 174 572 151 1359 653 1718 195 2992 1348 12854 5462 5948 1593 1049
1147 495 12859 12856 5057 11668 12857 740 11670 237 11661 11643 1659 4613 12855 11654 11644
1148 7157 5841 651 12868 244 267 238 12861 38 12864 7047 629 3690 12862 1950 588 12866 232 587 7411 591 737 4 3113 2573 486 264 327 106 12863 12867 16 738 3110 12865 619 237 473 4455 274
1149 1073 664 685 2284 1202 867 14 1195 161 1718 2671 675 169 112 141 1197 12869 1374 1474 461 1376 683 549 156 5489 667 4138 152 176 139 512 564 483 3218 909 12870 1194 9542 1061 1727
1150 5118 2620 8327 483 387 582 12878 2509 2 404 6441 12871 5517 8507 702 12876 12875 7080 152 12872 3936 103 2512 1111 12877 2074 1378 12879 2362 568 2468 391 111 1040 13 12874 12088 5943 12873 3321
1151 12880 12881
1152 1159 137 451 183 874 4577 5842 1633 867 1298 158 14 1317 425 656 490 328 178 996 4550 389 10902 1202 880 4570 176 1139 1506 4557 12885 112 103 4574 1718 12884 1365 994 995 805 882
1153 5974 6230 362 993 38 176 3504 305 133 14 3496 6454 1829 166 12890 12893 3491 4050 1766 12886 457 202 12891 2783 1056 421 425 1199 1202 477 1051 3570 6135 6290 909 2283 12888 4566 3969 12889
1154 5907 10479 12910 568 1374 2202 12901 512 1376 2356 2835 12902 11078 12895 683 12897 12903 12898 12904 7546 10478 4383 9333 12900 1074 161 12896 3906 12906 12899 12909 12908 2566 1102 176 12894 8486 2790 3056 671
1155 488 478 158 641 178 639 984 249 179 176 247 1349 431 654 1199 629 241 636 1634 416 148 1196 494 14 1359 177 237 38 16 251 1866 414 630 240 4 749 993 273 997 436
1156 549 3121 391 30 182 1455 6803 472 357 9651 1662 922 1041 12915 1344 6563 178 139 702 21 249 6101 5327 5 12911 1970 657 400 177 921 176 12914 1259 7118 880 9571 12912 103 3123 1049
1157 4158 580 816 2120 660 9540 7976 1197 1317 4875 183 112 2719 8204 682 680 179 901 1766 2283 125 169 176 678 2797 656 564 1328 557 2834 1061 141 12917 1372 2794 2284 461 2826 251 674
1158 10480 1073 512 6972 156 3140 2717 3912 5120 12918 685 683 1049 8198 1041 112 659 177 374 12921 3145 4173 2992 373 375 330 387 1600 1374 178 549 148 12919 379 504 1473 2214 11158 1735 7
1159 3970 5868 12945 12940 12942 1894 9433 12926 391 10012 12922 2978 2457 12941 12925 7075 12930 9426 2502 6588 362 12927 2468 12928 12938 10126 12937 12923 1181 12933 4344 1192 12936 12935 3274 11389 12924 10847 12939 12932
1160 2471 379 403 103 564 5957 10241 3168 2534 133 156 5174 14 139 422 176 1836 565 389 448 3034 998 847 3565 2214 108 1336 4925 178 3402 997 8807 846 374 315 171 483 994 1334 170
1161 425 281 863 1415 261 301 38 1007 9318 276 274 2435 4491 651 1404 414 5241 992 255 8401 478 5709 1907 14 237 495 282 1409 2925 959 654 6974 110 140 10496 2016 249 416 267 7537
1162 1735 183 139 851 2000 380 12948 998 710 3634 156 375 640 1378 12854 704 119 176 157 702 166 1041 647 8479 140 3866 654 2534 3281 1334 1699 1710 14 394 178 5648 1698 12947 5976 582
1163 10719 25 152 247 639 139 182 1026 9263 413 417 1552 121 1184 799 651 859 103 38 1040 2015 237 3046 12949 380 10721 178 911 170 21 122 4 7 485 1441 8308 483 171 666 108
1164 147 3438 3150 8023 2289 320 440 1817 137 685 1664 2725 1069 1930 564 2317 101 1082 1906 3763 12952 4148 450 3964 447 1938 816 422 932 2788 8962 1600 3745 12953 467 438 3757 7623 1122 2876
1165 3 278 56 12958 12954 633 108 1342 280 1049 5 855 3046 375 5646 12955 1409 8159 103 3227 1866 1026 139 178 2015 14 497 1013 400 3210 21 238 1067 1447 106 174 1849 12956 255 2157
1166 270 1645 631 473 636 4969 131 249 630 38 237 275 267 238 856 241 1419 4769 239 411 421 639 12960 282 256 629 1004 311 273 993 247 298 240 1551 293 274 4225 139 140 1196
1167 2596 566 12965 12963 553 12964 12961 12968 12971 7199 1369 1050 12973 1049 2098 12974 4594 12972 5115 12969 1024 8512 719 1175 2437 11417 12967 1901 7399 729 176 394 691 8427 12966 2441 10619 12970 11729 2620
1168 12976 12977 2464 6752 811 2468 185 2462 156 1349 12980 12982 1081 3209 1372 3190 12418 7075 5124 10672 12975 1465 2076 1103 12979 174 3321 1115 3204 12403 1896 187 178 1355 5118 369 391 383 368 5260
1169 4833 1216 2678 1232 7587 1050 12995 12986 5386 12993 12983 1237 12988 12992 2369 2905 1215 866 2768 12997 12991 1946 9167 873 12990 7585 2687 865 12985 3149 7600 994 4061 903 2696 1370 772 12987 12996 12994
1170 179 11942 3226 13012 13000 1633 13002 16 5501 5344 665 13009 156 7793 13007 194 2202 45 11173 13001 13010 425 172 555 3565 4158 13016 155 13013 12999 668 3379 13003 133 13005 13008 176 13011 255 1139
1171 390 927 12409 2204 3528 145 13018 2520 1879 7438 582 6593 103 1465 394 13022 368 383 70 180 572 87 13020 565 9690 1378 3545 3519 2076 5915 171 2216 13017 695 2219 13021 1897 6598 3522 571
1172 5635 9093 13028 8243 8359 3047 376 3017 911 13024 13027 1342 13025 265 6136 5508 10022 3373 2560 1648 2214 549 13023 311 6993
1173 874 13032 867 5462 5163 1032 1625 861 7988 1196 653 389 219 132 13030 206 1049 16 11183 141 4 215 935 26 44 13029 4455 651 13031 11182 210 199 176 2998 214 912 1727 1735 1349 1797
1174 4450 3237 1413 1004 1558 473 256 1600 998 3006 740 13033 13037 7507 1386 267 496 14 248 2734 1551 13034 13036 415 1009 3000 1359 4079 8330 10519 12427 274 8204 3203 2533 856 406 685 249 270
1175 765 1817 4171 486 1202 3238 353 453 798 880 447 984 1633 448 1766 2894 1055 183 1132 355 1133 2317 490 1826 2369 4043 122 115 928 328 282 4794 3745 321 443 802 438 468 158 916
1176 4079 250 251 2582 629 253 270 631 249 640 1407 158 475 737 20 1641 651 4249 38 4048 2114 11136 1866 411 238 8767 241 2912 273 353 1196 1421 7566 636 619 46 7507 641 4446 1041
1177 389 111 653 1041 1349 362 176 374 164 378 380 108 122 179 1898 483 13038 1729 1889 1718 5 174 5014 2468 2208 9981 161 559 2535 3949 391 166 1476 144 2202 998 112 156 103 568
1178 1502 870 2088 2311 1237 906 2904 101 759 1753 1371 732 2297 1069 2307 803 2316 758 2678 756 6497 1370 341 781 2901 2315 1824 9032 13039 135 894 2898 760 4367 762 2322 907 4374 103 11236
1179 9464 636 1404 740 309 249 3307 7537 275 1950 266 1407 279 293 6386 1450 411 855 1550 206 408 248 1419 339 651 416 258 240 259 10498 241 38 336 854 1645 301 405 267 4322 238
1180 749 240 1541 6226 282 13045 112 16 247 492 251 880 2471 13043 485 737 1407 5166 13044 857 291 651 241 238 4074 3918 905 1065 46 867 244 5485 38 3373 289 4 267 896 249 8296
1181 325 414 854 237 474 2031 293 200 3009 249 4139 4 245 1956 324 2039 247 2912 473 629 3450 416 282 278 13048 298 241 267 405 478 5785 16 251 255 240 1954 498 2469 38 238
1182 3234 247 8036 3401 630 325 851 298 206 3145 13047 238 474 38 473 3450 922 106 253 1541 3139 1956 838 4 214 2992 1954 251 274 854 241 289 250 242 1049 255 485 1562 484 475
1183 13049 851 668 998 153 178 3401 1359 46 633 659 380 368 5143 1718 2992 5120 1724 139 666 806 582 389 1472 176 14 5150 3296 3108 145 1334 3566 374 1384 1067 103 1729 7819 2214 315
1184 1465 11961 103 1476 1378 13050 552 170 565 144 1057 389 400 156 145 168 1060 166 2457 5868 178 1742 383 154 379 5700 174 148 1383 139 371 177 366 2468 914 582 122 1115 4173 386
1185 328 2925 478 1389 3008 411 596 414 140 4538 282 248 13054 1390 654 7047 237 4322 291 13055 416 737 251 281 493 249 13051 13052 336 241 419 276 1418 649 749 408 2475 238 448 2435
1186 280 38 248 493 1868 240 982 247 636 651 2475 298 411 474 260 639 249 244 282 525 851 473 3116 1866 206 629 281 251 6230 238 301 4 266 255 408 257 2028 749 237 416
1187 38
1188 250 416 265 916 254 106 473 202 311 234 4651 240 837 1419 278 245 4 651 200 861 206 251 238 1563 239 267 248 274 1956 243 468 16 38 282 14 3450 242 3009 244 328
1189 804 2756 386 1082 829 13060 815 112 155 1906 1155 13061 13058 3886 1372 798 802 175 657 1070 1741 7580 1465 1193 807 182 5000 3388 13059 1034 6766 462 1055 2627 2430 13057 564 139 3875 1909
1190 13063 13068 282 115 484 13064 293 988 3047 2064 2404 5018 840 2379 651 3344 1067 3842 13070 936 3581 13067 259 1388 2202 9296 631 411 1541 2717 13062 856 448 851 2767 13065 7432 903 147 7816
1191 38 435 10498 206 8255 13072 7853 8408 215 251 244 250 248 1868 849 196 243 207 211 861 228 12800 4320 6250 13071 263 2330 10574 13073 4332 241 275 4326 1869 266 1866 2452 10497 46 281
1192 448 13078 1096 1138 765 1906 13075 449 358 280 2443 2769 440 147 13082 777 928 13079 994 450 1199 425 726 443 447 1056 355 755 13085 158 13080 3438 3746 13081 9396 321 13084 13077 441 797
1193 119 366 6516 582 390 10672 2702 1594 3528 13087 3521 101 2088 2076 13 4276 381 12095 5127 1881 1776 2568 6850 2218 1378 12759 13086 160 1896 2761 2509 806 2345 3627 572 2361 4238 103 12414 9770
1194 13102 13113 13101 13093 13123 13098 13114 9925 13099 6964 13096 13104 13108 7178 13122 13103 13115 13128 13121 13124 13118 13112 13095 13125 13091 13109 8580 13107 2081 1808 13127 9627 13105 13094 13119 13090 13089 13100 13110 13097
1195 1961 3216 16 249 106 3706 3229 936 282 161 1594 12434 1197 629 948 411 141 13129 668 448 6469 1374 854 46 38 13130 684 176 240 4383 4737 901 2457 1195 136 2381 549 251 425 2835
1196 630 492 651 158 476 3144 1442 997 237 596 664 629 3157 238 478 38 5843 255 122 448 273 643 416 494 282 1447 16 241 244 176 13132 4174 482 5647 247 4337 3557 930 420 3766
1197 425 176 4183 1365 13136 164 1477 152 1005 640 12375 1349 368 177 6135 7583 1777 1359 13133 103 1202 158 1753 5503 496 483 1473 805 471 1481 13135 14 13134 1474 156 654 311 179 3732 657
1198 3310 13140 170 2788 1372 8 919 512 2301 484 1471 483 374 156 2754 1836 13139 851 678 659 6371 668 3382 247 13138 998 1517 488 176 2217 5 1481 7974 5174 653 177 1920 13137 535 2113
1199 6263 1373 792 108 2406 6652 13144 7033 2109 8972 899 182 9413 187 4513 4785 4377 1156 132 555 137 3327 802 2088 3069 695 1174 13141 13143 3627 1070 2897 13145 3535 10927 1360 320 3605 13147 8344
1200 436 637 13151 448 2628 451 6454 13152 643 13149 13157 13154 9578 2091 179 1829 13159 3014 4653 5643 487 4631 5922 410 1192 798 5014 362 1139 3308 702 13158 13150 7036 7439 1502 1337 990
1201 2703 4373 2904 13165 2427 13168 13174 13173 2897 1482 788 4073 12984 176 13167 6350 333 3327 1494 3938 379 1210 1961 8734 1205 4123 899 2680 13171 13164 13172 1924 8014 13166 13169 13162 13170 13161 4702 6723
1202 819 710 4145 7026 1155 1474 8316 13189 13185 13178 175 13186 12757 2299 11961 1378 13181 333 4148 13187 3274 8962 5632 13188 10752 815 9530 829 1906 2768 111 801 582 1666 13060 13184 3351 13183 13176 9534
1203 1855 2494 1847 142 8870 7602 1849 4963 21 977 969 951 48 2406 4715 8 950 956 124 4961 947 0 12 10 3140 944 136 13190 1959 2869 1852 943 202 949 965 1854 2486 1073 47 13191
1204 6814 1735 1081 1063 13195 13198 13196 568 178 2356 1068 3034 13197 1718 166 14 151 6822 251 10718 13193 2748 297 129 483 13194 131 461 5259 7379 7364 168 11024 12771 1112 1876 1334 2556 11034 1072
1205 13199 9924 13201 1895 560 8979 13204 1567 13209 13202 13206 13219 13207 9775 3592 1789 9897 13208 9894 13112 13217 13212 13213 1878 1387 1183 13210 1812 169 13214 4826 4876 13200 3594 11536 2627 11348 13205 13215 6517
1206 108 1424 9347 13228 10881 13231 13227 3330 870 13226 5950 3182 13230 13222 1190 13225 376 389 6216 4857 1727 1718 5120 1372 1592 1086 151 13224 2992 5768 878 11348 176 161 112 837 9334 10950 386 9981
1207 416 263 241 7047 624 4322 434 636 435 328 3404 249 46 13234 13232 239 244 629 478 3451 277 13233 3226 7678 274 243 992 411 255 1404 257 494 476 4541 1563 237 414 1416 3450 1001
1208 384 1041 998 12830 382 9456 662 177 14 2463 565 166 131 1192 8142 572 6894 5143 152 13236 103 2214 568 1148 11549 13235 378 171 3145 1107 144 1463 805 12162 161 5928 174 156 170 4234
1209 493 8417 11240
1210 6652 7174 5871 553 11203 695 575 2601 1074 174 5885 807 1175 566 5887 13238 8938 13197 13243 182 5889 397 6826 6799 13246 13240 13245 13247 691 10454 1465 13239 7059 703 5877 560 1452 13244 1671 13237
1211 461 19 175 702 465 919 549 327 169 122 400 1916 37 1050 391 152 1372 108 112 9544 5189 21 0 1913 182 813 9541 3886 1906 1012 807 1676 12377 932 184 103 1202 1055 665 13249
1212 998 629 939 255 156 174 3165 176 240 238 242 1013 6231 651 21 4764 851 38 1196 3168 2457 666 1368 139 379 912 375 1041 476 159 247 568 16 178 3125 374 3139 1920 265 6075
1213 139 13251 282 178 490 4469 169 277 13252 156 179 1148 1359 327 998 496 457 176 2783 1153 103 315 1192 995 374 2590 6149 252 2918 1343 1147 38 488 1199 9397 166 2589 483 462 918
1214 13257 3975 3970 790 3560 670 3981 379 2552 867 802 657 1906 10231 3555 5354 2565 656 9788 13253 4550 3999 13254 4000 333 13256 10383 3274 3971 2410 11716 3357 792 787 1876 1571 8110 927 555 5318
1215 2485 397 112 12349 2276 5261 161 1371 13265 2901 8088 2249 453 788 13260 2786 1083 2202 13270 657 3383 1735 13268 1328 2408 8080 13269 1385 13264 5001 902 13262 4383 662 6650 13258 5235 13261 8655 1912
1216 183 805 657 656 152 108 1319 3560 660 6219 984 182 851 2280 5261 9091 122 21 333 2720 1372 802 868 674 4 1770 175 238 1055 1202 886 176 386 1677 3557 1666 48 13272 1676 13271
1217 1063 1072 200 9799 1180 1371 391 13282 1424 1807 8245 4510 656 1195 13279 1372 13274 8887 13277 7131 13280 13278 13284 106 3394 8666 909 515 13281 9724 1202 13276 1068 13275 13273 811 937 1765 3357 3593
1218 763 140 1640 416 1151 9876 1136 490 637 993 4322 481 9318 654 2594 3902 1196 1634 414 13286 1142 494 2912 253 436 411 1133 293 486 1415 4051 431 13285 645 1817 353 6304 282 1139 262
1219 6378 13290 633 13294 13291 2959 1600 515 532 13307 1386 13300 13297 11514 5150 2827 533 11522 11610 13287 7795 7792 13301 6371 2797 13289 11298 13302 13303 13308 13305 11453 13298 13292 1735 530 13304 527 8447 13296
1220 240 1645 13315 631 3014 238 13309 327 13316 993 13311 10711 12052 13313 336 1407 1404 243 239 140 13312 7047 643 425 473 3676 4970 282 1646 651 291 975 293 13317 13314 416 237 276 11303 7617
1221 186 13318 5913 436 3031 19 676 13320 278 2130 704 567 928 122 327 13325 13321 13323 1096 148 13322 439 3667 755 6887 1042 30 1663 400 176 187 139 13319 2628 13324 998 8390 1749 183 1384
1222 333 1328 3593 169 1353 4435 176 1317 2283 112 656 1073 557 1083 892 1925 2492 674 1202 872 1331 1061 45 1846 3913 685 139 1309 125 1297 909 874 6733 175 1666 867 182 1372 3590 13327
1223 3314 494 637 5846 237 492 1633 418 1640 664 987 2475 13329 274 248 38 4343 4541 448 249 272 106 984 7537 408 2476 5671 982 6230 4538 481 8864 420 7410 416 1415 411 629 238 6975
1224 1604 3814 8857 2312 2506 467 866 4503 13336 453 175 8547 13333 1836 6732 7568 2503 7342 9280 147 5148 8553 3616 1824 1230 320 13332 1441 5735 171 6173 177 1911 2678 928 380 666 7353 13335 13334
1225 125 777 755 2910 1815 2151 1816 1817 2896 1833 867 5234 1139 2147 994 182 1096 896 932 1153 147 868 3951 7092 327 1474 763 453 726 1133 4683 1826 1633 784 760 781 414 362 928 1141
1226 144 2541 2459 568 8329 2533 2464 1349 391 366 11158 2361 177 178 6881 504 998 2965 2509 808 7725 171 483 380 2076 704 148 3189 156 5174 369 139 1057 6140 103 377 166 370 932 2074
1227 572 659 384 5955 8893 3159 1876 13338 6522 5931 13341 3886 145 395 639 154 10546 5930 2361 13344 153 6094 1908 2206 13342 554 552 11232 1442 13339 3095 148 11024 1594 6980 3168 2511 176 6374 178
1228 247 12624 274 1401 620 13345 16 411 206 448 494 416 244 863 282 336 272 1196 1411 3307 240 350 249 2031 4541 243 651 408 257 110 493 3742 260 630 298 248 251 2029 2028 987
1229 4279 524 805 13346 5345 935 176 13359 13361 13347 535 3694 6141 515 13351 13352 13349 13365 13354 13358 13353 13363 13355 533 13357 8903 13350 13294 5086 532 1173 13362 8454 7793 2427 538 520 13366 13360 7798
1230 456 1482 870 139 1633 4372 760 9628 1494 2583 5321 11684 454 328 1082 10465 2307 868 899 657 10366 1946 7587 362 101 12031 320 1220 5908 353 831 357 4056 3955 2506 1302 12158 147 130 13367
1231 579 1334 2511 998 5943 171 725 571 2361 6370 10870 572 5141 483 10787 172 160 1594 5258 2342 374 3570 169 13370 3042 5260 3168 1056 3321 3545 2344 4234 10991 568 1787 695 384 148 1192 2555
1232 807 1202 11493 13376 1611 680 13379 3609 13375 4005 327 3347 886 147 8875 512 13371 13374 13372 333 13377 183 4965 10540 453 656 657 3357 1906 13382 13384 13373 13380 867 5354 4550 805 179 755 6181
1233 1141 468 653 641 6135 1042 985 490 643 416 2780 282 1135 13387 13386 108 448 487 990 1670 3919 436 763 7499 122 159 3136 726 1136 2378 1139 1673 2367 997 4050 1199 8830 498 2594 362
1234 816 1365 13346 4622 4646 13388 535 2806 2993 8027 909 7795 11336 13395 11298 6737 557 13398 183 2396 2797 7783 6833 682 2788 12014 683 685 13397 936 2804 2954 13391 504 2775 11331 13393 13394 1960 2661
1235 629 282 46 255 1419 5240 243 274 238 435 267 240 242 654 272 259 411 414 416 636 863 4 478 237 737 38 3114 630 2916 206 448 301 277 260 241 249 984 251 244 16
1236 447 436 496 932 7346 249 855 5699 304 4814 2537 38 1356 2461 3310 443 3886 427 104 178 1463 7439 353 916 1904 2113 640 327 9657 1334 929 255 1472 490 273 7452 277 3676 13400 295
1237 2339 7131 2015 2356 3209 7843 13410 13415 5124 10913 13408 416 13404 4348 12523 13413 13411 13401 13406 13403 6510 542 8325 2226 146 38 1895 13402 10478 13412 477 13414 3870 987 13409 1796 10196 7932 1884 13407
1238 855 38 994 13416 112 487 282 1132 867 1663 103 327 251 280 21 2383 368 1069 240 13417 916 241 105 798 473 179 2157 122 657 108 158 490 178 244 249 1817 238 370 237 3321
1239 1430 630 240 4738 13033 1413 993 436 239 635 416 640 13421 431 353 629 488 282 293 13420 408 270 1407 4613 448 273 10519 421 414 411 636 247 13419 249 478 4322 327 274 7452 8052
1240 13452 13445 3531 13439 13443 13440 13447 13428 30 13430 2753 1050 13444 13446 13426 1145 13436 2633 1190 13433 702 13434 490 3341 13427 1529 4344 13448 13423 13437 1131 13422 3553 13450 3629 13424 1144 496 13425 13431
1241 6688 179 448 9782 391 1677 122 1837 1473 1048 10661 998 108 1055 378 666 131 490 1041 1752 14 1199 436 476 374 247 2068 7984 156 461 438 38 4640 1026 909 157 166 936 139 1042
1242 30 10705 13459 3061 6804 328 3745 1424 13460 490 10710 10794 139 4150 1049 13454 876 6898 2113 5693 8799 448 2362 3962 8366 8367 874 12303 5462 427 810 13458 13456 875 179 905 1729 896 166 13455
1243 905 328 183 462 177 656 7531 282 676 467 909 2283 3579 4050 422 1817 1082 2894 2031 468 362 1042 7153 325 1815 447 1055 880 1906 148 106 13462 2776 139 448 179 1069 870 449 475
1244 3218 757 101 3315 2640 13469 2535 1938 3136 379 13468 6594 10180 557 5021 3395 7943 2499 4548 13466 1192 13464 13470 8116 752 2565 2797 2457 2502 13465 790 111 13463 657 928 1055 10530 112 7471 1328
1245 108 490 1199 104 454 4174 183 488 179 4043 2367 798 450 238 1149 4856 809 4050 328 487 1042 5130 2369 630 158 557 2058 3988 436 9267 1138 169 21 1202 156 282 355 474 3583 916
1246 2507 13479 2367 6146 13478 7429 4050 144 238 158 13472 1593 6458 9398 988 763 10859 13474 13475 3553 1132 1140 637 2381 6284 6456 6290 8117 1502 487 3491 13473 6450 2783 2992 13476 1148 2362 139 726
1247 1195 13486 180 2645 11399 805 3369 3514 394 552 13483 155 1901 3189 4276 659 2222 392 13488 569 3522 13481 368 1770 3220 2954 2467 4505 695 5138 11983 13485 559 11210 9080 811 6268 146 161 176
1248 629 327 238 13491 3402 498 293 856 249 242 480 206 1419 260 16 733 651 2473 38 4 3017 270 1820 3688 267 4596 3237 4246 291 13490 631 254 240 1195 636 641 485 406 13492 630
1249 1199 8045 436 777 374 133 1200 8768 880 454 291 156 2873 108 4229 362 1141 3377 1430 932 450 103 490 994 14 486 2962 1134 451 483 1096 916 122 2716 1336 169 1197 1633 131 1138
1250 131 582 178 3220 368 3519 695 10177 1334 3321 1743 13496 1338 247 5187 311 13495 3992 14 5647 13493 461 6609 12403 1699 2754 10245 52 844 238 552 5854 1710 653 241 373 2467 10841 394 3719
1251 1895 13505 13506 5323 2856 5952 4347 1880 2863 1891 13507 12453 10119 633 12923 4344 13501 227 208 13502 13498 12129 198 216 5603 10118 3265 1882 2854 1875 13500 10115 1581 1588 178 280 1574 1583 13497 1878
1252 103 14 9871 2 139 936 112 13512 554 166 683 2344 2015 152 13515 13509 1473 912 3005 1040 373 177 30 816 1594 8331 176 13511 13508 1013 653 13513 13510 10288 3145 1384 186 1593 156 1192
1253 127 14 169 13516 11673 152 484 3243 917 13519 4046 256 12960 1466 3139 12575 178 13518 447 5141 13517 131 678 4183 2391 1611 121 633 1760 1192 1430 475 4545 932 1334 2471 2113 20 38 483
1254 636 5277 473 2018 1418 2740 740 237 11675 3314 350 1645 2031 267 293 13521 1866 262 2029 240 3285 3009 416 414 490 629 2026 7567 331 498 238 38 13522 3017 360 249 488 10349 631 270
1255 2261 4307 215 2275 3934 13524 13535 3169 1102 12518 127 13528 8076 13532 905 12816 7478 8660 13534 8671 13533 2073 8103 2887 328 2235 13531 13530 851 456 212 3926 1119 2717 2269 13526 13527 13525 13523 2543
1256 1342 12 1151 244 13538 3388 422 4818 641 13539 2539 932 373 9206 6286 9569 436 2469 6294 5187 1026 498 2534 4174 3165 2509 13537 111 6898 9888 4785 922 451 13540 1334 12017 14 556 1103 421
1257 370 249 238 493 496 237 293 2476 414 3845 179 375 7502 273 481 158 2214 654 1415 1952 156 282 3139 1416 4887 3283 2012 1412 411 448 270 1634 30 380 4856 807 636 982 737 122
1258 247 375 12978 4938 2457 152 483 704 178 379 4940 1057 10184 176 921 7031 1349 998 13543 640 390 4 1593 386 2992 549 665 13545 103 180 1060 480 1048 38 476 2015 139 156 14 572
1259 112 2788 1476 1727 5118 380 176 122 374 816 389 13547 2717 1729 1041 371 3585 183 998 13548 1447 156 391 5120 549 807 393 1199 1474 659 103 1359 3907 639 158 483 914 490 4529 38
1260 4817 2596 1441 10529 5432 6560 3135 13553 704 13549 13551 1204 4609 1209 13561 13556 1274 1251 3122 3336 13555 1026 1156 10603 13550 4096 13559 1915 13560 13557 1256 6779 4608 1756 2868 13558 1234 4602 13554 7223
1261 255 166 156 930 495 14 37 685 251 2113 1866 416 249 177 116 269 1423 241 298 7988 139 237 932 179 496 1196 448 1574 304 240 38 366 247 987 238 244 259 293 639 851
1262 152 560 366 13568 5591 13565 1574 2520 653 2226 56 1902 103 148 7031 2461 1588 2218 176 1851 379 579 146 2854 685 13563 33 1893 3522 13562 2015 3515 558 280 13567 13564 390 1195 13566 3521
1263 2284 7125 1372 790 3383 1386 2788 1492 803 867 3597 1311 685 1486 1303 682 176 1945 1621 804 9451 897 7126 1319 657 564 112 1323 386 788 13570 1487 674 1317 8962 1489 816 868 1202 656
1264 2280 1945 9707 13573 13571 13574 2297 4129 3383 4121 1305
1265 1817 13589 13593 13594 327 431 3673 345 3962 488 13581 13578 13591 349 321 1829 13590 2390 344 422 13577 13586 916 438 328 13583 2404 3034 13580 13585 2992 1647 10150 3491 13587 7617 13588 413 13582 4795
1266 416 414 298 13600 1418 642 492 629 238 3770 636 651 637 418 38 13599 248 744 861 249 631 654 4 16 473 1004 274 273 1952 13597 2470 270 13596 4541 478 282 289 251 237 267
1267 867 280 656 278 2911 486 298 244 2184 1409 327 12649 106 1836 5489 2289 13603 277 13601 10413 1835 494 12653 279 13604 231 916 4787 240 4942 13605 476 639 1404 475 1461 237 13602 12660 199
1268 2424 5563 1061 391 1372 811 1386 1373 1328 183 2468 11617 2533 386 1465 1769 932 1385 803 2565 2406 48 13607 8949 3555 112 1847 816 662 13606 4882 9451 7467 176 108 169 2723 2418 815 3663
1269 1135 327 666 997 998 490 9888 380 139 362 1131 3108 496 2283 448 247 6891 158 249 5669 2469 4738 633 993 483 178 1139 2133 156 353 240 1476 932 1474 8773 1154 377 1199 282 996
1270 815 103 807 390 2214 148 2218 1480 160 2361 12357 3168 11340 1594 6850 582 1890 659 384 562 146 168 811 3519 565 515 552 176 504 1102 1384 2412 2569 7781 4276 1908 4297 11618 2568 172
1271 154 2461 171 148 1057 37 184 6850 7700 159 156 554 1116 1873 5950 2361 552 168 2560 568 366 384 666 3969 160 4857 1881 404 1041 2342 3168 1740 3518 1349 7364 579 390 1048 572 144
1272 186 3614 166 12401 13613 9358 13620 175 1123 13617 2507 13609 13619 13616 3264 183 8293 377 806 1906 2335 139 9261 177 5955 13614 13618 13611 8308 927 3274 2555 830 3518 2567 3968 13615 174 13610 2509
1273 483 166 247 8452 133 2533 684 4736 1343 1334 170 1349 14 106 504 799 7430 152 998 3510 811 103 131 2541 176 391 2424 178 177 1470 1103 665 1040 4234 374 6609 1041 3382 9456 1372
1274 939 13638 6322 13622 238 425 13623 13624 13628 911 13631 1013 13634 1184 13637 13625 2116 9475 13629 136 13632 10183 13633 2857 9544 4138 13635 6308 13636 9326 13627 6321 13630 3587 4018 13626 3535 1081 6326 2645
1275 1570 249 860 140 9466 13643 139 1563 408 4659 12273 305 411 178 993 636 13639 641 38 13640 8887 631 635 744 633 6982 237 992 2383 416 4969 186 1407 2917 13641 740 238 2373 5943 282
1276 13651 3175 104 1706 695 139 1378 3212 10477 11536 13647 3391 161 16 12 1763 2002 183 680 816 13654 103 14 13646 5342 1372 1385 133 112 4412 13652 187 13649 7894 3678 3638 3177 13644 1102 1424
1277 255 411 484 279 277 16 425 418 38 4321 240 4 281 493 494 992 987 837 481 651 327 251 1196 249 237 434 2525 158 241 276 636 1336 328 238 110 408 248 293 416 275
1278 169 1134 4050 2773 448 166 2590 755 6881 178 3496 564 3021 436 1337 1067 1359 665 449 1082 1057 2783 321 2143 3763 1334 928 1372 6887 139 2762 1192 1042 932 14 3891 386 6892 1829 2537
1279 1067 176 2992 3310 1041 177 10184 377 13235 180 554 1463 5174 372 1359 166 178 932 8483 483 2214 504 174 998 1476 1909 2068 371 366 2965 374 120 389 3969 156 1729 375 5143 2589 1057
1280 7619 1502 1140 139 2137 13660 13662 1597 13658 630 6130 282 715 5682 486 13664 448 1144 1138 13657 274 2140 6304 1141 5688 2147 13665 985 416 425 13661 414 122 4832 13659 436 327 5683 38 4672
1281 37 280 311 2113 2386 11173 4378 468 3372 657 2555 1369 5271 8807 147 467 1265 5188 5976 3569 13666 251 3572 20 14 439 13667 2534 1817 3340 3034 488 19 425 10089 339 178 1574 1815 1430
1282 816 13495 1729 156 806 139 174 397 5120 122 391 164 8355 3381 1348 1384 1474 395 103 13669 185 882 177 13671 5378 664 3563 30 1353 375 5646 8356 7058 13029 3880 4547 1359 13668 370 489
1283 13680 13673 13681 10742 2412 4225 378 2560 13677 2557 7036 1339 549 817 7578 5323 13685 386 911 13674 13686 9777 13679 176 184 146 13687 1184 1102 3491 13684 2073 13683 149 13676 13682 6378 1777 1846 1348
1284 1343 1082 436 5922 1430 183 443 3891 386 2541 657 1357 2087 448 179 3308 5799 451 641 2507 2509 715 147 639 5 4737 490 177 1369 1067 3321 14 5774 1136 1334 13688 932 919 362 496
1285 4545 301 5246 1396 270 426 8797 250 274 1404 243 244 279 631 237 280 997 434 992 239 418 276 16 38 267 2327 206 240 591 2573 416 636 4322 238 10175 431 293 424 253 6191
1286 1374 2535 12313 4557 178 5148 174 112 1502 1718 139 448 3321 389 374 6457 1336 3955 1724 1103 108 368 3381 770 2783 1195 103 379 2961 1138 1192 461 148 8358 1729 176 5854 936 995 169
1287 1892 843 476 8239 3229 13695 8924 380 1570 247 1119 849 7456 13694 7439 3401 4040 2015 2992 7363 1111 13692 704 8300 1060 653 5132 639 2469 8331 489 1903 435 3309 640 373 1048 482 498 13693
1288 7386 5094 13722 13347 13702 5096 10198 13717 3486 6940 13710 6929 13699 10106 13698 13703 13706 13724 7974 13719 13723 13714 13697 13705 13718 13700 13726 13364 244 13712 13716 13725 13709 5079 13711 2835 13713 13708 13704 13707
1289 2938 0 948 1204 10203 13728 4602 1209 13727 2566 13730 1855 1010 1049 2457 936 964 1178 8918 7812 823 1024 2396 379 1257 108 581 13559 3706 1662 3199 1424 102 947 1849 7051 136 935 1672 24
1290 656 1199 483 492 3340 333 762 4550 676 378 882 2767 145 512 156 448 878 265 2898 664 1331 183 3941 2794 788 1506 867 161 1323 932 282 7036 1319 1310 1612 1633 169 868 657 2593
1291 282 147 240 255 241 1411 238 632 293 473 140 274 38 1065 251 631 249 408 242 244 2031 1049 298 2925 248 260 1645 857 984 1199 880 448 7533 916 1001 237 243 494 275 651
1292 448 659 2335 3565 932 1334 177 7428 656 1336 1473 6241 5646 178 5144 1463 13731 1829 4478 1481 998 5974 7972 5014 5127 14 176 148 1048 787 362 1359 103 9293 5141 183 2557 1056 4814 4222
1293 1723 1734 1466 1956 247 13741 265 741 110 13735 6414 13738 738 839 20 214 2007 13740 129 1424 13739 1986 38 677 664 5163 1196 339 104 13733 16 3217 1976 3009 11015 4 3242 13737 7211 651
1294 13744 7803 21 6 13742 3584 13743
1295 9999 13746 2471 12344 238 4736 2542 1049 2437 13751 206 3176 7098 13745 5958 11143 13754 214 416 4048 13752 3379 1353 570 998 14 3047 9382 13748 428 13750 5144 13749 157 106 13753 4737 3764 16 2451
1296 992 6108 13756 251 8046 238 494 110 289 591 651 13759 243 336 629 241 13758 922 851 38 9521 1868 1336 16 255 13760 13047 1389 249 248 5475 424 13757 416 104 987 425 959 237 13761
1297 200 13768 234 13766 1002 258 106 259 2015 13763 241 38 10573 411 238 630 251 1557 206 4 280 275 2327 939 248 240 13767 525 1196 16 13764 243 244 214 13765 4447 473 475 737 851
1298 494 448 13778 237 418 3296 13770 13777 431 38 1823 13772 5303 13775 10501 1415 13776 2919 1389 13774 737 416 238 206 4814 425 277 13771 982 1642 4538 3110 298 636 749 255 327 244 1412 411
1299 9885 1057 4887 1726 7929 176 9990 653 388 30 13779 315 1727 397 199 10184 374 664 177 1359 1060 2717 13781 153 1041 389 3719 5158 387 639 395 5145 13508 161 402 145 178 998 1739 1718
1300 1938 108 1633 122 9979 139 917 103 182 7714 3047 3132 115 13784 2283 101 1627 10668 178 386 388 4379 932 1067 2202 12148 3108 6843 1604 936 7452 639 13783 176 4891 13782 21 6371 3021 3283
1301 232 206 13791 3296 265 210 13794 13790 10738 6797 4138 664 1726 13786 13792 328 238 4598 13795 5154 1718 3557 12868 3303 733 10024 3290 6406 1738 13798 13796 10023 8783 13787 3286 3242 11183 7157 13793 13785
1302 148 1372 919 247 389 10184 371 998 375 1473 1349 382 176 38 170 380 1357 2060 374 901 10226 1359 2992 2370 2754 629 483 174 6214 156 659 6881 5258 640 103 13799 387 2202 2538 2071
1303 779 12837 436 774 3952 469 13801 777 1502 761 755 1144 2316 320 2673 1132 914 13800 12375 1914 2962 3341 8111 757 760 762 797 639 450 2967 5687 715 3898 325 2783 4684 13802 3900 770 753
1304 176 1738 874 1372 1731 1308 837 1766 901 902 1197 675 656 678 9455 2717 657 909 867 108 6415 664 1474 35 1202 3561 816 13805 106 8300 2202 13804 1770 115 3965 2771 3558 3950 13803 3557
1305 369 2012 5017 270 1199 457 990 7503 995 2473 2783 1151 1829 420 13810 996 10920 3283 282 8371 12169 13807 450 362 4579 486 6287 6290 12168 2922 641 449 932 13809 637 3014 1145 421 13811 3308
1306 241 267 1517 2729 2018 4317 856 298 349 282 206 244 13815 274 5280 2031 1154 247 1413 238 13814 7323 2026 4796 2039 4273 249 158 343 13813 1199 13816 2028 16 325 13812 11974 234 350 1196
1307 270 273 1132 4856 7821 13822 7828 282 631 647 255 169 860 416 13821 744 13820 630 1334 411 639 251 654 2525 1409 38 636 237 481 13819 3783 436 488 704 13628 4225 418 295 249 129
1308 3799 2121 13832 982 2376 641 282 13826 240 255 38 856 629 1999 2012 408 13831 274 3314 13828 481 5303 248 251 13829 434 992 249 13825 1866 13833 13827 387 416 13823 276 411 405 244 1952
1309 7977 1102 668 7794 4276 199 2554 564 659 683 685 13834 13837 678 684 2788 1376 1202 161 2202 4506 13836 1479 6539 3504 680 1604 1374 176 425 2558 2116 5862 1343 2826 14 9323 414 1574 580
1310 3856 2012 273 5854 13839 1154 1138 8520 6135 1146 5130 1050 379 995 1199 156 2367 12891 1502 1192 2590 13841 38 12170 4478 414 726 2514 2362 2992 490 990 633 487 1144 13838 14 420 993 7500
1311 238 249 9580 201 408 350 293 411 3401 291 237 13842 3402 255 1745 5507 851 241 243 206 2734 8893 267 256 250 13844 179 3034 416 240 260 494 4677 244 6864 1557 200 629 916 641
1312 254 243 5699 448 436 997 984 2916 3307 5679 993 630 158 262 13846 282 995 631 10247 108 273 5705 633 744 2372 4794 242 328 1199 13847 638 5466 274 420 1042 988 139 431 4247 179
1313 16 3060 5 493 856 248 273 267 274 301 336 238 4492 263 4488 411 278 269 473 485 10500 4325 245 416 244 636 280 414 38 234 277 281 651 282 255 1416 4541 1952 249 298
1314 0 1424 2869 202 14 34 963 44 131 951 948 943 955 1855 142 825 3212 1670 461 136 1779 17 549 129 24 391 672 562 21 8 139 48 811 108 947 1373 11213 1023 665 964
1315 293 267 3450 241 239 357 263 179 6386 298 497 438 4334 244 243 255 249 13232 5927 237 327 251 16 486 1645 291 448 1419 245 1007 3676 416 411 629 238 38 260 282 240 3404
1316 10546 7836 857 1466 6418 13853 1922 1335 853 13 14 2113 131 136 13857 13858 13855 13852 21 7354 48 13850 852 122 6424 139 3842 1342 629 4 3649 13854 13848 13859 8601 1845 368 7364 13851 202
1317 478 643 408 411 1413 248 273 449 2912 856 266 244 293 274 270 1866 1645 282 38 416 259 237 238 629 258 267 473 251 147 262 255 241 2547 249 242 414 481 425 651 490
1318 13860 240 851 971 269 436 1404 244 997 4080 278 291 5843 133 38 188 1829 206 10902 486 3283 448 238 431 13861 8038 255 250 242 3506 492 16 7154 8037 265 1196 1645 406 405 1646
1319 112 12638 13862 13869 13865 7895 13867 11721 13 176 2543 13185 1060 13864 2237 656 2257 163 568 7161 6924 1102 3056 145 554 146 3220 13866 12808 13532 647 8103 13870 115 13863 6619 1423 657 3168 172
1320 448 240 2113 282 251 475 640 631 916 179 421 997 2872 637 4318 267 247 641 425 7135 158 6887 416 490 629 293 328 431 255 13872 38 11025 336 3676 353 909 104 238 249 408
1321 654 798 5705 909 3555 251 282 249 13873 416 549 489 651 4 629 1032 237 490 901 2018 386 179 255 851 238 183 178 38 737 13874 241 244 431 205 3066 2923 1634 157 420 156
1322 7556 13882 132 21 1119 6214 7399 1107 1013 13878 163 13879 13876 8237 6075 3678 13894 554 13875 13888 8333 2457 13895 13890 5751 13892 1873 4495 122 13886 13885 13881 13887 1969 4647 13889 10189 678 13877 3521
1323 13905 13 1747 13896 13900 139 708 13901 123 13899 10082 8981 1661 1749 30 13903 4624 13908 13897 467 110 5148 330 436 147 1067 2532 3687 7923 1069 1960 13902 702 122 2597 13906 12649 2377 2981 13904
1324 422 244 971 8848 2534 246 8239 1837 1139 237 3285 239 3401 240 4379 3676 328 1815 755 327 4245 3108 6304 358 265 251 9657 3283 7819 1430 133 13909 672 1932 490 304 447 3012 633 651
1325 38 282 244 1562 1541 248 206 475 293 275 243 916 3373 242 336 851 298 291 4 274 856 260 234 263 240 247 269 411 238 473 237 270 1645 630 241 631 251 854 415 267
1326 8596 238 8367 405 3443 13914 3745 447 7416 2856 327 11215 317 777 425 13913 13912 13917 1084 1642 460 1822 441 176 13918 11246 13919 438 12068 11426 13915 343 443 12018 3034 412 122 2143 418 3451
1327 14 251 112 103 414 16 37 183 1196 657 1202 2283 278 255 436 1139 992 901 680 179 13920 641 139 158 38 374 994 425 461 932 1372 156 375 2767 494 176 9473 1359 249 656
1328 12431 1908 1695 145 7438 549 176 2461 2205 13921 13922 385 562 659 5913 390 3519 3514 160 148 368 568 5754 383 1107 570 12417 3382 1876 3521 1049 572 5 181 565 30 1896 373 13923 154
1329 1413 651 13924 267 629 596 418 238 251 125 327 3557 488 2031 492 1328 1199 4 473 485 636 255 749 467 244 241 232 448 237 994 6406 491 183 106 140 411 249 277 416 304
1330 122 103 158 21 1441 327 1756 13933 2768 13930 2706 6533 11787 468 1103 101 13928 3940 13925 13931 357 5499 13927 105 13932 1298 1334 9570 13926 1069 169 880 3862 5693 5 3919 676 1817 1946 13929
1331 987 273 270 324 1447 420 1415 373 474 641 726 637 9005 497 13938 448 5009 6335 13937 1361 414 1570 277 2069 1114 851 3203 9318 3248 477 13935 13630 13936 11870 1442 3227 7819 416 5012 6279
1332 13941 180 691 37 5648 556 2532 1708 1060 2640 145 2111 13943 10081 1897 1077 13942 56 13946 8159 2605 13944 395 695 13948 10693 6 13939 199 132 2086 2543 2620 13945 5 552 9397 13 3504 3524
1333 1875 1866 244 1867 243 434 1574 13949 418 251 3226 5709 1002 2000 992 13951 651 3640 5195 282 263 234 200 206 13628 4133 106 26 1400 277 281 259 7137 278 4857 255 9629 38 916 4924
1334 243 239 304 270 1952 3227 106 110 997 408 9992 237 276 1415 240 238 436 280 411 274 249 1338 5398 355 1983 139 282 637 158 494 481 1640 293 327 416 454 448 443 635 631
1335 2086 13972 13970 13956 13953 13963 2757 10698 13973 13976 13965 13957 13971 13986 13958 7399 10695 13981 13946 13977 13987 13968 7019 13974 13954 13980 13975 13967 6600 9397 11766 13959 13985 13962 13961 13966 13955 13978 13964 5591
1336 255 1620 301 282 206 241 1735 239 46 237 274 476 411 1418 3404 1049 247 281 240 639 987 336 416 1952 641 482 478 631 436 13990 982 640 1409 1957 984 263 6383 494 651 474
1337 147 497 10128 4672 2124 9555 3819 1501 2080 1145 13999 4684 4261 13995 2963 752 1365 701 13997 13993 5729 362 763 13996 1513 1107 726 13994 13903 778 773 439 13991 1139 13992 1131 7089 467 5014 169
1338 249 909 1349 14000 1446 158 7486 486 1192 14002 2370 2058 282 7537 1340 1442 13028 6982 247 1196 387 273 14003 1342 640 2214 3585 1199 140 255 327 3203 38 139 4029 2224 2362 1740 1593 2537
1339 5499 3983 3310 3388 5850 362 5144 11563 1365 909 8847 3940 14007 1481 9501 1041 156 14009 2507 431 2541 1650 490 7061 178 14011 374 14005 14010 483 179 919 14008 1055 122 998 139 3614 158 1132
1340 1474 179 880 2582 38 21 328 984 282 1055 4579 249 448 991 147 994 1631 158 664 183 327 1642 1141 488 1199 487 596 1133 1202 436 909 467 1906 901 1633 238 1416 889 3746 1634
1341 7968 14021 14020 5346 9880 932 1096 11292 752 10135 5320 14024 2289 327 14013 9553 755 4262 14014 2978 1067 787 14025 4135 14022 6965 1488 2969 10128 4359 1836 4005 14015 2315 14016 333 14026 14012 14018 2967
1342 9111 14031 4 4455 14030 11756 851 11184 629 14029 5145 5508 1113 5120 103 2214 489 668 1517 237 176 2992 639 568 46 1049 5 116 1624 2335 1359 807 1106 2543 14032 21 115 148 3220 2074
1343 1192 998 1041 183 170 4767 1476 2070 382 2595 12375 2479 4379 816 1067 443 37 101 549 2457 666 14 379 659 327 3374 34 919 1040 152 374 799 2065 804 21 278 1058 156 2113 14033
1344 1930 1488 14039 14034 14040 1202 2673 1070 1933 1169 1230 14043 894 7572 1124 870 112 1079 14037 788 906 1083 793 14042 14045 14038 1484 147 5557 14041 6192 12567 900 14047 867 14048 467 14036 1303 14046
1345 5463 328 237 733 490 468 298 1837 254 245 243 327 3579 448 436 2377 620 422 857 438 3962 1336 267 1435 14051 6255 214 275 158 441 4 248 16 1817 240 3690 12279 3676 139 259
1346 770 3623 14058 755 14056 450 3955 3956 3418 14052 147 14059 11280 797 1297 1501 762 2321 1941 8120 12027 867 757 14061 753 12151 9136 5384 14054 2896 782 781 14055 3326 2127 447 14053 453 758 12155
1347 1355 640 238 15 2763 14062 5 1593 1912 156 6752 3321 475 174 4856 1050 639 5748 1357 14 1368 2622 382 185 1715 1918 2335 1005 474 1910 1359 249 38 159 3846 1349 1048 3203 366 2751
1348 241 14071 3314 14066 10501 918 1416 1006 14070 411 5566 14068 9629 8401 448 436 14069 475 2017 1338 249 14064 14067 8518 14065 643 639 9992 38 7718 237 238 425 1007 10248 14063 255 959 647 328
1349 14083 1512 14079 2678 14076 4059 1508 1249 3327 5444 11235 14082 14077 14081 14085 11234 11179 146 8837 1231 4261 831 9545 38 2383 1526 111 6676 2694 14080 3615 4064 1522 14075 14086 4702 897 935 14074 14078
1350 106 8046 475 666 2998 1481 14094 13216 156 4939 4952 6754 144 7231 14095 2377 7738 495 14087 1392 7515 1996 282 278 925 14091 8243 14 1073 14088 2283 14093 374 353 14096 14092 14090 108 170 247
1351 1378 14111 14109 14105 1465 582 3701 7082 3204 5770 3274 14101 2750 5905 14099 1166 8284 5632 12982 14097 14112 12089 14102 14098 11309 9788 11028 14103 14107 1700 14110 8335 8110 14100 4913 14108 111 14104 14106 10552
1352 14114 391 9258 653 2457 1103 1343 103 14113 1107 393 2 1024 665 148 1023 379 2073 483 386 21 170 178 1045 964 1026 2468 159 104 106 1349 2620 6538 182 3160 951 30 187 1067 3510
1353 14122 14141 13866 14147 14148 14146 7894 5005 942 8101 4435 14126 14139 1063 14135 14145 14118 14129 14123 14140 14138 1076 14117 14116 14120 14133 14132 4510 14134 14124 14127 1371 14144 7458 14128 14137 6814 14119 11068 14130
1354 1847 826 14154 3737 14152 848 665 14149 819 568 2406 3190 134 339 570 391 379 1670 108 3710 3927 461 9572 5907 187 1049 1034 122 14153 11272 815 7234 8473 1702 21 4371 14155 115 0 12200
1355 14165 14171 14187 14169 14200 14201 14168 14166 14172 14163 14177 14197 14170 14199 14178 5095 14183 14176 14164 14161 14160 14195 14196 14198 11193 5071 14184 14194 14181 14179 14186 14180 14193 14189 14174 14190 14185 14159 14182 14167
1356 14206 6231 1072 678 14213 3335 2868 8775 633 1248 265 124 3488 121 461 339 14212 14211 1254 12037 14204 1758 105 6845 1257 665 14207 1074 21 14210 3379 10420 14203 3394 13179 14209 6861 14205 2202 14208
1357 3536 7958 14218 14220 2319 792 3820 3816 12785 772 756 2964 2513 12623 786 4678 4674 2123 2963 14223 2571 752 14222 2366 14219 14221 14215 14224 1140 4673 796 14225 5689 2506 1513 2129 789 3894 4684 9868
1358 13179 2532 8231 14228 6 33 3719 21 9477 183 11173 1107 14229 3694 3936 911 4788 4104 3415 1902 247 14236 145 11248 14233 8337 37 2499 14237 7031 187 373 14231 108 1918 15 5764 806 653 9871
1359 178 14242 14239 1394 14241 182 497 255 237 104 14245 3227 4104 726 1376 14238 244 549 14244 1096 103 5 14243 439 241 14240 418 176 9549 280 1574 9950 460 494 467 106 14 37 919 139
1360 1368 14254 1364 3846 6274 14032 5 2751 1356 14257 14255 8512 1353 566 14249 19 919 14251 1108 5768 382 14258 1357 14253 1787 14256 103 13 14259 3323 1355 1701 11756 553 14246 14263 3139 14260 1358 14250
1361 1012 182 14266 104 964 439 13 14270 14265 909 102 8 1756 2 1055 6210 1338 826 327 14267 14269 657 10968 14268 951 328 438 14 187 21 1817 12 24 103 0 1676 108 122 1750 1959
1362 2335 5930 1048 171 75 185 1058 3046 5610 9358 382 148 139 1349 549 1473 391 1594 1103 186 30 14271 379 1026 395 1119 14022 152 568 145 178 3545 799 806 1040 556 144 159 8308 3583
1363 1571 14290 2863 194 14278 14289 2627 14275 14282 37 14279 14286 12125 14285 13760 2840 14292 6588 14281 2163 14283 216 1895 14272 2164 14287 4447 14273 14288 14280 2836 14291 4133 14284 14274 5589 14276 6316 4942 1911
1364 148 152 802 3049 461 494 3706 798 483 16 139 14 103 391 374 1718 3139 1197 247 37 1192 3053 386 1359 106 178 1729 683 155 3555 549 282 176 1049 851 389 1374 665 5 112
1365 14 1634 270 492 277 411 1067 147 178 488 932 1199 237 240 238 4935 916 1642 139 282 156 4557 249 328 183 5303 1336 14293 327 5311 169 6165 1365 2768 995 244 448 38 490 3676
1366 293 425 253 411 336 255 249 494 238 982 448 414 744 987 1419 240 406 473 1199 478 493 596 298 3116 139 38 241 16 282 488 1412 4080 251 416 248 328 2912 749 490 289
1367 4371 14297 5499 391 2667 139 14302 1060 255 1752 14295 14296 410 4529 1474 122 3864 179 12082 14298 10054 5651 2992 799 1184 1339 1365 13323 1749 3687 14300 3210 677 375 14299 1357 21 5643
1368 124 103 12 3584 9871 828 3199 1108 2406 26 112 136 3046 4787 42 25 21 964 142 16 187 3909 553 19 121 5212 1849 1855 951 7740 943 8 947 3805 810 1799 825 7 3323 848
1369 104 1868 3297 240 863 854 13053 243 408 4598 14310 14308 4249 14306 14307 629 5303 5246 14304 237 38 3229 276 429 293 106 12314 244 14312 13792 14305 12319 200 5469 2872 246 6406 239 1563 2912
1370 3375 202 415 855 104 14314 14317 436 1950 2923 7157 5845 8452 249 5489 6414 1194 1963 169 1196 265 14315 242 238 10562 3557 3010 3751 6416 125 106 651 3292 14316 133 901 255 177 461 38
1371 278 282 206 11799 275 177 248 239 851 1517 7738 293 249 2534 269 247 243 280 259 4382 308 1336 240 228 188 2014 488 250 251 1419 998 418 241 4 304 281 254 3401 242 237
1372 1040 461 911 815 811 570 1166 799 13743 4300 144 14271 568 565 4276 1889 1119 171 665 11034 2533 559 3701 379 2561 3190 9258 8327 549 935 1045 14319 164 103 161 366 1879 14321 4155 14320
1373 7819 238 654 420 1430 436 347 5671 633 2535 643 1817 14 1138 1634 1343 178 2022 3277 461 237 998 922 2019 156 997 374 4738 494 293 2894 916 416 158 438 1144 131 901 103 763
1374 156 639 122 483 1343 1359 1046 14326 3369 324 158 911 11244 14324 394 1473 2748 3762 247 176 4011 4717 329 14 1041 13676 14327 14325 152 368 482 1049 12843 2065 139 14323 103 5333 38 179
1375 110 619 448 14329 1418 3014 1416 1430 478 629 255 242 408 253 641 1952 244 3688 240 416 420 10348 14330 238 916 1641 249 293 1407 270 14328 651 4541 237 241 982 654 301 992 411
1376 1107 1041 179 386 1151 14336 4176 1050 14334 1131 1336 5 176 755 14335 112 901 993 443 1202 3846 683 1357 8333 14333 14332 178 1701 3514 14 1359 3554 909 37 183 7031 139 14331 1057 2280
1377 7940 1441 2556 9109 12577 182 2208 704 2565 512 149 4562 461 112 3995 14340 14338 2496 3985 553 3250 1041 14337 1042 176 484 1199 175 362 14339 38 10130 3983 3553 1593 16 805 148 7935 1056
1378 1418 241 651 1644 275 744 740 411 306 274 631 14342 238 293 259 7154 140 1413 14344 8565 270 282 416 452 4490 240 244 13033 642 301 249 408 856 291 248 1004 636 14343 9877 4613
1379 14349 1359 1151 998 5143 2595 4469 291 12273 369 139 6298 178 145 1478 5671 14345 3676 2074 382 3157 321 3614 13614 5949 156 177 14347 1147 2748 172 654 2541 3744 7367 447 1815 483 1336 14346
1380 237 110 1389 255 411 435 282 241 982 267 14350 2469 10741 281 4 478 481 596 1196 16 492 276 1412 244 749 737 238 493 744 418 1416 2031 636 38 266 2925 494 474 416 263
1381 14 7031 3270 2283 14351 805 932 4548 461 142 1055 3292 467 2280 1506 1328 1365 386 670 656 147 7040 112 3940 169 3357 1202 994 194 5224 374 1159 1481 1474 37 657 4527 4532 379 362
1382 4060 3938 1474 2946 3264 2679 9490 788 14359 14367 14353 10319 14364 14356 3366 14355 14362 14365 3358 14361 108 1483 14366 3348 8827 8829 1482 14358 14354 2786 1317 904 13257 1328 4926 14357 3607 10236 868 3609
1383 1517 2992 1423 1867 46 289 237 104 259 241 484 247 3110 4 238 243 1796 1541 206 278 260 2469 251 6020 492 281 249 485 282 861 651 1002 244 16 5655 630 250 38 298 475
1384 14369 240 281 16 1419 241 188 641 238 211 4 525 1866 237 249 37 200 250 2113 418 14370 291 3009 243 10498 11799 1868 1735 38 309 10568 3401 46 214 313 301 8596 4857 840 633
1385 101 557 512 14 123 2788 2965 1502 379 1144 1055 5729 2783 1133 1131 1137 436 1341 26 153 3321 166 3496 7 4507 3491 14371 6855 639 395 14372 327 138 11689 2306 704 112 1369 867 1026
1386 6101 5503 2785 1829 3017 14375 1551 293 282 3015 4318 431 176 997 14374 140 1195 414 636 14376 993 482 9888 421 7452 487 3283 5671 362 1142 1349 179 637 14373 240 490 139 38 9878 3049
1387 169 657 897 147 7122 5995 5615 10250 1309 2768 1600 1298 2430 21 14378 994 1317 867 2678 1070 868 139 467 788 1306 14377 4791 7089 1767 909 1482 872 2279 904 2283 771 1370 2284 4864 656
1388 6015 630 993 11470 416 3388 2772 2774 997 14383 253 14379 3288 362 5129 4546 4952 488 183 37 8842 2923 14380 4826 4455 14381 629 451 133 655 251 379 38 14382 249 1506 5145 315 1738 4557
1389 103 1103 115 870 552 1938 919 121 1060 436 2241 155 112 178 145 557 1069 14384 147 806 483 799 2260 1331 139 14386 1741 176 170 122 14385 1473 362 400 374 9942 851 108 1049 2214
1390 174 14 1476 3583 3388 375 14391 370 448 37 1041 374 2754 14390 1770 449 4767 909 939 1447 2070 3139 387 2459 3243 2280 14388 176 247 178 3309 3932 666 1920 1349 4079 659 935 13140 14389
1391 4048 273 3841 920 1365 485 238 37 834 158 1950 5776 468 237 1392 737 11592 2469 255 12277 251 651 482 3132 734 6974 14392 247 2018 14393 745 269 2879 3585 1369 2377 854 7504 1351 14394
1392 10802 482 7 1849 978 8234 1701 9486 14399 1853 1041 2461 14398 948 1013 21 7054 14397 390 3125 2457 7352 964 14396 476 8232 14401 461 14400 6799 10806 3584 969 1441 176 5929 8 947 3122 1248
1393 1783 1374 3212 633 1604 4383 14405 549 112 1424 3394 116 14 2376 106 998 5157 6418 176 155 1041 14404 14406 3909 136 944 142 1963 13849 1862 5 339 14403 641 554 10927 131 45 21 171
1394 1309 870 4349 11403 14410 1372 14411 4362 886 14415 14417 867 14412 14414 681 14416 1241 4787 14408 14413 664
1395 195 4794 132 763 851 5351 3010 139 630 1141 1946 2369 449 1148 38 1738 1055 328 444 238 5476 241 355 16 440 2891 282 8490 437 438 416 995 11466 121 1132 6498 242 265 1143 3277
1396 919 1474 178 799 554 2871 108 882 2527 807 1060 176 339 333 5010 1184 851 6965 787 4495 265 2543 666 655 391 664 4794 115 14420 174 103 379 374 8 136 1106 400 183 149 14418
1397 922 6593 38 10472 787 1067 666 639 4225 374 247 914 166 375 379 21 172 108 12785 122 630 851 370 460 139 174 3555 497 1041 152 2748 1148 939 487 178 932 386 1920 5011 175
1398 4379 1594 1478 170 921 3709 846 483 6758 2533 448 368 5687 715 2527 370 156 3510 382 4940 480 14422 5174 327 10372 998 379 657 811 1343 30 1103 3886 461 178 174 2370 390 10646 1471
1399 2541 14426 3139 14423 176 5499 2719 3218 14424 851 1908 554 112 1481 656 909 3694 9715 2756 489 512 1057 640 14425 2214 2058 374 4764 120 1774 3310 1923 1336 1476 1195 998 156 639 2068 935
1400 155 2306 386 182 6779 103 1131 1365 7812 437 3335 13551 1259 1050 3120 657 4605 112 7712 102 14428 400 1251 108 1662 5670 1280 10392 1849 798 3121 1271 1156 3154 3437 1042 3323 6234 8541 8547
1401 749 596 407 110 14429 248 434 237 429
1402 10435 237 488 3123 327 1055 238 1423 14435 380 5960 106 2415 14437 450 478 4490 777 5141 14431 1259 10550 14430 3861 373 14433 3940 416 14434 4794 4858 38 880 4813 1084 798 328 11419 1663 1132
1403 2552 2395 1386 1372 1328 176 1769 12043 668 805 919 659 504 4300 549 512 7055 2671 851 4039 811 1375 5859 520 2717 925 2788 112 3093 3810 1777 2727 1195 5563 156 2832 9542 1474 685 998
1404 206 4 244 3010 248 277 272 651 4139 251 255 591 16 1196 733 228 2031 298 267 243 475 240 259 237 478 2399 3404 249 260 630 234 4246 3009 301 4541 241 238 239 2157 922
1405 3327 12288 8541 7469 10278 4375 10366 1064 187 3605 3174 176 139 2552 1393 14441 320 817 456 4439 137 14442 913 175 14440 870 112 3757 687 1924 2706 1082 103 135 12488 2897 14443 1085 7231 14444
1406 2596 368 2597 2532 14449 394 10617 1175 14451 2598 14455 2601 14454 12967 2602 10699 2083 695 9397 2606 7174 14456 2599 1897 6691 2098 7199 13946 14453 14448 8159 14445 719 1708 14452 2600 691 14450 10081 14447
1407 183 494 177 675 2547 14458 2280 4339 238 244 452 120 249 460 922 438 1633 106 179 327 984 1139 448 178 1634 654 1151 1638 38 2586 867 3150 3242 14457 909 16 1133 139 147 237
1408 179 133 2783 1334 178 1147 992 14460 1199 425 641 1343 655 7502 177 374 2471 1153 457 408 1741 665 483 1906 656 5854 176 995 249 169 362 278 490 6149 327 277 1359 131 495 418
1409 106 1424 416 1957 995 249 1415 3559 1795 278 238 14463 481 7047 3242 675 495 855 837 389 244 3227 1404 205 8355 8037 200 237 241 651 658 572 38 418 270 492 16 304 14462 431
1410 14465 450 179 902 998 549 1620 116 3139 169 2283 629 408 856 496 932 5 1593 1634 448 867 994 1766 2522 2946 483 1633 1770 122 38 1359 241 657 14467 103 4935 991 14466 321 2719
1411 14481 651 14470 200 16 248 3221 1406 3709 2399 1072 14473 9453 14469 14474 2331 14468 8046 1398 2332 14480 12979 238 14471 4048 1049 14477 10278 2995 2377 1074 14475 206 7515 14478 1400 14472 734 14476 7507
1412 749 270 411 408 46 651 3110 2475 1952 282 4 473 293 425 16 237 247 106 243 277 1199 1413 255 206 992 249 301 280 248 2919 636 251 240 1866 1388 274 631 596 478 110
1413 166 1476 1049 159 6140 4276 579 10750 139 30 389 10668 1067 175 393 564 177 178 461 103 148 14484 1359 659 14482 1906 665 368 2992 156 366 2965 247 5 1334 3881 185 371 14483 374
1414 851 390 1349 176 155 247 1908 998 2074 369 148 156 37 103 380 4450 375 139 3546 178 640 362 1359 1473 2509 497 374 4225 496 476 1049 2071 489 1384 145 653 3139 659 1041 382
1415 1430 1424 5564 636 1563 12303 629 485 468 14488 256 3676 14491 12864 429 440 417 3340 4325 14487 139 328 630 651 147 2573 1912 1407 110 6020 405 14485 916 411 607 336 2912 5195 14486 1007
1416 1957 38 14494 237 158 6794 328 408 238 2919 255 282 5467 411 110 5303 1435 5018 14493 416 179 5302 5466 244 654 249 3283 4139 993 274 987 4097 989 241 995 651 596 6791 14495 436
1417 14504 654 448 249 846 653 2469 14501 14505 498 14500 14498 3141 6989 380 4794 387 4450 291 3220 1903 1725 14503 14499 14496 183 14502 10646 13661 631 1342 247 1049 282 2214 8468 1517 941 112 1570
1418 282 640 259 854 1562 38 298 258 630 2734 275 261 448 248 415 473 241 250 405 206 244 596 267 4 6087 238 245 411 3009 274 228 1953 651 251 6230 293 328 1645 629 242
1419 106 1139 3280 375 247 378 7062 565 377 2719 166 3065 11503 3583 1197 1481 1349 666 14507 448 1777 1727 1359 1624 176 3203 496 169 568 5008 939 851 14506 1478 139 483 1041 379 122 156
1420 166 928 425 1365 370 9638 12379 175 159 1914 1041 1907 10414 1911 704 5196 1910 666 659 10825 169 1919 919 1906 816 461 14509 2667 103 397 3585 6140 5564 12374 199 14510 391 1836 998 447
1421 909 14513 1424 3371 551 14517 14518 504 14520 3584 1372 14522 1195 549 1387 14515 9479 805 6593 656 6064 14523 3912 4998 1971 3394 9991 9213 14519 8232 14516 14524 7077 2458 1844 1975 14521 3349 685 1876
1422 14538 14525 1655 5529 14531 14526 2120 3576 14543 45 798 935 1334 488 11361 1034 14542 8314 837 14534 4542 1976 6393 339 629 14540 1745 687 139 14527 12899 238 1196 1424 4988 1197 14536 1866 14529 14535
1423 7537 10501 4791 301 14547 244 346 14545 7359 110 206 3451 14544 7047 253 298 14549 243 14546 238 237 425 16 429 248 38 409 14548 3065 239 416 610 279 336 1634 9291 613 327 3461 249
1424 651 241 298 238 1562 3404 854 250 228 2534 485 4539 16 245 240 301 649 281 1867 237 1950 5245 1866 249 416 493 4322 263 336 239 1563 992 255 1001 640 2872 38 411 248 257
1425 1476 156 483 374 182 1060 1041 6916 3243 1349 4048 384 2756 220 1908 4529 932 3139 1570 13131 851 14290 1384 366 375 14550 155 1478 8358 122 175 2214 2499 11184 4276 380 30 497 5 176
1426 3009 405 327 856 14551 239 274 237 254 478 104 482 741 260 234 258 1419 631 1574 1645 14552 411 854 272 1823 2031 636 488 484 38 632 245 418 417 251 259 298 733 228 13736
1427 787 8128 3125 14553 147 2773 10934 1606 1430 4472 2590 166 11549 148 2589 14556 565 1890 11502 1334 1337 122 846 7029 14558 2992 3139 4925 380 5260 1192 5143 998 171 806 14555 3243 7500 4276 14557
1428 6477 448 14559 5687 3144 4566 4224 14573 14569 4551 3381 14567 147 9296 4563 462 14562 14561 2773 5127 4633 1471 103 12829 9788 4550 178 927 14568 10337 668 3978 14564 10987 14565 1056 14571 995 14566 1192
1429 8359 395 2289 1192 496 1744 177 1378 911 14574 391 1699 14576 476 159 14575 122 164 328 4923 5485 184 1067 2769 174 2992 1916 799 121 582 178 461 807 1334 1340 186 1103 3148 13025 103
1430 639 486 1139 179 380 1650 431 247 462 183 362 3983 666 14578 755 1150 490 6455 251 4043 265 450 1199 2066 14579 2507 1136 4050 1829 1133 14577 3243 158 993 1143 3553 14580 476 654 1147
1431 234 14 14582 724 14586 21 18 2406 3212 695 2535 142 3738 3041 1773 1950 1073 951 131 14583 202 240 895 6735 14581 461 108 4786 3394 2481 959 1265 5157 14585 14584 1364 10 16 29 5
1432 1202 1055 5193 657 422 868 802 1482 878 1331 5527 1774 1328 12374 1488 768 2297 10325 1317 10414 897 788 902 755 880 169 2279 183 125 147 2771 471 14587 1296 790 901 1213 4864 1773 14052
1433 564 114 1354 2981 2 1890 918 1 178 3414 1344 1069 1353 112 3504 3101 14588 166 2569 14592 103 16 1836 131 14590 174 101 3 4412 5979 1103 135 14589 7540 4 132 1691 998 1593 120
1434 1197 2386 4970 14595 1657 9466 147 2384 3460 3383 2376 1405 2405 293 2834 816 4302 5367 1419 6069 125 3473 14594 309 2379 2381 3848 7409 909 14596 2392 3458 3373 14593 2404 1372 176 2382 629 683
1435 2513 14598 139 468 870 637 11349 14602 1508 3814 103 11313 14599 4373 918 793 1494 14597 10239 448 7958 14074 657 2506 770 755 14600 781 1129 786 14601 1378 2503 582 777 1512 2316 14 368 131
1436 435 3125 630 16 854 234 245 244 1049 1464 299 266 3198 2015 241 1570 651 837 255 416 14603 475 3137 3415 473 247 13495 303 13 491 2031 4 46 482 259 38 736 1351 21 6998
1437 251 298 855 630 14606 4543 242 250 993 486 6048 240 411 14605 243 473 8037 291 238 237 259 475 4174 277 1541 239 276 38 6255 249 267 241 651 278 856 282 1574 434 274 2734
1438 14607 169 2283 422 656 2301 932 902 2284 1139 2281 447 443 1633 882 1055 177 439 909 685 1906 1202 1192 483 1067 179 461 183 3310 5489 564 333 3690 125 1836 3964 327 867 353 321
1439 7753 3228 2475 263 14610 10561 280 1498 234 2157 3227 6249 4380 992 266 4541 2015 188 1505 228 189 3224 987 106 1411 1557 13936 14611 238 434 206 477 210 418 14609 261 8256 271 241 14612
1440 3006 21 1374 1376 448 8358 156 166 1909 932 4520 1193 1192 176 1069 655 122 683 805 121 183 659 389 136 139 14613 178 2457 327 391 3755 10478 362 311 379 1770 657 403 535 175
1441 1860 368 704 38 1202 177 6639 909 581 8 14607 142 1197 667 391 683 1030 7956 1328 3174 813 48 8868 9138 822 685 9561 549 183 1372 108 1495 3913 21 14616 816 1073 1855 1858 14615
1442 8240 112 14619 662 504 1428 901 2283 169 2717 125 1374 176 680 2719 1328 2278 512 3590 483 14618 14617 1372 909 2832 685 1429 183 1909 1331 3913 3965 4548 1375 1195 14620 5157 805 683 816
1443 685 3555 112 368 161 30 2415 1013 816 176 174 14623 6737 656 1041 14 665 4794 14622 6860 5 1372 19 475 247 1594 1376 1600 166 8360 108 131 371 45 1387 3563 1049 14624 146 374
1444 14627 14634 14630 14637 6241 3820 4841 14636 1145 450 4555 14640 5842 4837 14628 4550 4553 5925 14635 4566 1831 14625 5447 14632 787 763 2503 760 14629 770 178 2549 2137 4840 1150 362 4842 14631 5349 14641
1445 1013 834 486 281 11926 14643 3307 238 851 242 14330 249 476 206 435 7008 237 1411 498 1541 14642 494 482 3415 863 179 38 1416 277 282 241 251 485 14644 416 2015 495 274 267 651
1446 3345 3344 8043 14655 14651 3348 14647 1013 391 14649 14654 1666 8854 379 12037 818 1335 122 437 14658 4820 465 5960 14650 108 549 14645 14652 14648 815 1170 1777 14646 14653 823 5178 8321 3120 3362 1495
1447 14659
1448 753 9268 866 3326 1203 3024 3136 138 456 10482 1677 1251 918 436 1032 4722 1674 14660 1495 437 1259 14661 2307 14662 3337 19 1233 125 450 1262 3853 3920 3947 14667 438 1055 14665 5192 14664 453
1449 249 277 8329 266 301 3065 594 5247 1593 14669 4453 1369 496 640 38 5245 382 639 1423 14668 148 987 4324 863 918 992 1866 7033 436 1338 4738 237 9349 259 481 418 4321 247 498 651
1450 448 242 274 177 416 106 166 249 651 139 301 263 636 38 596 414 4 1730 253 270 1866 237 304 498 240 474 494 241 271 247 1002 16 255 206 749 243 629 411 298 293
1451 448 425 275 238 995 851 241 631 654 110 798 282 274 630 237 493 265 14670 273 309 12281 13052 278 2469 481 416 473 436 11433 328 267 1388 415 994 1634 411 336 984 651 1541
1452 382 249 139 1359 238 282 3845 834 405 166 496 370 409 14 177 244 1866 156 241 4452 38 5150 242 5 237 5655 2015 374 403 3009 788 178 851 14672 629 1476 3139 3557 1055 666
1453 2437 21 948
1454 460 14673 9657 5234 448 486 14674 654 11215 1131 282 436 1815 12163 777 3745 1826 755 158 928 3021 3763 3031 3150 5182 2875 5658 7919 1833 2776 993 321 1360 457 1144 487 1830 449 916 1133
1455 14683 449 1838 1050 4826 14680 3388 14678 14679 1750 10369 38 10536 139 2913 3551 14676 14675 106 2637 466 674 1069 14677 798 277 1574 199 640 5181 639 1041 14687 14 280 14684 3374 255 3139 14682
1456 362 265 1197 179 436 3014 1202 2392 169 199 3251 1042 512 6080 1192 3976 2283 183 1337 10044 3548 1906 176 4050 155 2667 2058 2553 182 166 386 1606 1836 659 1351 1633 5010 484 685 3496
1457 1424 241 448 1999 1336 16 8596 468 251 245 200 214 1063 405 228 13736 238 237 206 630 416 1866 654 289 440 3 282 328 14689 4451 236 244 14 309 7957 917 14690 2157 298 3841
1458 14700 2835 9956 504 5138 4383 811 11617 14695 822 1672 10615 14692 10017 141 14694 12510 1474 11750 14702 3594 549 2214 14697 14701 14698 8032 3511 14699 1195 7110 14693 14521 683 2557 909 106 176 11152 6141
1459 1063 1917 13015 2488 105 5638 3199 14712 1992 14714 1860 14718 810 14719 14708 9130 14709 14706 14703 1910 3095 1158 1800 4664 12522 14717 8947 1036 7076 1083 14715 10163 14711 14713 11344 6342 14704 14716 3703 5634
1460 798 1050 1606 175 1866 8359 182 14722 3238 108 793 437 176 1774 1169 552 328 462 555 753 137 14720 1906 1096 6778 994 732 866 2880 765 327 865 3368 21 1082 14721 1328 147 668 779
1461 3634 1442 726 11592 14725 4012 477 498 1369 379 5 6048 14727 14726 14731 1706 280 8611 2437 582 14729 145 695 161 3995 5022 5234 2596 10179 14673 1852 1192 176 293 362 1307 5008 1809 14724 14723
1462 2599 7 1715 14740 14733 14739 12225 13 14747 14736 14732 339 10586 12540 10580 124 14738 11705 10595 14745 14737 5003 1915 14743 6445 714 1017 10084 14744 14735 325 3323 16 8753 6231 4 12964 14746 1211 234
1463 8328 14748 4999 14751 4300 3875 2418 9687 14754 9894 391 1859 1851 9590 14756 9458 822 549 5634 827 161 2597 11618 1800 477 2871 3371 14753 1112 5871 504 14750 3594 14749 1915 14752 515 811 11063 6964
1464 802 759 1067 1938 868 308 1132 1824 2725 2395 10955 793 790 893 3330 869 762 881 5145 13223 1070 1061 6011 1064 11379 320 4379 556 560 3605 103 139 897 870 1169 1718 3021 101 2709 145
1465 4859 13624 180 14766 6619 8236 806 9261 103 12535 14774 14770 14776 2466 14767 14772 572 14762 5941 12524 9358 14761 554 14773 14764 14769 14757 14765 3141 14768 1570 12350 568 14763 5947 14760 639 8354 3518 14758
1466 14788 14795 14789 106 14787 14783 14791 14798 14793 14800 8458 5332 4803 14801 4713 14786 14784 3783 12 14785 14780 5335 11706 1763 14792 14790 14799 14796 1424 7329 14797 948 1980 22 14778 3180 7973 6401 14794 13648
1467 3709 194 936 1735 5859 1372 21 6 14807 14805 1362 103 14810 11446 202 6202 108 14806 1678 3044 3310 14804 14809 6600 14811 2775 833 5876 315 176 9798 3701 461 1081 1172 131 14803 2834 3854 22
1468 12376 816 683 868 2280 2787 2715 1213 112 5891 557 3371 2804 1375 1296 805 1197 4039 1202 2721 1159 1474 1323 176 9546 656 788 867 5193 2284 685 2202 1331 909 657 902 183 1945 1424 8435
1469 4856 640 255 654 38 237 14812 238 3229 266 435 282 4769 1421 249 7456 298 982 636 1418 263 4 2469 987 3314 408 493 744 277 241 2470 272 301 984 248 14813 240 276 498 251
1470 178 327 106 14814 456 14822 1562 14815 112 3693 4727 14817 103 14819 902 14 1668 14816 2674 679 14821 110 8496 12 3854 14825 1083 1063 461 14824 4614 677 4725 14826 8497 1817 14827 1060 14823 14818
1471 14843 802 806 14842 14832 564 373 6780 395 14841 1604 37 1594 1082 2214 1471 14845 14835 6832 14836 14829 265 14831 3701 13389 2537 1681 14834 30 14830 14844 13023 936 461 1906 3167 6050 13 14837 653
1472 1620 493 481 274 4322 237 2872 1415 10738 11303 2472 749 14850 255 4538 253 2475 416 1389 8778 338 992 5303 14848 38 5709 249 2012 336 418 14846 4579 238 3288 408 277 214 8782 14847 5466
1473 4 242 651 2015 9153 1730 851 16 259 7952 207 241 277 475 291 1424 2852 416 3002 14855 3226 14851 248 237 14852 6414 298 837 14854 1734 14853 38 4548 265 11440 14856 493 289 1002 485
1474 14857 559 5383
1475 2507 121 1480 14859 155 103 14860 461 5143 386 14 800 112 1847 135 436 2406 483 1753 2706 1758 1069 1471 13185 174 2554 1343 1336 184 564 1116 5127 1836 177 2714 139 659 9262 2534 919
1476 4579 1416 327 277 651 2012 658 16 244 14 293 315 995 1194 416 276 1353 237 38 408 3139 1446 405 1620 172 238 411 492 133 992 997 1199 249 495 7 179 448 259 282 7502
1477 384 4232 1908 366 390 174 1359 2533 3047 2992 1735 1349 103 383 144 568 1334 9456 7984 387 1480 3492 8243 148 7 1384 1471 161 177 139 5499 2471 483 1465 2015 5118 376 172 3160 391
1478 7083 1383 5770 8475 14862 11203 14869 2468 14874 11708 12689 14871 4516 4696 582 3622 14867 14870 14873 14872 52 1672 6444 14868 14863 3539 1671 1699 14100 5893 14864 11036 1182 8960 4059 1707 5885 1680 1371 14130
1479 1650 678 6648 1298 125 667 2202 170 112 916 661 412 657 14875 6004 662 1196 909 1829 14878 14876 867 2377 486 6735 397 1424 20 141 176 3913 14877 3579 1317 901 147 3590 1955 179 1331
1480 147 453 1372 873 1331 130 1310 436 1202 1319 2696 1328 14879 994 14881 868 2593 1916 4074 8314 788 125 932 7122 9094 2309 1633 2725 685 2522 1317 183 438 454 3148 676 12375 14052 182 872
1481 4253 665 14887 6 2395 2557 9716 289 9912 2461 3809 1796 911 525 685 1789 1197 4899 14883 176 14884 7546 14886 13202 951 2566 522 461 13200 9919 1792 19 14885 936 9924 11274 1808 6851 1855 108
1482 1676 13982 14895 13952 479 13959 14891 14905 14904 14906 1023 5591 14907 2086 14908 13886 14893 10 14894 136 13976 14911 13954 13946 10959 14889 1030 14899 14897 959 14890 14910 14898 13941 14900 5 2757 14888 14896 14909
1483 14916 14922 14918 14919 997 909 3683 951 14923 2003 922 11528 176 2489 368 245 139 629 644 14917 8331 854 748 12769 12625 14914 8600 3885 14913 858 6475 14915 0 104 11146 678 26 6969 11143 1027
1484 6804 397 9919 3736 2552 2790 5079 14926 8208 14927 5107 2675 14925 14928 1197 6725 161 1773 14929 656 2283 14924 10194 1030 8449 1600 14914 880 662 12624 289 816 1328 2788 853 5296 8213 1032 3751 13272
1485 3232 237 255 247 38 380 1517 1423 1472 525 4040 3281 2528 3063 911 259 3140 2992 46 1866 837 2469 7689 1730 1735 177 2471 2717 35 241 238 640 250 249 647 485 373 498 851 244
1486 237 298 327 106 443 139 860 2746 631 1004 3108 406 2116 3445 282 916 241 12860 238 277 267 414 441 1907 14 249 448 408 1026 436 856 1347 1817 5463 651 1139 274 38 1419 1558
1487 4857 3579 2459 7697 14932 4 248 6441 244 1343 38 391 5 206 14937 1197 14936 404 237 3321 4487 368 14934 387 435 2562 629 416 255 1049 104 5131 214 984 909 241 14933 14935 1424 238
1488 237 14940 14944 651 438 984 2891 1139 14939 244 10283 240 241 982 450 238 249 992 798 10285 494 138 275 449 1138 328 327 14942 726 416 454 243 355 1639 14943 301 38 8029 122 447
1489 183 14948 4013 1072 3608 1372 816 7075 1851 4550 6510 5260 2468 13149 176 10138 5868 333 1966 1465 14946 282 391 108 7078 10303 3975 14950 7077 3981 374 9693 811 5503 6688 8875 14945 1378 3274 14947
1490 406 278 169 12018 2116 461 412 4656 858 298 327 901 156 139 448 249 38 407 238 1197 14952 994 14951 436 3009 4663 405 1050 1336 861 467 206 409 5463 199 439 241 280 3443 244
1491 391 816 1049 951 1012 1026 108 375 122 244 26 2430 2428 640 639 7896 629 7894 1013 2469 4940 182 549 858 2415 1054 1010 657 806 1023 964 48 6213 121 3201 1034 1119 1030 1070 373
1492 8326 14968 14964 14976 1879 4112 14972 1864 4764 14955 14970 115 14977 14954 14962 14978 2361 14979 1583 14969 14967 5508 5118 14960 565 14974 11618 14957 6519 14975 568 14973 14959 9111 14961 14956 11889 14958 152 2353
1493 1085 103 14675 164 14980 870 1372 1937 1483 368 914 2718 14983 1302 2728 112 9455 3315 894 3495 881 14981 30 4436 2770 14982 138 2767 153 902 907 802 101 456 1621 1122 1935 14984 135 132
1494 1148 379 9335 2717 129 1633 6758 148 242 1041 666 37 1359 391 375 2772 704 851 653 131 5 1470 2074 247 998 1159 498 496 14 639 3715 641 122 2992 119 3969 103 368 176 7211
1495 14998 13188 3323 14992 7713 14996 187 6270 14989 2597 14988 552 695 6447 14986 7405 1901 14993 14999 14990 10858 665 3812 2532 555 155 11221 703 6849 3809 14987 8979 14997 3353 1372 2617 556 12396 5016 112
1496 1067 6216 737 293 15008 10576 15010 2399 4847 15002 651 631 480 177 1138 704 630 930 3200 15013 5 431 1631 282 15009 4844 15004 15001 15006 3132 11930 998 15003 3126 10418 11932 10419 15005 15007 3139
1497 301 742 1406 4048 2327 242 4 6542 15020 7208 420 851 15021 274 651 249 4448 15025 15019 15014 734 416 16 15016 737 241 1351 478 277 373 244 15017 602 15018 15022 735 38 2333 951 15015
1498 807 1328 3356 15027 685 3343 2312 4145 1070 1323 15029 911 15028 830 581 10236 788 1155 5848 509 555 1372 112 2428 15026 1958 4279 3327 2410 2430 512 2627 1852 909 867 816 462 10540 2412 183
1499 247 631 496 1908 166 498 240 1463 641 242 1199 488 3374 633 8689 282 5699 139 1430 1359 1041 265 1057 148 637 370 646 156 2344 448 178 998 1453 997 1593 629 177 414 176 3310
1500 816 1574 250 15031 6080 10506 176 2157 851 2159 200 10562 10570 1027 3401 1073 106 11799 2840 15034 234 1387 216 651 8596 190 9521 18 1361 3227 209 206 15030 227 198 280 15033 567 425 2015
1501 206 274 857 429 38 106 270 214 298 15037 237 740 856 3108 3303 240 3110 651 416 249 861 293 3009 1956 1954 241 3242 15036 591 309 411 901 405 1953 2734 1868 745 243 244 255
1502 2590 5131 1818 15044 1618 327 244 436 990 15042 1620 448 15038 637 11502 15041 12785 995 2922 249 3962 15039 6957 156 874 870 15040 106 1133 8371 449 147 15043 5721 781 2546 4557 1154 643 1772
1503 15048 422 2540 928 15050 2529 15051 1410 15045 4249 15055 15056 6308 15058 321 327 15054 3574 12634 139 15057 3445 431 5448 1817 15049 460 266 5451
1504 1199 490 282 254 260 206 246 238 475 448 242 241 478 416 270 239 486 3230 256 411 281 493 421 269 110 249 651 245 274 353 267 248 4 240 1009 243 412 38 856 273
1505 14 15067 4086 922 4085 15063 15062 7093 15076 1041 554 152 15059 20 1761 103 2981 15069 15068 2992 5644 4767 2982 170 11141 15065 15077 2991 15070 15074 4174 15061 5499 10638 4371 12275 15060 4087 1057 15064
1506 14 111 1055 21 454 880 183 676 15084 15087 328 1946 14115 3842 1060 467 4154 15079 887 15080 11683 2275 907 15083 13 6966 456 2276 15081 13526 1179 2572 15078 15086 9871 19 1130 657 20 552
1507 2143 2891 2289 916 15095 3438 446 1817 5976 5978 15093 3574 3021 4482 4925 1837 15090 4459 9657 447 15094 422 4157 15091 5234 3964 327 440 4218 7450 2776 15089 15088 2876 438 3763 358 10527 3676 1917
1508 1217 15101 3590 1945 3907 15103 5318 7465 1777 15099 1317 1331 7038 7462 904 1488 6728 15097 512 6064 125 657 1230 4061 7467 15102 10314 4879 1492 15100 7463 2946 2767 682 1372 1494 12483 1159 788 5000
1509 146 15105 180 2754 8333 155 1026 21 103 366 15106 12521 15107 1049 815 5634 1116 806 157 3703 3281 6078 164 1119 685 653 15108 145 823 1465 370 187 811 483 378 1023 9687 12703 3190 1908
1510 14 282 122 482 273 490 175 403 1634 139 178 374 411 422 1067 238 4 10738 483 21 145 1055 2992 851 3555 30 38 147 488 375 371 1836 382 1199 205 1950 15110 2 158 3375
1511 740 411 448 637 996 1144 993 378 1146 990
1512 12389 7151 15111 176 183 1 4329 1005 169 11175 1919 4330 564 37 15 1916 391 15112 147 1202 5566 3513 816 813 2992 182 15114 909 103 375 1910 914 7145 702 1041 2543 11179 7076 3147 7739
1513 4013 9304 15116 6118 1837 5433 4731 3375 119 460 1574 166 15117 2753 15123 5917 15122 15118 15121 327 555 1378 4380 1466 13422 9418 2762 20 15120 15119 446 2856 2535 280 9555 449 4021 1153 462 4683
1514 654 274 282 2012 293 636 3303 5854 436 1389 492 277 327 3010 425 7502 631 38 737 473 251 448 629 241 2475 321 237 1952 5466 238 244 298 749 16 10649 183 7500 249 267 995
1515 11351 4371 5178 15134 3277 715 5729 4260 3129 3585 14662 3421 122 15136 15132 15127 1041 15125 3024 436 1144 327 10394 3120 139 15130 14680 1257 178 909 15131 6779 15135 9993 3335 1042 4794 2676 12534 454
1516 554 15138 2237 1938 145 4383 6637 7059 15144 13508 911 15140 3327 3315 647 15142 488 10885 4237 2214 11483 2275 15137 8567 6619 456 2267 15145 112 108 8093 170 13185 6634 14671 2257 15139 6861 10413 6966
1517 420 1142 846 1148 1334 328 293 14 6302 15117 240 630 449 3962 103 131 7502 2362 3279 993 995 8358 380 2773 139 7500 177 637 4010 1337 282 448 7428 416 1136 178 1336 2535 2582 140
1518 9981 995 210 1199 3139 389 315 3294 144 15146 13862 10910 1197 178 8153 630 549 582 282 122 139 6290 4557 388 1060 6149 1738 237 103 112 851 368 166 15147 1067 4543 4379 156 4546 1142
1519 15153 2012 139 469 3283 15155 4475 1634 3113 448 15151 298 244 3009 1199 237 1196 3395 419 1334 15150 405 15149 596 15154 278 6969 1202 131 15152 238 916 270 995 249 9139 2921 14 415 38
1520 1013 156 1369 633 419 549 6555 405 38 176 5 16 166 403 3548 175 278 238 1593 5143 103 379 3139 169 2457 139 183 994 1041 1762 6075 375 489 12018 374 1055 265 997 177 386
1521 7446 280 629 448 1067 633 1002 414 3108 996 38 156 664 939 247 486 362 3034 278 176 997 131 993 3676 2921 178 249 4814 4272 1154 1359 293 451 643 388 158 4677 251 16 121
1522 110 4270 277 237 293 408 1574 298 490 414 496 5843 3302 630 448 238 15158 388 255 10797 1415 251 425 481 3288 1642 6149 1199 249 244 639 411 478 1866 982 855 304 1401 416 38
1523 5663 15159 153 1067 30 1915 15160 3936 1922 2214 1049 911 2532 5635 1086 14 2370 195 11420 1570 639 1 373 265 2471 4891 1866 1447 647 572 395 1342 653 640 704 103 498 2923 186 5754
1524 2459 696 2469 1901 8 3204 14908 15165 1875 559 551 383 1889 15161 1896 1767 15164 15167 1107 3525 103 3524 1700 3528 1588 9776 3881 2468 11397 5943 3003 653 2456 553 7437 6694 2234 3321 7075 561
1525 238 237 380 5244 2992 653 480 475 411 4450 301 15170 478 176 448 1744 7 293 2469 640 1866 482 496 1196 485 3198 416 240 834 9368 476 1359 8239 16 854 38 282 272 241 387
1526 1024 177 6999 1369 1355 13 1701 5775 103 2529 15172 1356 1367 1057 148 14 5776 33 2074 19 159 8772 685 932 1050 919 2532 2601 2 37 382 5 5199 15171 374 1357 152 659 2514 3323
1527 339 6861 461 38 15174 15178 15176 238 255 14 639 1334 177 315 1196 273 5 846 2471 6887 5141 413 237 13582 488 15177 139 554 9574 1375 278 417 8965 657 3969 5929 1342 1336 176 15173
1528 16 861 15183 15181 255 238 282 2475 293 15182 474 1409 475 418 11991 630 241 4337 278 1411 10736 636 273 651 629 249 434 922 4139 494 328 15179 248 3314 237
1529 11533 15198 178 216 15191 4322 6574 15194 3228 519 2072 15199 15189 15187 647 15202 3256 278 6279 15196 15195 15185 10847 15200 1336 220 15186 6031 3841 477 9009 15193 15201 227 3227 8968 1908 15190 15184 15188
1530 15206 998 3310 152 121 2060 103 1115 568 183 4767 156 379 176 386 15204 1465 112 374 2065 7724 15203 805 378 811 8358 2961 483 1192 2074 512 1473 175 1372 1909 1729 15205 8128 1470 1476
1531 4510 1372 1385 1317 897 101 15209 1169 4882 788 2797 4258 3509 2284 660 2728 315 3394 15208 2718 137 4158 2552 3590 1331 872 909 657 6646 557 678 1230 1061 668 870 867 1948 1319 549 2283
1532 15223 11657 3084 15224 3070 7793 11643 15222 3879 10232 2536 11658 1160 15213 3083 11655 15211 15217 15226 685 15215 7257 15210 3075 4133 5567 194 15227 235 15212 9227 5057 176 199 5569 3086 9225 15221 15216 15220
1533 38 282 493 855 2116 15236 298 106 257 1310 247 2184 6308 1574 15235 15232 4080 15237 15230 15228 251 248 245 15234 15233 6309 6048 227 7987 328 495 425 449 15229 238 255 2911 1002 1001 240
1534 11099 6911 6600 15249 1074 11084 8480 164 30 10927 13246 6826 169 1746 15245 15244 15246 15239 1 2645 4155 15250 912 2520 1798 15243 3678 15248 11509 112 15241 15240 5895 111 11067 12675 1049 560 549 15242
1535 1876 2206 3491 12935 512 11542 2706 362 1131 3251 13235 15251 12839 11385 6134 13583 3042 2553 685 15254 3978 13473 4050 1663 386 176 5955 6458 368 807 702 1082 2352 7945 1337 1310 171 436 451 1067
1536 10939 2064 3590 3383 5235 678 4435 4879 549 2202 8195 1376 15256 2718 5989 3705 1371 5891 15255 2832 504 685 1331 680 811 6064 2280 3907 112 2767 3738 5563 161 176 3965 512 1373 816 8435 557
1537 2721 3745 2317 304 880 901 38 15257 676 138 436 1336 1055 438 1817 682 5234 1822 657 3965 425 179 449 140 169 447 3020 468 932 878 1815 2876 240 260 467 2283 125 321 1365 2287
1538 26 283 3221 15265 3230 15259 7093 267 7097 15264 272 248 857 15261 15269 15262 206 3783 901 1202 415 15270 1634 1758 936 15268 922 3212 750 4737 747 3451 3277 245 412 4963 12625 15258 854 38
1539 15272 2518 14 1920 1041 164 174 13671 2068 1619 374 3563 1741 1481 919 2965 512 6221 148 1718 6881 177 2535 914 15273 2509 1442 10910 371 5133 5127 2748 389 15271 7367 156 1372 370 378 11241
1540 8772 5036 2031 1356 2052 2584 15279 1355 2039 2038 5 14 1368 15280 15275 1050 1364 1360 2737 15285 918 8417 1357 255 354 2034 350 14026 3853 3139 277 15283 959 123 9821 3234 38 29 7318 15282
1541 176 678 1374 170 504 1372 1317 998 868 657 805 1102 816 1202 685 161 483 386 1770 1077 909 1328 1917 1906 1197 2276 1473 683 1376 115 1428 103 183 867 5563 1961 1349 656 802 535
1542 2463 1107 38 1889 20 932 461 483 2511 570 15287 152 1474 116 811 665 148 384 1851 1593 14 166 19 10177 1668 155 1334 176 121 549 1098 158 104 6898 659 379 668 1058 1335 10723
1543 15294 176 4516 4944 15297 2331 15293 1958 1376 925 1197 683 15290 15292 4383 667 15289 583 5006 15291 14791 4158 1424 2283 6648 21 4379 15288 15296 2412 3000 2552 15299 3709 4757 557 909 1374 1375 685
1544 15310 15311 1663 370 15313 8276 15317 15320 936 15309 15301 6660 1063 15308 1452 13841 15305 15303 3703 15300 357 5509 2765 4622 15324 15304 15314 15302 4780 15307 15306 13152 2687 15316 798 7653 15315 1075 15312 15322
1545 4253 834 579 379 805 10719 146 2068 15325 6134 6757 1026 9549 931 4537 12770 10311 7032 549 2283 5503 15327 378 951 6538 1116 570 4794 1851 2992 12730 3507 238 1040 38 7888 1474 15326 9259 9627
1546 10100 1069 2317 1372 14 1775 564 12740 3964 13187 7578 176 161 657 3388 125 1328 804 808 915 870 662 2289 7076 867 9451 8962 179 802 684 15329 15328 1331 8964 1070 932 816 386 183 1082
1547 851 328 498 1384 1341 251 10905 1866 4677 8272 2469 46 639 1338 6338 1334 863 373 4455 1412 2067 38 1119 4 122 911 492 488 265 482 389 388 121 237 30 238 654 843 20 476
1548 327 269 38 245 248 424 14 206 243 255 240 3017 854 249 242 329 488 293 325 3402 3408 275 1049 4 481 629 238 415 3234 406 475 244 496 250 3379 260 278 241 490 282
1549 1349 11540 2395 525 38 488 244 255 7449 2954 5507 2356 315 249 2566 387 46 7775 7439 3401 4456 1796 2560 1866 8245 139 517 11300 304 11873 2062 3063 2992 392 549 2113 3573 11148 4379 844
1550 15340 15330 15342 15347 13589 15361 9076 2226 15337 8417 15357 15339 15334 15356 10236 15336 11884 15344 15363 2038 9215 15352 4959 15333 15346 15360 15341 15345 15355 1509 9213 15331 15348 15358 11592 15362 15354 10110 15343 4399
1551 10540 3984 21 10127 199 15372 653 10342 11293 3609 15373 15367 15374 108 497 10044 2467 362 5318 2468 15379 3544 11287 3701 15365 9080 3227 15375 379 12930 15376 8875 807 10303 11278 10300 15369 171 15377 15371
1552 8202 15404 9963 15400 15395 15402 15393 15418 535 15406 15391 15380 15396 13359 15392 15397 15408 15398 15409 15403 15383 6944 15388 6900 15384 15386 5121 15390 15411 15414 15415 6929 2835 15381 15385 15382 15410 15413 15417 15387
1553 4737 46 591 15422 237 276 278 104 15421 9664 3508 301 0 14 277 259 238 651 243 1196 485 7689 1392 16 265 248 5706 4 855 922 14781 6891 15420 38 416 5335 255 251 244 281
1554 15443 15434 15428 12908 7405 15437 2532 368 15429 1452 5877 8755 695 1710 1127 12906 15430 1072 6822 1074 15433 15431 15436 4900 8887 13243 15424 5885 15441 12898 5899 12901 15435 8980 14476 187 15425 15440 1081 15432
1555 178 375 0 695 3809 5 12449 13402 15449 1473 5973 15446 21 484 2528 15451 15458 15452 14 15447 15453 15448 121 1923 15444 7839 12043 15454 15457 15456 16 37 187 2059 132 183 998 15450 1 122
1556 629 304 256 1336 260 244 411 651 177 5463 6994 240 243 245 1957 10208 237 639 471 4981 648 640 249 414 272 649 4450 46 274 299 238 301 266 854 215 4453 426 263 106 250
1557 855 4 475 110 301 1952 258 6080 2469 276 477 1957 238 242 244 106 987 418 277 411 263 1361 481 255 237 241 409 651 248 494 280 488 4320 473 234 982 251 2015 416 279
1558 2507 2541 1103 375 174 467 3969 7367 177 2748 3388 1476 122 403 6095 14 666 3168 185 3842 10733 3183 1920 139 171 10546 12737 15461 15459 159 1107 9279 6140 131 3762 919 5948 327 382 182
1559 8860 1036 139 3 811 122 1384 373 1023 1024 911 1041 1343 391 828 2610 7609 1962 14 3190 1753 806 131 1495 30 103 1676 21 183 123 1048 4104 6274 15462 483 1799 8 1 1166 1049
1560 807 391 665 12401 13614 1337 1101 15467 1378 159 3875 368 15464 3886 3321 14335 1889 103 377 7714 2208 183 565 1879 175 15470 2468 15469 21 366 570 1896 3491 386 996 5932 2464 1192 15468 462
1561 2038 994 7 798 1055 492 238 1760 15475 488 316 16 991 15472 2469 2037 763 3277 6477 2021 15473 373 244 494 2019 1133 624 2584 758 15474 38 237 2040 340 33 15471 4 178 1866 4452
1562 15476
1563 2098 7 5610 4899 7438 1108 15482 15488 1903 5877 176 1890 15481 379 5895 1764 15484 1 2202 8162 5893 15478 4234 5118 15479 15489 5955 2214 2461 562 15487 155 108 553 15477 2356 11156 2457 12248 10232
1564 3941 788 873 1132 333 1067 1488 1042 15490 2310 1050 183 790 867 9266 179 1964 147 753 932 15492 3532 1906 4164 1328 15491 755 2289 8429 7353 7911 892 928 657 768 907 676 3940 175 4550
1565 417 2714 244 443 139 1417 414 106 432 15493 263 1574 177 1633 596 418 5333 3230 237 2925 15494 280 1557 636 298 38 281 238 457 412 1133 15495 411 438 206 18 422 448 241 15496
1566 481 6093 414 110 491 416 15499 2113 282 629 4232 4960 1466 3038 15497 237 4247 4 176 4225 273 8623 4973 241 15498 1416 278 16 3450 3373 8382 46 651 1480 205 665 4971 1684 2767 12575
1567 4581 8057 724 13903 15504 487 4860 9413 2501 15505 169 159 111 13898 2628 182 147 1664 2143 4777 15502 3634 4783 2303 1122 15501 2544 5371 462 7923 132 1669 1082 15500 1067 467 2597 6121 15507 708
1568 553 704 496 2744 15509 3415 3936 108 1368 380 1175 50 15113 1359 8772 1355 11280 15510 106 930 528 368 7739 15512 5 1907 15511 156 103 3101 1082 1901 2596 579 227 1353 6270 15508 12248 2714
1569 436 1060 8239 139 1368 4 2316 1359 639 704 497 726 2748 640 6101 2783 2179 777 4659 1472 762 11987 3139 159 1144 156 2029 987 903 760 873 2015 666 1048 4450 477 7439 374 1357 2071
1570 38 3139 596 8689 15514 498 494 14 176 282 995 5246 2015 5240 274 4 1338 837 2469 237 476 1389 16 909 1866 238 178 3229 116 629 5696 241 244 374 247 474 1424 2470 15513 549
1571 1518 1134 2547 158 2549 2140 5690 416 985 1149 13660 2894 643 1135 715 13659 1138 1133 3953 1631 1141 5737 2546 1502 4498 448 994 2902 2151 1816 763 726 15515 1512 1639 4833 2147 4732 755 2545
1572 14 10478 12462 15518 1334 131 315 12098 15516 6898 3049 15517
1573 4020 1134 176 8113 2773 177 15089 12055 7929 2549 5258 8108 166 3951 10839 2780 1983 1407 1140 5693 763 6594 1136 770 15519 2141 404 2535 15521 380 2376 633 3894 1148 3962 12784 7939 1145 153 291
1574 156 461 379 5123 7 9456 155 3415 4234 187 174 8 177 15522 2533 3881 16 15523 368 136 483 178 103 4099 659 15 10718 2406 366 810 666 2461 5610 21 3762 148 919 3140 48 131
1575 186 2 14990 6441 394 176 1049 691 3881 1581 8245 15524 2938 551 368 9479 30 8159 37 8820 8306 2214 1715 581 571 1962 15529 685 5212 1683 15527 2505 6447 2552 4276 103 14405 560 2407 9590
1576 327 1574 3718 15534 1298 1994 443 1136 15530 321 15533 5403 15532 179 3061 15537 15538 13386 237 10487 249 15539 5164 240 12285 3332 15535 639 416 425 447 449 12570 631 6895 924 2886 448 437 468
1577 668 3066 11950 5079 2287 6134 1474 683 10131 755 798 3238 183 1906 8300 169 447 3152 333 3357 901 549 9967 805 909 15540 935 8265 867 3343 161 1766 3369 682 2902 3275 1192 9709 659 2283
1578 11046 2963 698 395 710 2468 14982 11035 13160 2702 3622 10240 6444 2366 4373 10364 2506 15546 11057 11715 12073 3643 11040 103 716 11044 699 15541 11036 8124 15544 11045 15545 1378 5600 1085 15542 582 368 1049
1579 15547 103 10256 3685 5323 1026 3675 8239 6874 15356 15548 11410 8417 2961 21 860 2055 639 3046 1049 647 1668 2023 4659 6619 4452 9363 482 7369 5 653 139 2038 1338 6999 3013 1649 7031 554 14
1580 241 4541 997 248 495 106 281 14 7537 238 1866 249 177 1416 982 418 259 327 436 425 651 178 282 301 277 278 16 959 3307 4 493 237 414 280 336 992 481 416 435 206
1581 759 13268 15552 4435 3383 2249 4154 899 1328 1230 1906 1061 867 103 137 657 35 2552 1600 1082 15550 4436 1169 4924 15553 868 8088 802 147 5150 1217 1069 7458 904 1319 2769 4864 1668 15554 456
1582 15555 14754 9748 10236 9920 1901 15564 103 15565 1363 15562 9746 9957 713 11757 2226 15568 1882 1494 6722 1958 15566 1162 1174 6268 13566 5 15563 15567 15571 15570 15556 15573 3356 15560 2218 9080 15559 15574 15557
1583 4856 277 15579 298 5248 38 976 15580 448 245 630 10248 278 4321 15575 240 482 414 263 14006 241 5668 29 327 255 855 3841 862 328 6255 4541 654 475 15577 5011 425 355 15581 238 380
1584 15582
1585 10219 765 441 7342 2852 1050 2645 464 1070 450 798 1833 2189 15587 15586 2911 2856 13903 444 15584 15583 15585 6311 7847 327 447 467 1906 10071 1911 446 2891 1816 555 1508 147 216 462 439 3534
1586 327 103 34 147 704 10540 1073 15589 805 469 1050 259 10394 7880 788 943 6639 1492 15588 1132 5 1357 1034 182 122 108 3760 1093 1055 1328 873 1368 112 1906 21 816 715 804 183 5610
1587 15604 425 15610 15599 15609 234 1792 18 560 15594 15607 526 15608 13210 1811 13278 1791 10436 1810 1793 10034 15591 9724 15596 15031 15606 106 15590 1387 176 212 15603 11514 15605 15597 15602 15592 1758 11536 937
1588 448 13823 591 133 15611 282 273 328 4814 278 649 490 374 237 255 106 241 3232 156 643 416 3971 279 1393 855 251 8045 482 110 478 1917 242 1199 4938 238 293 409 982 12649 38
1589 390 6078 1195 15615 12127 395 9343 568 394 15105 554 15614 3530 4240 103 176 5370 8349 1594 11580 1767 3227 4344 15612 552 1681 2076 15617 15613 653 572 280 559 477 3719 180 155 8300 5908 2015
1590 1107 2762 4 498 244 1334 2509 1041 177 1866 10182 237 1574 1357 280 982 1368 238 2179 8901 3966 108 14 851 282 639 704 37 391 653 987 38 2965 5 4785 5258 3140 408 106 2074
1591 280 238 984 416 1645 38 260 834 1410 249 282 16 411 475 4 256 649 272 15619 3585 15618 298 8256 594 240 1001 234 651 630 911 854 1464 1055 740 277 259 37 631 237 448
1592 995 273 7502 416 492 15620 10476 630 1639 474 411 1435 987 103 749 282 15622 238 15624 241 178 1412 3139 15623 15625 156 984 14609 476 255 5480 277 7670 15621 274 38 267 798 436 1389
1593 15629 328 1634 183 596 15628 240 997 179 251 46 158 374 447 411 298 482 3139 916 984 247 1199 630 327 242 237 15627 13824 416 478 737 9318 362 15626 2473 15630 659 4856 241 282
1594 15638 15645 4785 2852 3846 15646 1093 611 6091 3966 5594 3265 9311 15631 9310 569 1050 4324 15633 4322 4822 555 255 641 15637 15643 1357 15634 1355 2854 15640 7639 2116 183 15635 15642 15636 7031 15644 724
1595 110 140 242 238 1829 362 4484 486 1135 249 405 916 16 293 5234 409 993 267 438 263 406 309 3034 278 477 4 280 1645 38 490 488 240 861 1950 4079 237 416 421 279 252
1596 1195 915 179 4924 15652 1906 932 155 10697 846 151 2773 1365 374 383 564 15649 13027 3844 484 147 403 103 183 15648 8877 2555 362 265 5 1909 8878 1067 199 1604 2415 1987 2667 177 15650
1597 267 277 241 259 473 488 38 237
1598 1154 9155 1042 15653 1049 3149 122 15659 144 4779 486 873 782 6763 158 815 15658 4562 998 15656 4556 1633 553 15654 15660 565 1139 2773 328 1051 3121 5178 1026 581 15657 1611 11684 1135 3426 15655
1599 142 964 3726 1338 15662 0 454 136 8 15663 15666 5962 3729 15664 947 948 217 3727 5446 1365 3937 9486 3739 1766 355 3728 3724 2296 327 436 951 2716 15661 15665 3723 179 2280 1015 2870 1202
1600 38 437 4541 2031 8813 1139 293 1649 301 266 327 997 1952 1866 241 2913 416 1388 2028 350 16 411 585 636 629 494 179 325 237 448 282 15668 482 3139 267 916 749 249 3314 737
1601 15686 1447 15679 15672 11928 400 15685 15675 10804 12564 15680 11616 12545 12538 21 12541 12542 5192 1013 12544 1026 12540 15682 12537 15678 102 1035 12561 12539 139 15673 15684 15677 12547 7478 15670 978 9486 15669 476
1602 178 565 1340 3510 659 139 169 909 4757 1049 247 101 122 1103 131 374 8773 327 14 2541 157 666 1476 7030 378 170 186 2527 1334 425 1041 156 1196 6891 1082 483 103 120 147 919
1603 3605 15697 3597 15542 15690 3369 456 15709 7038 3609 13160 4707 15700 3327 15707 15701 15698 15688 1159 15692 4439 702 357 927 11491 10925 15695 15699 15708 1303 15693 10236 2500 1085 15694 7564 15706 4373 3967 15696
1604 449 856 206 293 636 643 282 272 744 1645 249 266 651 16 631 629 2329 1410 248 493 274 298 482 473 630 435 2039 474 2734 267 251 38 448 494 239 4 240 241 238 237
1605 6371 15717 15720 1341 15710 251 169 461 15714 6104 15712 8938 12098 4664 2826 15725 15711 2471 15724 3706 932 315 1195 685 15715 15721 2555 2775 909 176 522 15722 15723 7526 15713 816 533 48 15726 549
1606 1821 320 3617 1370 7916 3718 3623 3198 479 15730 12079 11447 3642 3808 251 630 3415 205 899 173 2905 3965 2763 1230 2645 187 5125 8848 753 485 1298 15729 1673 15727 903 282 1873 4373 768 5405
1607 549 15731 512 3614 874 483 2533 1061 15732 1836 1386 2120 108 125 139 374 5 802 176 664 2767 657 169 315 8 4935 1041 2284 177 5234 156 655 656 564 816 1070 1600 119 932 175
1608 637 1057 388 176 156 6290 1336 3564 10989 10436 448 3014 304 195 483 353 178 996 851 1056 1146 1829 998 4546 4543 422 488 3563 420 389 374 315 282 988 633 6135 1738 14 1200 273
1609 175 170 653 18 103 1335 156 148 3244 15733 186 139 159 183 15735 112 2 15734 2074 1040 919 19 1701 799 1479 375 14 5062 569 8611 6 177 553 8 656 11034 659 152 178 122
1610 140 15738 241 2917 11150 6454 993 38 250 4463 15741 15740 5646 1442 3372 8691 641 8329 1407 992 420 643 293 2113 243 2000 266 988 629 238 15736 5679 987 2534 985 1641 5709 324 3314 206
1611 4148 802 994 3189 183 48 103 139 391 1780 801 1372 1040 1465 15743 147 665 176 867 816 115 386 462 1202 1073 461 15745 7713 1474 467 2432 564 175 122 5174 807 15744 683 169 1155
1612 416 242 629 737 274 237 596 478 651 473 1952 249 411 5466 997 282 4599 630 241 1413 631 248 5469 995 267 1866 436 38 240 255 238 448 2012 4139 922 749 408 431 1388 2734
1613 5936 33 554 170 15750 8236 14 383 2076 154 15751 10718 9258 15756 5943 1359 3381 8508 8511 12830 2217 12921 15753 1594 7371 166 7984 5931 396 8242 2459 15749 2528 9101 5118 15755 15746 15752 2464 8142
1614 153 572 375 851 249 2566 219 4450 2214 939 8245 238 215 552 4 395 647 3203 1735 176 1727 280 6826 46 5507 2397 106 1041 374 15760 434 16 3401 806 387 5508 11183 846 2015 15759
1615 228 1868 473 1866 2157 2391 4 263 242 190 257 839 10241 269 201 248 15761 475 259 651 7748 16 3402 188 237 1002 840 281 243 244 254 267 10574 234 861 1419 3373 241 214 415
1616 682 816 1720 1331 515 7798 5563 4510 3592 8457 2788 512 4516 1328 1769 909 557 1372 1317 4039 3383 125 811 6728 530 2718 657 3388 1386 549 685 1600 535 6737 2717 112 678 2797 533 5120
1617 4348 5611 187 4826 15762 1574 15766 6010 14273 2856 6316 15764 4104 2852 279 30 179 1194 15584 247 5 1361 389 1393 3046 7742 7825 15767 4891 922 3226 2163 15034 4344 1026 14026 15763 2173 2849 199
1618 15776 12578 2778 122 442 327 1338 15780 443 15773 15770 15774 15781 1430 7452 12738 457 1135 15769 3285 7451 3341 15777 9624 183 450 10417 2780 15768 15460 444 14373 10760 9623 14580 6891 15782 2303 3983 15783
1619 425 248 2469 148 16 103 46 106 498 854 247 255 482 435 237 411 14 640 104 250 214 38 139 418 251 1049 1349 234 339 4326 408 4 244 327 1359 416 238 368 249 2015
1620 5923 13938 422 483 1057 3546 15785 1574 431 255 156 178 1359 38 15788 2773 6135 448 1199 930 1041 375 158 15787 179 1334 476 1107 490 4764 2529 2143 15784 174 273 15786 993 3891 1335 5647
1621 391 1336 148 1906 1479 139 112 3310 2534 807 5957 916 327 140 436 572 914 657 668 103 2461 122 175 653 368 1067 178 1920 166 1374 379 1817 174 177 304 3165 7819 656 422 131
1622 2610 1050 4649 1023 2 1465 368 1372 186 5 8 15791 1855 24 177 1072 1012 1055 512 4813 187 1103 951 886 476 3415 176 880 1466 15789 5182 9413 11513 1676 112 103 122 12 139 106
1623 211 350 15793 255 263 298 317 238 243 239 2028 416 237 249 15792 106 3228 495 4 418 276 3240 38 4322 244 2015 435 2029 5668 481 987 15737 234 241
1624 4856 15802 7807 15796 1360 21 2067 3853 15795 3685 8425 3855 15807 10687 247 15801 6470 15803 187 3842 918 1285 12542 15800 10264 4786 489 6565 5699 15805 15798 3841 1676 5245 139 15797 15804 6234 298 1364
1625 2098 2619 15826 6694 15812 15817 2600 15823 15825 7172 10086 1877 15827 10699 1798 15822 5911 2617 2603 4018 15824 2620 6271 1897 2602 3846 6447 3523 3545 15813 15816 14405 15166 15820 2 15821 15819 9871 15810 15815
1626 2773 6292 1336 1604 1334 15829 3377 6290 1067 3491 169 315 565 3251 14 572 1199 4484 6134 6458 3168 1337 279 6370 15828 1829 362 2362 178 10989 4566 5141 6454 4174 3283 4050 2555 3373 996 3570
1627 293 15835 15839 15846 15836 15843 13735 6015 15834 3138 739 15837 2008 6406 303 1956 2391 15053 745 5492 15830 738 15838 3114 3410 3307 267 301 627 741 15844 15840 737 2733 15833 15842 15845 15831 8487 309
1628 1837 993 122 353 1336 158 1192 2012 103 422 1829 658 664 486 3292 444 443 3139 15848 436 15849 1067 490 483 177 2283 169 3557 1139 1334 961 5842 431 448 442 362 5849 176 389 139
1629 184 386 565 15854 5354 1890 5908 656 8308 171 2213 683 75 187 161 176 165 183 806 368 1889 1042 4913 914 112 153 155 15850 3169 139 15853 158 504 15856 15851 11034 333 14986 2468 555
1630 30 12401 3321 368 122 684 846 436 2981 15859 379 1958 1710 3227 15858 7346 1115 1049 120 176 15860 568 1048 280 166 497 572 1695 2072 5955 186 483 394 477 103 7697 2965 2518 1372 14757
1631 15872 2366 15869 15870 2509 166 11036 710 11880 15864 9298 15862 12337 7369 2213 11041 6594 698 8129 6444 15866 144 10012 15874 1378 11038 4059 11044 368 103 11045 15865 2963 15863 5687 15868 15875 15871 3514 1502
1632 282 277 271 206 418 242 244 411 856 651 131 274 239 327 291 269 16 241 38 240 1404 260 106 2876 248 247 298 422 4 243 916 1419 279 488 263 1430 406 249 237 429
1633 867 3144 1474 431 805 1906 928 875 179 438 448 658 460 178 439 1310 451 486 1298 5727 1365 1319 468 1230 1611 1837 362 15877 355 2280 674 2289 2372 880 333 991 1633 4005 9967 889
1634 416 651 304 1723 861 298 217 15878 425 839 249 238 1401 1979 855 3374 38
1635 5491 3110 16 15625 15879 15884 211 851 15885 282 3009 596 15883 15882 749 6015 493 2031 238 651 12518 861 15880 922 237 232 248 1869 15881 242 739 5173 283 4139 244 492 1574 110 250 249
1636 14 631 250 301 1196 4857 15886 498 244 414 5179 1049 1866 1645 251 241 1424 247 2916 1359 272 473 2470 629 249 2586 2925 478 639 749 4 494 482 238 293 3108 1415 411 16 647
1637 159 483 176 2871 183 15891 919 1328 564 633 1630 2720 15887 3340 1474 15888 1041 131 108 139 666 2284 808 1073 1202 178 1199 15890 1481 2058 1319 13139 4520 14 932 374 1107 174 103 21
1638 389 219 7226 145 103 2560 112 237 4276 176 565 368 1890 664 164 8242 214 265 12831 1067 1040 148 1866 1381 10718 1480 15894 379 665 170 15893 5508 15497 172 932 4232 1343 2457 3510 141
1639 3561 1781 379 15897 5145 2070 115 15898 1067 199 10673 6157 1423 5859 662 2543 21 851 402 1353 460 959 15895 10934 372 3995 7526 633 1758 665 1514 169 3380 4150 15899 3504 382 380 11418 1050
1640 639 1086 15908 15911 1570 15909 15910 11587 1744 15901 2469 496 340 7725 15906 1915 16 1032 3415 106 1041 15912 131 1649 1049 7739 15903 15905 10098 325 15904 15902 2015 327 3699 3234 3719 15907 15900 9194
1641 684 951 136 7978 1073 10193 825 25 122 12770 139 15921 15923 178 202 666 15913 483 170 379 34 1424 1657 15919 2400 3212 15914 1959 15920 15922 21 15918 5497 15915 142 374 5709 152 7977 15917
1642 1387 10175 179 3411 12856 15925 429 3227 15924 1393 106 10577 12889 5669 15792 270 276 206 6093 1403 431 9431 15927 409 279 11654 7753 8596 275 12649 110 987 1009 3009 15926 241 434 6089 4456 196
1643 992 249 3307 851 1202 418 4319 1197 641 651 241 629 411 278 301 110 478 277 265 176 476 251 416 248 291 16 2283 38 237 247 624 494 656 408 4 240 1416 238 481 255
1644 482 1957 411 414 244 267 277 2435 1041 241 485 408 982 38 248 238 654 481 8239 282 255 416 2028 1196 494 251 1952 273 16 110 651 1401 272 309 629 206 301 851 448 274
1645 15929 15939 5503 805 12591 800 12606 15936 9965 4011 1777 3984 15932 15931 15941 3349 5313 4005 15930 10145 1159 15944 1481 15934 670 10131 3368 15928 15937 1606 15933 4550 15942 6247 15940 13064 3940 1474 3981 15943
1646 8801 139 461 176 1067 251 15947 328 1731 6292 629 1334 282 6861 14 327 2362 467 2590 4497 1815 131 6221 414 321 932 10646 103 995 448 449 249 917 3962 451 8374 15946 315 389 492
1647 3839 2832 9090 15109 2058 10938 2400 685 6370 11673 3047 374 1600 15951 1374 4381 3168 816 1192 265 15949 15950 512 38 4039 2788 895 1359 139 1481 179 368 176 171 483 1357 1193 3992 1372 3210
1648 1633 3243 7337 10540 3227 4550 2318 3357 448 481 1611 3464 2873 450 293 656 987 781 1141 237 1474 305 15952 668 38 763 1139 3149 425 805 637 416 362 928 2376 454 438 3238 1138 1159
1649 448 3144 1049 11232 178 249 238 868 11696 177 2589 3585 3139 21 1254 1067 38 880 237 436 3125 5452 1199 116 416 46 182 468 851 454 1048 403 1920 8243 1119 489 1196 15953 122 389
1650 15959 2102 1156 6664 15967 6556 1233 15966 1017 1209 4610 15964 15965 13552 2607 12225 3121 13557 6229 6781 15971 3426 1204 15969 4600 5289 10585 15961 1175 15956 15957 6235 15962 3805 15955 15960 9210 15963 1274 10679
1651 490 494 416 277 651 248 856 243 239 270 278 104 260 488 3009 251 237 298 240 249 405 206 1199 1041 241 178 269 38 244 238 4 1541 1334 3450 234 274 16 247 409 624
1652 251 328 242 636 997 482 416 798 16 492 408 293 3110 282 247 4 856 255 632 289 244 411 327 158 629 436 373 325 267 982 448 651 851 2469 1649 265 240 478 2473 238
1653 3401 265 1866 1474 2283 389 3047 3283 1384 1506 656 1738 147 1633 4529 177 14 183 139 564 122 282 386 11700 851 3017 1096 46 1735 1473 488 156 450 103 467 131 3563 998 994 917
1654 568 374 375 386 4300 483 178 1372 846 174 378 379 1889 389 998 1384 10184 122 15972 139 1474 176 579 166 4520 2365 3521 1729 867 8358 657 1192 156 1040 659 7058 147 3139 175 103
1655 178 1359 2 1349 1049 169 1384 315 374 379 389 103 156 5499 3719 552 139 998 2015 806 155 131 171 387 851 176 846 565 2992 659 568 1048 14 183 166 145 572 152 639 112
1656 9511 418 1410 201 15976 475 1983 15974 478 1409 6996 1461 10167 1955 493 855 1557 1435 38 987 248 269 4952 244 241 20 238 277 651 10577 301 257 931 237 275 133 7538 298 260 110
1657 15977 1558 15985 15984 15981 6551 15989 1001 282 1551 298 15987 636 1413 15978 244 9466 415 237 12860 7100 15988 642 4613 15991 1004 1703 15986 274 15982 259 744 15979 1009 2734 15983 478 630 15980 293
1658 828 39 4734 102 5256 15995 38 178 2754 2003 1796 15994 110 1670 1702 155 1860 2981 3130 1338 653 139 15993 391 7070 3805 816 1749 37 241 1676 15992 24 1023 2992 3521 963 2982 400 182
1659 37 147 1136 7438 6078 990 304 6304 1849 7495 1154 103 6898 1906 1348 633 988 11274 15998 2594 637 8153 156 7432 7435 6291 403 668 1349 1911 6140 15996 267 2539 7431 3108 3145 572 15997 3565
1660 1049 848 647 116 3379 6214 38 121 4222 1480 37 247 572 2992 166 461 3373 564 836 241 7 14 16 3009 3047 3140 4232 4290 851 176 911 839 234 178 265 144 237 1384 2214 4451
1661 1297 14929 176 1055 6648 16000 3907 512 2718 2771 2279 2299 16001 2806 2284 1331 194 1307 682 2834 3383 892 15999 678 16002 1936 2400 907 829 11479 867 6731 12439 16003 1328 4039 872 674 1372 8952
1662 7774 16008 16007 1099 16009 8966 16 7718 14 911 1963 3379 3214 238 2344 1668 16006 936 1976 473 176 242 15189 3705 13023 16005 16010 858 3034 4654 14886 289 461 839 6993 6101 3017 2214 16012 2402
1663 16015 1976 7159 16020 16023 1258 9264 8756 3154 24 16024 6556 465 16016 10483 9267 472 10685 3417 1020 454 6562 3426 15128 9167 16025 4752 1249 1256 4601 1259 1203 5297 16013 16019 5960 16014 2887 1037 3950
1664 657 6284 777 867 895 490 474 3157 2725 855 16028 5951 732 487 1474 2087 462 2303 16027 1159 2289 5125 3532 438 1946 2133 327 6290 1133 1131 2279 1317 1150 176 147 8239 790 437 16029 928
1665 400 1334 1040 16030 170 2214 379 1384 374 639 265 629 103 3139 178 380 7367 911 1774 651 237 6078 806 3140 3191 210 837 238 249 244 122 6226 1192 2992 16 174 152 3579 1041 145
1666 909 1325 15688 674 549 5 963 11025 101 2435 639 429 822 656 1328 2279 1424 2718 38 45 278 2786 16031 34 3737 3848 1050 1479 8965 16032 11274 1372 243 176 3383 106 969 336 129 657
1667 629 416 183 2734 387 411 685 740 1374 1987 490 1199 2202 3006 158 161 895 425 293 3034 11607 2113 5271 238 683 106 176 249 8201 38 1419 247 1195 1376 16033 4656 1196 909 816 631
1668 12396 1851 16044 16072 11368 16038 16071 16046 16049 16054 16067 5212 16040 16043 10981 16037 16064 16073 16066 16034 16055 16050 16048 12322 16045 15554 16061 16035 16036 16070 16068 16065 16056 16041 16075 7799 16051 16059 16069 16053
1669 16091 14770 16084 13609 16092 16079 16083 16077 12748 16090 13612 16087 807 156 383 16076 103 16086 176 1711 16096 8293 11961 149 16095 9970 5185 2227 9358 16085 11313 9172 16097 168 2412 16088 16080 5956 16081 13618
1670 8239 3445 629 214 863 16098 997 14 624 485 3009 834 7 1954 234 238 3414 15728 8623 3508 3765 116 3198 619 1424 277 38 4450 480 244 16100 267 482 2469 1550 951 301 247 245 5958
1671 242 237 425 740 630 1651 2734 411 240 596 4613 3314 1866 4541 282 251 238 636 631 248 1418 1645 241 15981 38 293 3340 1388 478 744 856 749 16101 274
1672 504 2995 1979 16102 4446 16108 880 16111 2457 16103 867 484 115 468 1374 3008 16109 16107 16104 1430 3691 110 1976 1197 255 16106 651 14590 4253 7515 10196 16110 3932 10576 4952 38 328 591 176 15012
1673 1175 13875 1349 16117 357 0 3626 175 16116 1886 16114 716 9280 3969 16112 690 5182 12533 6268 5463 1879 1359 1169 10791 1148 333 1357 390 2509 1890 1447 1144 16113 693 704 379 166 10364 1093 3190
1674 16148 16159 16137 16144 16134 16128 16143 16135 16121 16132 16118 11839 16136 16133 16126 11846 16140 11831 16141 16147 16138 16152 16139 16158 16123 16150 16122 16151 16142 11826 16130 16119 199 16129 16156 8663 16124 16155 16145 16157
1675 381 16164 2070 16165 5174 1463 16160 3042 3015 666 166 998 4225 393 1453 378 490 382 6752 3176 8128 1359 139 159 131 1918 16162 2514 1107 2541 155 16163 384 1357 10098 145 178 1915 579 3283
1676 405 494 2035 4139 106 267 651 3113 355 274 241 16169 4 2475 327 3009 798 473 272 1954 245 16167 3778 8845 854 301 750 425 16 4317 1953 37 994 861 596 2031 248 5244 3242 2028
1677 3985 103 755 3980 179 1821 2571 457 3994 16174 5687 932 3988 3976 3978 5349 3968 3533 10464 11603 1337 7945 3972 16173 10130 166 3251 6458 16172 3553 16175 5499 333 3983 148 10860 3500 8113 2499 9404
1678 897 2279 1302 1924 878 2317 3383 3389 1312 147 907 790 1496 1492 3384 798 4864 2284 873 1328 1331 682 10250 467 2718 450 176 872 1325 674 2593 2771 1317 1301 4074 2280 2278 3358 793 1305
1679 16180 2561 16193 807 2312 16181 16177 1042 16183 16192 16194 16195 16189 16190 512 16178 151 4297 16179 2555 1852 16191 16176 990 16186 16187 16184 145 16185
1680 3383 892 897 5404 1328 8344 656 903 16199 674 1298 16197 872 16202 5298 16200 1487 878 1372 16196 1323 1317 16201 896 16198 1488 788 1482 887 790 2279 5620 1213 899 1061 1319 3941 868 907 906
1681 15029 3609 11207 16214 2854 3626 16203 8540 1159 16204 3274 1220 8875 799 146 1958 9437 3622 11056 12930 16212 16210 16213 8876 1155 2457 16207 3355 1192 11036 9068 3905 2407 3264 16209 148 4279 462 3353 2408
1682 2751 666 13126 1328 16228 4171 665 4625 8269 16216 378 15185 16224 7031 16225 2749 16218 496 11162 16221 12218 1909 2754 16223 16217 8235 5433 370 16220 798 380 136 3763 659 156 425 391 8547 375 998
1683 301 987 1651 238 1866 651 262 408 16230 274 3242 984 253 493 1952 237 1388 241 16229 411 416 1413 636 10904 244 38 448 240 270 749 205 282 414 293 473 1418 629 1411 744 494
1684 12935 16238 16245 6840 2202 4039 16236 13942 6737 1428 1710 1378 16247 12916 12631 202 16249 16248 684 16241 16237 111 16233 5524 1386 16242 2828 11453 16246 16231 16232 2702 11359 2497 8969 4875 9059 9050 530 14424
1685 10486 1994 16258 11293 6557 183 6559 16252 4527 16253 6229 9490 1017 3534 16250 1667 14680 8857 5389 447 10507 122 3149 7168 462 16254 16257 6233 10579 467 182 437 1050 16251 798 3559 3426 555 5842 1506
1686 141 1070 9869 3212 446 6735 183 327 1199 1758 1131 9043 564 484 14 2430 3218 142 490 798 7713 16259 3005 182 16263 9093 16262 2479 16261 16 9657 4495 975 139 2481 0 16260 1055 932 807
1687 16283 3980 6247 16293 16279 179 16271 16290 16267 4758 16292 16269 3974 9473 16289 16272 16265 16288 2664 16284 12603 4556 1474 333 16287 16273 16275 755 16264 16274 16277 4005 16285 1606 16282 16294 5057 16276 16280 16291
1688 1331 16298 5193 16296 483 333 3383 5404 678 1328 1306 106 2279 1317 4862 112 2694 1600 1385 4871 909 9094 872 1386 16299 16295 867 925
1689 206 4655 16 122 21 9712 418 2116 237 234 16301 238 4 1789 16303 3223 1806 16305 485 1365 2245 861 1073 798 4137 551 16304 549 121 16302 244 175 16306 1758 736 9365 106 1788 1387 18
1690 133 7843 855 3402 3379 282 16307 1466 493 405 2116 861 9516 16308 281 153 241 237 280 238 16310 16 851 206 240 250 425 484 633 9519 242 5495 2391 1541 259 415 267 271 188 269
1691 3126 434 270 5846 421 282 4497 8770 5466 2783 1139 630 436 16313 2772 1200 15009 4343 449 1659 7099 4538 408 16314 293 1004 6304 631 16315 7409 490 249 641 177 448 993 1146 431 643 4847
1692 409 241 493 278 38 441 448 2525 475 1200 269 932 255 3302 16 355 1199 238 1356 265 328 434 405 488 259 282 418 147 276 855 16318 16317 16316 280 248 490 266 419 244 327
1693 2597 1895 714 3069 1882 5603 155 2854 10697 4018 16326 4898 2501 16323 14888 10124 8729 1875 4348 3106 3531 16320 16319 16212 2645 2102 16322 3227 5877 1694 3583 16321 1708 11181 5346 6698 216 2189 7388 16327
1694 373 1817 704 144 549 1836 122 30 14 370 1348 3555 16330 16331 1991 1337 565 3968 6970 3168 103 10180 726 7939 1259 10863 308 3992 647 3491 10725 846 171 379 1946 16329 282 3719 656 16332
1695 454 3583 16335 2366 382 6752 2074 656 1378 436 1668 16334 111 1920 483 6100 4532 998 9322 1796 5 112 467 640 368 439 16337 1349 16338 1199 1149 3629 120 14 851 2283 16339 2702 10529 16336
1696 462 1912 199 16344 2552 175 169 909 1907 3148 182 549 3757 16343 176 1906 16341 137 564 5566 1753 1583 16342 139 1373 147 1752 1310 657 5127 1070 11179 5198 7145 802 1836 397 103 1069 1067
1697 2876 422 416 4541 16 425 1199 328 1065 251 4 644 7446 3242 238 315 240 139 291 493 664 654 629 110 249 3303 1738 880 237 282 1731 38 183 448 7456 749 158 265 129 1866
1698 0 24 238 901 104 837 461 250 950 2120 3579 4712 4967 409 2489 20 129 405 12625 5243 4229 418 4715 202 3009 16 16347 237 16346 488 142 300 853 424 951 3034 106 964 259 265
1699 6028 10430 16359 16385 16355 16375 16380 16356 16362 16360 16372 16364 16366 16350 1991 16352 16367 16377 16374 16386 16369 16358 16354 215 16382 11534 5030 16349 16365 16361 16373 2887 16370 9351 16357 16351 16371 16143 16384 1191
1700 1166 3190 3648 16390 282 1465 568 11316 11399 16387 8351 559 10478 3701 7547 549 9692 10758 822 5881 685 6465 16389 16391 14110 1600 704 909 2226 935 3191 12521 16388 806 2543 5885 2468 5943 108 2988
1701 3531 52 1672 14870 16392 19 16400 1702 1378 16396 7697 1694 2 16409 16398 4020 16408 702 16402 404 2344 695 16403 16407 16393 4731 16404 1663 16395 8514 5905 1342 8850 16399 30 16405 4018 16394 11001 5885
1702 16421 13644 346 2307 657 4436 13223 1070 8343 1689 16410 870 1938 16416 12284 16415 3595 16411 914 16414 16417 564 16423 3385 16413 16420 103 147 16422 16412 10903 909 16419 4375 1064 1302 3757 148 137 897
1703 5886 16435 16431 483 683 5877 2518 1050 10531 696 174 535 2667 16424 936 1878 3504 16436 807 16430 2751 37 6691 2954 14 327 183 176 171 16425 1365 659 16427 2628 16434 15324 665 16429 16433 1310
1704 811 1769 4435 1328 4510 1054 8435 176 3371 2064 5235 15255 1331 1600 1376 10939 112 3705 3965 549 4879 3394 685 3383 1372 1373 816 4039 9975 5989 2788 3590 1385 161 513 6064 512 680 1375 557
1705 9454 8023 16438 2317 16440 8365 8270 16437 4628 16442 16441 5919 4627 16444 227 16447 2660 16439 3438 16443 10071 12150 2642 2855 433 2676 7342 16448 430 9418 147 282 13903 1202 16449 447 9396 16445 9421 16450
1706 2091 16466 16460 16475 10054 4581 16463 16473 2600 4104 16455 16467 16456 16218 691 16461 16469 2642 16453 2628 15524 15818 16468 6600 16476 16472 16458 16470 16465 4640 16451 2596 3644 2095 16452 2757 709 16454 16457 155
1707 490 282 2714 2202 6884 14 535 14946 2541 353 1195 1429 15949 4379 678 431 7972 179 5499 297 878 1650 35 1735 16478 176 16477 3800 243 483 12148 13720 397 2527 178 4737 1042 3283 1197 3402
1708 16482 16480 16481
1709 153 987 9519 851 1866 260 243 238 266 418 477 7843 259 16308 308 2015 3402 298 16307 258 241 839 411 9516 251 249 16484 475 856 924 38 425 240 278 473 282 415 280 16 16309
1710 2469 856 16485 298 280 475 238 488 255 249 234 278 851 855 250 38 496 266 2029 651 3139 448 281 242 360 178 16486 2028 861 16 2026 259 237 269 244 241 3009 248 263 251
1711 1179 715 3496 1360 1051 2783 5690 572 368 3321 8108 914 10218 13479 927 702 4659 4670 8117 1357 770 760 571 172 166 1148 3969 918 16489 726 16487 1502 3901 16490 1353 16488 2506 159 756 122
1712 227 1574 1836 804 1372 1361 11127 7045 855 462 362 477 497 674 1328 512 15765 2284 656 280 2179 279 1409 3021 7742 441 6323 657 3913 3570 932 1633 868 255 16491 1415 425 1317 139 5709
1713 308 16495 737 468 240 636 2329 20 411 14 238 6138 243 16494 328 246 857 214 9195 267 654 10208 905 249 241 984 494 251 16 1652 629 11706 282 416 293 1388 4042 647 492 749
1714 265 653 182 103 155 382 639 488 2214 1334 446 790 30 467 328 240 3047 21 255 651 386 251 1096 440 487 175 2469 38 237 492 1049 647 798 851 704 250 122 158 241 911
1715 21 176 549 947 799 7 8308 3140 9687 391 800 8 823 967 108 3349 954 16 16498 936 3206 1040 16497 963 822 1774 8956 9092 1034 3190 1767 8204 4253 34 152 379 3912 3758 16496 809
1716 3234 449 11579 16507 2039 2023 1820 328 9800 629 237 2025 3403 3400 4717 16505 2048 2021 16506 5039 2036 329 16499 448 2053 2041 9213 16501 16502 16503 8697 10449 8699 2031 10346 9818 249 16504 4804 6879
1717 480 301 250 651 272 1196 2469 1048 3198 922 920 849 244 1424 640 498 851 200 248 2031 1807 259 1197 237 488 1956 1078 238 1049 241 4 16 3415 736 416 854 16508 7 1866 38
1718 2202 1681 2214 7107 16510 153 3377 16513 1074 16516 3494 16005 9055 16515 1613 665 14208 16519 16520 1703 1127 9166 154 16518 315 12430 572 16517 13326 103 16514 15178 16509 3488 16521 9093 570 304 684 8309
1719 16 5500 685 1123 3517 3507 16526 659 37 3986 14998 379 1166 152 2344 16523 565 562 549 1114 2352 145 2511 6380 16525 1041 16522 2 8642 1046 385 16524 2457 16529 568 14516 375 16528 14097 131
1720 664 183 486 5687 490 8355 7339 3277 6135 12623 851 991 448 372 436 14 14622 488 249 389 7503 16 327 1138 238 3139 1642 1199 38 492 3557 179 282 232 995 2012 1633 2918 170 158
1721 2602 1750 2610 16548 44 1792 1795 16534 16535 16542 16536 16549 1108 14257 2597 16551 103 695 16538 5521 16541 14254 3339 16545 16532 16543 16530 4880 3809 6274 16531 937 16553 16547 10034 1807 8162 3190 16550 15733
1722 851 909 298 1956 278 210 1196 2283 153 461 664 265 6190 244 106 277 251 202 38 1954 3564 1435 16 169 250 136 3009 1202 14 2714 3108 238 237 133 3034 315 651 745 259 48
1723 4529 995 16554 480 16555 244 461 1562 238 448 282 3555 327 1837 411 630 5687 485 4 449 206 249 2283 122 798 436 169 3139 158 176 403 3009 255 251 274 265 16 912 1466 328
1724 498 1342 122 3415 639 482 4450 1026 8239 2469 5611 19 8331 8772 1338 1049 4452 166 375 5646 16 380 4 38 1048 1570 1196 373 247 1903 647 178 14861 2518 5555 4857 653 265 1349 4856
1725 16557 476 374 2071 14 1630 1476 175 7041 1610 16556 3144 393 5255 16558 156 3139 489 4242 176 568 178 16561 3563 247 1729 16560 3558 5260 1471 15735 370 2992 8361 2589 4520 565 8358 16559 10910
1726 10405 5394 16565 7543 2184 9315 5396 16569 2116 5325 10399 16566 16574 16572 16575 425 16563 16570 16562 5397 16581 16573 5395 10409 147 16577 16571 16580 16567 9328 10404 2170 6308 2187 2173 16578 9313 10402 9310 1602
1727 12935 8480 14197 1385 179 184 146 11099 2569 2797 678 2804 9457 16586 4158 3890 199 2806 112 16584 1600 16590 512 16585 16582 176 2775 16588 461 665 2557 2561 10382 2835 16587 16589 8328 1192 7783 9458
1728 16598 16599 5935 16604 29 16603 16116 13495 38 33 485 11977 435 247 425 16591 1807 10227 704 16607 16605 16592 16606 641 16595 16594 4 263 4238 16602 1896 16600 16609 16608 301 3496 1107 7 15859 116
1729 266 16614 4979 984 733 16611 244 16618 10825 7821 16613 276 11174 10823 5952 740 10831 239 2925 408 1534 4326 5709 237 243 206 987 16617 38 16612 428 238 251 16610 267 415 7093 5245 448 258
1730 14618 14998 3308 282 1339 14923 10670 16624 486 14 12435 668 2202 158 177 237 2790 179 665 9975 932 3164 16623 6889 16619 1110 6971 504 3976 16621 4183 1139 1341 362 183 19 174 16622 16620 2558
1731 2068 174 2065 2463 666 5121 374 381 2748 13621 4464 5174 16626 7367 7984 4767 178 5133 919 369 391 1481 2527 1041 157 11560 176 6894 998 851 1476 382 378 5143 2070 177 5499 5949 159 3614
1732 177 997 8961 1194 909 106 1635 998 490 983 1359 1317 488 990 629 431 2535 486 176 420 137 2301 5 461 1375 249 633 282 19 932 11502 362 1151 6135 448 38 158 2113 1196 14554
1733 2547 594 2776 5241 1418 239 7534 636 9876 10527 447 438 16627 336 4112 3021 16628 1365 596 15110 1413 450 270 321 1415 643 2875 755 15796 1132 630 486 1837 1817 631 1007 237 416 179 6778
1734 164 1348 2509 3189 16629 1898 807 357 163 1359 6373 4099 122 565 16632 108 156 145 704 1045 2214 5174 11599 166 3720 12830 12462 2871 5118 103 171 155 371 8642 16630 2961 19 139 1736 13227
1735 8046 866 439 1365 14092 1086 2992 16636 4133 467 4379 11540 2356 994 425 790 1081 5505 798 1202 7059 3220 793 1063 564 16633 16634 759 1735 464 1733 12790 153 6316 1069 669 905 7241 12640 137
1736 14 639 3639 2366 448 1357 9310 2757 38 1232 147 16638 144 111 416 8004 866 2894 103 328 380 2678 704 368 2969 726 777 453 327 3940 6850 320 176 16639 4856 436 1134 653 16562 1824
1737 705 5684 16642 761 2141 2783 7939 4498 1502 706 4626 16644 1138 922 282 436 1831 4017 8507 1639 10839 11778 442 3958 2147 8369 641 4019 4027 1049 16643 1829 2875 2320 1141 1143 6127 410 158 763
1738 2 13 2763 11399 15473 1013 16650 5613 3210 10249 121 835 16649 12365 2543 1364 3046 16648 3169 16647 3 810 12754 4171 1032 1026 5260 16651 1915 4096 482 4764 115 4537 10288 1787 9093 11710 3719 16646
1739 16653 14 1797 2236 935 1655 3719 200 4 289 148 8588 2543 3886 16659 1424 21 16654 123 2238 1196 13 7329 16658 525 3214 366 16656 1915 3842 16 334 16652 9724 1986 6966 1359 2560 15087 1783
1740 1156 812 2173 1976 4043 178 3805 2457 265 3174 1474 1668 1849 2188 909 549 112 1777 16660 1373 867 1423 1302 1061 142 2381 3394 951 1853 8314 425 21 3909 1962 4882 2284 1257 805 858 122
1741 16696 16691 16684 16671 16665 16664 16674 340 16686 2037 16675 351 16689 2022 2040 16680 16690 16683 16663 16669 2019 14428 16661 16693 16695 12184 16662 16687 16688 16685 16677 16679 16670 13070 16678 16694 10455 16682 16668 12180
1742 4764 304 116 16700 704 1 424 6929 1073 16701 695 250 1952 6999 476 12720 1134 155 3000 16697 553 2596 5674 131 16699 683 7031 14 816 56 4087 5671 497 176 2604 14302 16702 11410 2965 5646
1743 15214 581 3199 5 12770 16707 2214 4359 3209 16710 11248 16711 3344 6762 13837 16712 668 9956 697 13176 6971 3220 16708 8772 807 16709 16704 549 315 3357 5582 827 516 2414 16714 555 3879 2569 708 16715
1744 3234 16727 9802 324 4804 9811 13589 11577 16718 16733 16720 3427 2032 1820 16722 16716 2039 16726 16728 16717 16721 8699 2029 16719 329 325 16729 2036 16732 2023 2052 16725 16731 9818 9800 5275 2035 10346 16504 2675
1745 15494 1153 757 5668 1633 726 328 873 436 1817 277 657 453 994 1050 8023 2667 447 327 16736 138 179 469 2891 438 1199 1136 12025 2875 654 755 2372 1760 7342 2317 656 490 5164 450 1766
1746 658 1724 3563 210 16741 5462 3557 103 176 265 6157 16743 4547 3144 14419 1194 16742 633 422 1739 1612 389 16740 195 448 16737 914 1731 1729 16744 156 386 15148 1718 16745 7076 13508 483 664 1738
1747 161 328 46 449 662 8371 327 5471 2113 108 998 176 1738 238 210 991 1398 3218 1770 6157 596 655 4546 4552 6221 241 629 183 16747 5462 997 656 11215 916 689 6479 8801 921 3294 112
1748 1633 579 10889 383 565 3251 16751 2553 4158 680 4276 178 5271 374 16755 1593 1041 4234 932 166 384 2400 2058 909 2361 5157 369 2344 1745 5257 2550 4010 6522 159 16750 16753 3986 148 16752 16754
1749 16764 16761 1452 16767 16782 16771 16775 16776 16769 16779 16784 16774 7570 176 16773 16785 103 1372 9802 16777 16781 16783 16768 16765 16772 16766 16762 16721 1081 16778 16780 1074
1750 249 374 273 15156 3283 11502 16788 15629 993 666 3280 420 7500 6454 13496 5671 16789 1139 1144 16792 16791 1154 13807 414 1476 447 1650 12271 777 6241 1151 9878 16790 6221 7909 1633 4529 2058 637 431
1751 1799 25 16808 16795 5 483 1790 1013 38 16800 16804 116 1795 10249 4859 16801 16798 10193 21 16796 1196 16 1676 12875 16807 6427 3191 7 16793 1853 1023 16803 551 964 1767 16805 16799 2424 4096 1073
1752 4132 913 4065 16813 5615 355 2279 904 903 176 2777 871 4548 4865 1630 1741 16812 1906 2307 3534 674 726 3025 389 1078 564 784 660 868 2496 450 112 16814 1083 9783 16816 867 1483 6803 2316
1753 5398 237 140 241 905 1338 251 228 1049 16818 244 243 214 1735 1517 1796 3930 206 245 275 4794 339 3919 6861 1811 7 250 16817 1983 11762 886 4313 1976 1065 468 1986 880 240 249 3379
1754 1946 1042 564 1050 476 19 1026 177 807 657 1082 1055 448 174 183 2468 21 182 438 1069 755 15503 8507 695 159 4104 175 3962 1067 1057 187 757 1664 247 917 13 1131 1336 653 101
1755 15978 630 324 5170 414 179 1645 11137 38 1398 2582 624 3143 3132 2435 16820 596 15001 737 8797 922 436 2399 251 16822 1199 140 270 177 985 448 3554 13051 1617 12960 421 16821 995 3010 15012
1756 4767 1481 1192 1476 21 2068 176 156 378 374 16828 1132 5649 919 16824 178 169 377 6891 16823 1202 1041 6894 16830 177 3310 152 183 5499 1050 16829 16831 2954 382 157 16827 5174 166 3281 103
1757 448 328 1946 391 3560 596 1069 1040 467 653 174 115 379 353 121 1013 449 648 333 565 630 9025 4654 629 5943 846 568 1384 922 386 4764 103 3125 9788 4381 400 1159 375 166 2992
1758 2352 4176 4529 362 16833 10130 12273 15109 1364 3168 10464 2565 7797 6134 4004 932 16836 16834 16835 1606 6458 16838 149 1876 3513 390 16837 5009 3986 1908 3971 4143 11513 37 16839 1357 179 4550 3243 2992
1759 400 12771 665 1060 1335 10934 10184 664 4887 1738 374 136 7076 5118 1729 4546 389 961 2717 177 176 3296 3301 156 3557 174 16842 3388 103 1202 1718 403 148 5145 16841 16840 8744 851 2748 669
1760 277 1823 788 327 279 1361 497 3228 249 241 994 206 250 1096 276 237 425 475 987 418 1574 9318 227 269 685 239 251 14 156 179 266 416 5952 1196 5271 2015 441 3227 432 280
1761 148 174 14 16851 4505 2362 16850 16854 166 16846 556 119 580 1575 159 1479 16856 366 9628 16845 552 6045 16852 3160 384 576 572 3014 5939 375 1594 3591 13340 16847 6700 103 176 9102 1886 16855
1762 2023 16857 6424 12486 136 12 339 1846 38 8 4809 922 324 1049 3508 8726 8700 3649 4614 4251 238 244 6628 6205 8697 16860 16859 4737 16861 329 5786 3400 16 106 0 3141 16858 951 461 1113
1763 1407 2773 2565 16862 6370 194 315 3969 362 3462 241 668 5974 2390 1574 3564 3491 176 11950 216 293 238 206 166 263 487 3034 3459 1337 1056 279 490 477 16863 840 3251 249 4050 2376 2116
1764 846 5503 182 1862 1156 21 1061 2871 549 568 16864 1013 16867 383 16868 108 8331 811 3321 16865 1048 2370 1465 931 2344 379 14703 947 437 16869 704 16866 2457 0 6141 384 45 12369 3555 391
1765 421 282 255 630 2734 16871 476 448 110 1389 8033 997 241 158 474 270 3139 987 16870 238 4 249 274 631 253 1659 7138 13055 408 629 1004 1435 416 995 639 642 851 251 38 992
1766 251 6279 272 3228 14608 249 4245 243 1574 1419 276 448 7047 206 1866 10175 630 6093 16872 3227 1557 256 301 4442 250 7743 733 411 987 140 2912 631 1009 432 863 237 856 3232 293 636
1767 3191 382 16799 8 1851 2208 16629 1364 33 4764 16873 16880 4485 9822 9618 152 16877 16879 16883 11884 16884 5754 7367 159 570 2514 16878 11560 1886 16875 16876 174 16874 9477 16882 3517 1013 16885 1052 10182
1768 631 2554 243 478 336 339 1072 636 482 362 4654 293 238 475 38 411 241 7452 1655 244 1424 301 237 1668 298 855 239 247 16 1419 740 251 206 909 249 46 630 629 245 840
1769 148 12201 1048 15735 13672 2071 2067 14 1908 1740 1349 375 6510 1081 177 2205 9358 10913 1918 15105 1068 391 2538 174 2461 8 2076 549 562 6140 178 704 822 10184 1041 4233 3586 2353 21 4854
1770 1404 279 636 243 16890 10571 251 7853 298 4326 249 416 6078 244 2329 16889 6250 106 657 211 238 1807 16 1049 1950 475 38 250 7 263 271 259 236 630 695 551 234 241 255 206
1771 6095 14 1829 265 564 440 170 755 483 633 315 670 2465 422 1365 3034 16892 158 178 16891 639 179 362 3570 1077 183 932 328 7109 486 115 1334 1336 321 1837 438 998 103 1633 169
1772 1836 2316 2769 1317 1372 4130 798 660 16893 1328 6173 2910 2522 674 685 2279 564 4527 808 872 327 3903 176 16002 1055 802 1741 147 656 1070 867 169 8024 183 1331 1319 2283 125 5404 804
1773 172 197 1878 8153 1891 16897 2839 216 14 16895 2179 2856 10115 567 1575 2846 280 2849 1574 477 1577 9961 11177 3227 16900 1802 1597 6587 1601 3267 198 15184 16894 10847 1884 6279 497 6045 6588 4344
1774 9433 5356 13005 16918 3544 2963 751 4670 16908 376 10127 4262 10309 1924 16905 16915 12924 16916 16917 5350 3991 16901 16914 4936 3905 5599 15378 16910 3355 16919 16117 12119 868 16907 9428 16903 16904 16909 2978 16912
1775 6691 2104 12248 2629 2083 5885 1798 927 1787 914 184 2608 15432 1764 2596 2410 9409 1175 16920 2597 3812 2744 169 729 368 16923 3353 4783 2430 16921 2532 152 694 2102 553 1694 812 1378 1179 12234
1776 647 234 237 1466 38 106 951 265 1065 1562 46 880 1049 1055 415 630 259 16 328 405 1259 251 664 425 248 14 4 115 206 1032 260 651 1677 244 282 484 214 3114 129 241
1777 3132 1159 6004 362 1202 994 1106 1976 2038 374 5323 16717 1462 16925 16 657 147 1308 122 1365 1452 2023 10576 867 2544 106 2396 14290 10447 1072 112 183 936 2395 7231 1081 2998 182 346 37
1778 1899 9595 16941 7199 10079 2602 16939 16926 16942 16932 1893 560 103 16930 10959 37 5603 6693 16933 1175 16934 13962 7400 16931 1875 16943 10619 16938 2600 1710 1885 16929 695 1119 6691 16940 16928 11593 1024 16936
1779 8674 2249 2267 2251 805 8078 6649 146 16949 16946 6650 16947 145 112 1060 1372 8658 397 163 6641 7904 6101 8655 560 16951 8088 7895 6636 819 12812 16953 16950 6640 2244 1473 16948 13863 111 816 16945
1780 111 1072 139 16957 704 386 14839 559 702 62 404 374 1384 1074 16955 556 1060 571 187 16956 2992 14 1698 7564 373 176 554 368 7211 1671 1081 16958 186 1049 1733 6441 3722 145 1349 5260
1781 1331 2492 103 16959 1766 3965 1372 657 183 4872 1319 902 2718 2792 1328 16960 868 2283 2280 9085 909 867 870 2908 1323 802 6014 1202 2279 125 1773 656 2297 5235 901 1771 788 461 674 1317
1782 1338 1032 1423 207 241 851 244 7055 1424 247 475 1866 1541 654 1049 16961 2469 4856 255 250 935 647 249 473 484 7 6403 289 411 238 38 141 498 46 106 282 269 629 206 16
1783 139 12 16966 568 16968 5471 265 633 16969 180 5136 16963 504 564 6898 683 12886 1570 1472 11158 7494 1735 3587 315 293 1741 932 11874 153 16964 16967 552 461 16962 840 327 4381 304 166 639
1784 16972 10111 476 13621 9109 6825 4273 16975 1337 11323 3404 427 16976 14 131 7371 480 1056 3762 16974 1342 10470 5943 3510 44 2541 4484 3054 6898 1057 1344 1063 1060 16973 951 8239 10742 16978 3108 16977
1785 789 3703 1668 2978 4734 1522 19 2963 10063 16983 182 4104 16979 21 792 131 16981 756 121 15657 653 3423 3414 1465 10549 145 1706 702 382 13779 672 136 442 112 4676 5648 2410 187 30 16980
1786 238 8239 416 255 1049 1409 16984 237 5258 6078 484 1922 476 16 7047 375 1574 734 269 475 214 1915 240 7231 251 234 4322 1447 481 992 5508 497 206 244 987 495 4 121 259 3047
1787 327 464 137 3920 928 4260 1298 450 2080 2580 454 874 867 870 448 790 1489 765 2783 7503 903 868 2875 907 1633 3018 1133 316 2022 878 1309 16985 346 2105 882 3956 487 4910 2894 777
1788 16986 101 1375 896 125 2767 867 1319 907 2728 903 2278 557 892 2675 330 656 6004 1372 1317 1297 882 7713 5156 878 2696 873 1633 8060 183 2279 790 657 2280 1323 448 788 176 674 2284
1789 2280 6843 3179 2522 799 21 4435 829 657 16987 1913 316 16988 11175 9611 914 149 2400 1373 11888 15583 6509 3504 112 3174 3499 1753 122 2163 108 172 154 3375 809 4882 14 5010 146 304 5271
1790 139 8770 187 737 10709 742 4545 421 411 3314 241 636 4 1391 7098 3126 416 1392 851 10476 38 6216 237 14813 1359 2523 739 12914 15009 16991 4449 238 651 277 629 749 8769 984 494 282
1791 17021 17018 17015 17010 17024 17000 17009 17002 16998 6440 14792 14783 16993 17006 3680 1763 17022 17004 18 16997 16992 22 16996 17003 17007 8971 17014 17013 16994 14791 16995 17016 17020 17019 5977 17008 17005 12270 17011 6700
1792 2863 2163 6319 2848 4347 2532 17030 2627 17032 1891 17027 6588 1911 17025 2645 2189 3267 1899 280 17033 6574 567 1588 1875 15587 2856 17034 17029 1884 6335 1566 17031 1880 13501 17026 1597 1050 1582 5768 15184
1793 4344 3070 1588 16212 1926 716 10619 17041 802 17042 10118 8 5587 17040 2468 17038 220 21 1169 2189 1895 1034 1884 462 9304 9743 2750 182 17037 1672 3267 15030 553 30 790 698 1049 386 15215 9931
1794 1048 3191 384 3598 1192 145 2208 3491 1841 172 17044 572 3142 14 565 2992 166 2342 177 911 562 6380 3497 10022 3047 2 383 3357 386 17043 9109 1474 148 103 3521 108 2457 805 2467 3560
1795 2344 3983 17045 17056 14483 4450 8936 17054 3614 8331 935 11924 1903 704 17050 396 647 38 2201 12580 2232 17047 16698 3321 17052 17048 17053 13494 16752 582 2535 846 17051 1593 862 375 17057 2762 17049 17046
1796 5929 922 870 178 17058 380 382 911 4450 1767 835 930 704 1473 38 379 3125 822 549 17059 1630 5972 570 122 375 1192 376 3139 13029 4383 156 247 1359 4764 8 139 1718 176 5647 1054
1797 17064 5852 5415 4025 4013 327 451 1829 911 994 14500 4731 178 2783 17060 17061 3504 368 9768 846 2605 169 7556 17065 410 304 2535 17063 1694 448 755 4016 7429 436 10839 17062 170 462 3101 1336
1798 9524 17074 14284 668 17072 5 5323 7825 2596 17068 328 17070 279 2169 2159 1581 17078 12649 1866 12660 17080 280 1408 17071 17073 519 6590 477 17066 6316 522 17083 17079 12234 17081 1574 17077 17067 1393 1361
1799 171 45 2202 2381 3371 3916 3755 9055 161 8244 685 1372 12127 176 3570 1349 17084 169 2788 17085 504 1382 4158 4383 3969 552 512 1374 11055 14 174 1112 1600 659 668 1376 366 247 172 362
1800 282 6292 103 1056 176 389 139 3283 2773 1139 179 13517 115 629 436 461 901 375 5954 379 14 122 3139 3491 4561 487 374 483 656 3242 169 1633 156 183 1194 166 9296 1348 267 9580
1801 125 1992 21 374 316 1744 176 3136 17088 1917 704 2019 8365 676 389 1133 10449 122 1759 1069 7888 454 437 994 798 1639 1096 484 108 1171 3146 17087 2316 17086 1067 106 3926 379 147 905
1802 1404 17089 238 477 17095 6311 2852 17097 17098 651 2163 9992 17100 9516 17102 237 1950 110 418 6316 594 17094 279 17090 8037 495 243 2184 425 17091 17101 277 17096 5709 2116 2437 1963 10630 278 7047
1803 660 438 788 1633 4132 1096 564 2316 17104 1506 773 1488 732 790 7924 17103 2080 802 483 1301 115 899 873 17105 1070 2317 147 1055 872 3150 994 3537 656 5842 887 726 1202 1780 763 928
1804 5751 1026 1663 17108 17110 21 6654 17111 17115 14207 5182 1175 1335 17106 17116 6368 3426 647 1962 11721 714 6359 1291 17109 1072 17114 11084 17107 33 17112 3321 6271 1013 12968 5426 17113 1763 2532 4904 6780
1805 5972 241 327 121 4043 4014 139 5974 267 17118 798 273 2143 437 1864 249 6135 1466 17119 447 1430 9993 238 6121 265 11692 1749 467 637 38 1041 244 240 17117 14096 6229 2984 5960 651 147
1806 17136 553 10704 17127 17132 17120 17121 17144 17125 567 1049 10079 15244 1671 11340 17147 17126 17145 17146 17131 9413 1371 17137 17142 5765 17143 17123 17138 17124 2744 17135 17141 17122 17129 30 15240 17133 17134 17128 2410
1807 17150 17164 17158 13 2095 17166 553 2624 17149 17156 1897 2600 10082 4594 17161 7390 17152 2764 17163 17165 1798 1796 17162 6693 719 17160 10085 17159 17151 3810 703 16929 695 17154 725 691 2597 1877 2598 17153
1808 1369 555 184 868 1328 17169 8734 2428 804 13469 9075 7123 362 2410 333 8740 8822 4507 1157 802 103 660 3597 425 1070 10359 4550 657 11349 3358 1378 183 7038 12936 564 1494 8839 1360 8737 788
1809 183 328 448 2754 179 1633 994 851 1057 867 156 4677 1908 152 5 1335 2060 1041 2071 932 174 175 1473 14 1474 1476 176 2719 327 1463 374 178 2280 659 903 1328 1359 868 685 3025
1810 2015 8901 1349 3521 164 572 805 1196 374 376 139 3140 1570 177 1041 176 390 156 1384 2992 112 1048 103 2560 640 1368 148 4537 145 1866 851 998 183 131 379 368 2541 1594 2528 2214
1811 148 2068 156 327 3293 139 384 1920 178 1677 483 2527 1498 371 1430 140 919 1334 4520 798 1199 659 103 14 1107 135 17170 1731 174 4935 3288 122 2748 37 175 374 1365 375 6258 155
1812 633 1517 3698 17172 839 7364 12 177 6053 17171 17173 304 2113 315 169 4192 1735 153 17174 159 2714 2560 17176 1886 166 17177 496 1472 1480 1787 178 2992 383 697 1693 665 2471 3051 4379 3041
1813 1478 1002 187 1758 14 4767 1710 2981 176 4735 1473 3687 170 374 1735 1041 17179 2070 9569 7557 166 483 1374 1476 8315 247 554 919 382 139 582 103 912 436 2992 1749 178 152 2560 122
1814 17181 391 823 963 3190 2869 16 822 21 947 8 1807 10 2794 1034 6735 551 0 549 943 662 106 142 2871 948 825 3140 951 800 386 1961 45 942 3906 1202 49 108 1849 17182 17180
1815 1369 3325 3545 5271 928 137 3599 753 2725 123 10152 1926 5820 1223 8423 793 2901 453 893 112 155 1441 892 2355 4370 6965 1357 17183 771 2694 768 2769 101 2092 880 2318 1179 1372 1069 161
1816 17186 2640 4191 17207 7478 187 7198 3719 9871 17194 2532 1744 17195 17209 17210 17196 12214 17203 14228 17202 1787 17198 17200 4104 17192 17189 17185 17205 17206 17208 17211 6638 7 30 17197 6619 17193 17204 17201 2356
1817 17219 382 1357 3139 1049 17215 17213 851 7553 4357 5655 835 496 1359 3839 123 17218 6078 4362 1367 185 4363 6999 17216 4225 919 17217 1364 489 1355 5201 3842 374 33 1353 3554 17212 1241 448 3846
1818 336 493 16 498 253 245 478 3229 4 744 415 267 411 1411 837 274 238 747 1418 293 997 406 46 237 733 240 263 242 5244 260 272 249 17220 473 624 629 631 3017 301 1413
1819 3064 12049 1430 8368 3108 1739 17224 282 17223 15778 10705 7909 492 6957 14 1334 8801 7929 1815 12313 17225 633 17222 3014 4245 941 1731 8809 7718 4169 3962 9355 639 1688 8363 847 17221 13454 5129 1342
1820 4856 390 549 38 1922 919 106 1910 11410 373 1473 1770 156 237 370 147 2754 653 726 497 2719 183 177 7363 249 1049 1570 2015 498 654 375 2065 2288 448 489 280 282 244 659 932
1821 301 414 478 239 249 206 277 4 293 855 245 243 651 1411 498 863 1419 630 408 7456 336 251 238 636 274 982 17227 237 259 275 248 594 3229 737 282 1410 38 473 641 244
1822 17228 2289 238 253 5154 169 916 244 2725 676 2922 5234 436 240 282 3745 922 11137 327 2773 438 2876 3676 1633 657 3744 5727 1336 7969 2012 2875 8842 140 17229 1430 650 1407 1835 448 411
1823 17236 122 411 1570 255 282 1412 17234 631 293 249 630 13822 238 237 270 1416 1952 380 6288 1651 984 267 1640 493 744 38 636 5696 1541 273 414 241 17232 997 17235 448 5555 992 17231
1824 375 187 5928 9692 461 14324 103 7367 8744 182 1041 139 170 1103 2527 3891 666 5610 9126 21 5333 17237 951 14575 368 2518 1334 5953 393 159 4225 14 14418 174 400 4923 17238 186 178 122
1825 812 17251 182 2120 867 3199 8 657 21 17247 17256 3509 837 969 112 17258 17245 17253 17244 950 1082 106 467 951 16 17243 4352 17246 17250 17241 0 17242 1289 17239 17259 386 461 108 17254 17249
1826 478 255 7428 17262 4 411 3962 17263 414 445 15630 267 241 416 421 238 17266 17264 17267 984 2912 15778 242 110 4052 3744 641 4497 17260 997 993 260 273 177 17268 17265 498 13232 4769 282
1827 719 2597 1041 15821 1357 553 11888 5999 17273 2610 704 17269 4589 2599 17274 10228 1708 703 103 21 2602 4861 10787 4592 2606 7879 2083 4104 1750 10179 394 4594 1049 1050 8350 1897 2601 1915 17271 691
1828 17280 1057 5145 8231 121 9794 2074 2461 466 835 17277 389 1775 5199 753 932 17279 1013 17276 5 370 382 255 6075 21 101 3125 17275 2058 1701 9122 2301 175 1082 17278 182 994 2528 488 375
1829 2249 17281 17288 436 20 1710 172 17290 1384 187 368 4667 7161 582 17282 2532 16949 17284 1060 13523 6443 12090 17285 13 22 425 1699 4020 6441 1753 2235 17286 394 17287 10180 11844 227 1758 17289 14
1830 272 1026 245 328 238 4856 6078 859 16 282 2469 144 4043 1049 654 241 249 237 277 462 6110 416 2015 261 242 798 4662 2031 259 263 38 3123 4541 6521 1464 2473 3285 17291 473 122
1831 182 8331 7 17292 806 390 2015 570 176 3521 103 37 1049 1593 582 16 653 30 1119 368 5 145 3047 2560 2469 4854 4 2 2076 1570 704 2214 155 280 6076 3169 375 1349 846 17293
1832 549 5647 249 1338 4541 488 653 7 374 4854 448 930 255 498 3314 178 1199 176 12271 7456 177 241 4 849 416 1593 851 2529 238 46 837 3139 2074 639 1866 935 251 2469 38 476
1833 4517 103 805 174 16 1384 1196 1718 249 122 3310 811 176 1729 851 2992 1593 1359 366 247 139 998 38 2214 7360 374 639 483 156 1041 3586 378 2748 371 5499 10186 1471 145 177 3510
1834 2532 9695 13885 7979 3528 2467 17297 17296 6598 17310 17304 17303 17305 9046 9169 13240 45 11977 811 1695 17308 17307 10179 2219 161 17309 683 562 5120 17302 17298 12417 12416 14749 9172 5599 1195 10316 17306 17299
1835 3375 8057 17319 3671 17311 17321 4953 17322 11509 10430 17320 1046 3067 155 17325 1692 2356 176 3936 551 16071 17324 6687 6827 17312 10927 2267 17323 549 1718 1 7326 2992 17315 17313 17317 17314 17318 1087 3722
1836 982 206 106 418 266 425 245 251 259 104 1868 16 4541 493 244 243 234 1562 18 293 248 250 241 1866 257 301 1574 651 416 280 46 3415 1338 848 249 211 190 247 237 281
1837 277 247 639 416 992 411 448 259 183 414 282 641 651 1430 489 5 38 1517 251 301 1866 241 654 255 1357 249 139 238 420 1349 380 178 179 476 1908 629 494 656 1957 982
1838 17326 9657 4786 461 187 647 131 564 17327 3853 3510 919 16 3809 8293 177 103 122 861 3564 1050 6985 3373 259 848 120 639 3038 6861 1343 448 1049 14 3891 250 8128 665 1334 724 5508
1839 4772 242 14 166 3145 176 177 240 1056 3047 6370 6386 488 1430 375 1334 854 482 632 572 416 1593 121 249 498 5647 4 630 38 387 639 293 448 106 9206 6898 834 912 631 411
1840 328 346 1133 4478 7506 9878 1147 139 14373 922 1142 1134 179 1463 996 1829 3212 16 490 438 17329 282 2772 3021 158 38 4463 2773 637 1043 6245 448 355 1199 1339 103 3340 12911 4050 1139
1841 3676 3340 5159 14 330 1623 657 808 1600 757 328 1946 916 1194 1096 2283 656 5976 453 2876 3574 1430 655 1741 784 3962 907 3763 7029 2725 1994 483 5158 2289 5234 664 665 4229 1621 112
1842 1154 1831 996 6457 362 3308 3610 1123 2207 3902 11379 7814 1051 1140 10859 3491 12337 1134 14225 2545 1150 171 5687 2501 2499 717 6458 4217 7577 3545 2783 4050 8108 641 421 6146 6454 5917 10987 12840
1843 14 523 3054 148 647 368 515 4276 5635 17330 164 817 911 5930 5610 932 17333 5939 155 17332 373 1594 565 17336 395 12808 1796 8354 182 653 146 168 103 17334 166 2406 3936 17331 9458 1384
1844 458 378 17339 907 5969 1749 4550 17338 17344 183 3657 1041 17337 17345 2988 10661 9998 17341 115 1359 3650 4636 4641 4622 374 17346 13149 1759 410 6688 5972 112 1751 1987 156 816 2981 2509 17340 704
1845 1042 5979 1259 1064 1674 1096 6778 1667 182 3154 467 1970 3123 183 468 1203 1946 17349 4794 994 880 1010 3149 1633 472 2001 17347 147 1249 17348 6562 903 2907 798 454 327 866 1677 676 657
1846 11310 100 2 2645 1049 397 383 2610 17351 3709 13013 17352 951 1676 12979 1108 17350 7713 15 187 729 1666 3323 11399 3217 142 1 12 3190 17353 2598 21 9871 549 22 1034 1787 19 182 1495
1847 17368 8310 4383 17356 17363 17373 6740 17372 549 6259 17367 7059 17360 5157 1407 8804 17361 17357 17358 214 6403 7816 8445 1422 17369 17371 17359 17365 1735 10359 17366 1130 15441 3676 7931 17370 17364 5505 18 9975
1848 7329 1851 702 17380 1889 1465 8941 2543 391 17381 10078 160 3201 14322 549 17382 3190 17376 582 3202 1384 11748 103 2468 182 17378 827 17383 165 187 3169 1681 1049 17375 1082 12698 5338 17374 3056 17377
1849 662 3738 909 2381 11062 2481 42 17387 2159 141 3593 108 6735 2284 1856 3914 45 21 17386 112 549 8444 1855 4435 3218 1317 944 1945 9793 11977 17388 2794 1854 3909 17385 5872 2869 176 17384 5876
1850 1055 3919 866 922 1946 1318 3918 38 327 2593 425 2898 905 8297 4131 798 903 16 4074 121 1298 784 6806 3920 454 15535 6004 867 886 758 5164 17390 1673 2896 9377 12285 771 928 4107 328
1851 244 478 7533 267 744 448 238 248 1952 241 1634 2470 636 2735 649 984 1413 301 643 631 632 411 651 293 251 249 630 982 291 1418 17391 3236 2028 262 1412 4613 737 2013 237 1419
1852 4794 15343 4717 6969 249 417 357 454 3345 437 4821 17395 38 17399 106 17397 17400 0 17398 823 108 3122 1773 21 2873 121 1020 413 14657 951 465 8756 1849 5389 3335 17394 3121 3367 950 17392
1853 3680 4119 8297 12285 468 651 405 880 238 886 1946 607 14801 676 328 16023 4720 3009 6802 17403 1065 5484 17407 9664 17402 17405 4724 17404 3342 12709 15535 17003 14781 3918 15539 11537 9365 1756 2001 6895
1854 839 3340 449 13349 672 846 282 3379 1365 3489 13583 486 421 678 1334 3976 387 1359 1056 1139 7990 3569 362 3553 4160 1480 2544 438 684 249 273 178 704 5 17408 1881 3570 2667 1593 3308
1855 17409 291 1027 475 672 854 435 3415 298 1916 9550 38 1423 5505 3678 282 277 665 238 237 1339 362 132 486 2383 248 4097 1365 249 20 18 1565 4045 1537 311 17411 1574 251 1032 851
1856 408 475 414 240 244 15948 16 1136 2163 237 9527 1002 863 448 654 647 106 272 992 982 238 855 301 987 17413 7 425 494 798 255 241 409 17412 1581 278 411 38 266 289 249
1857 2901 17418 147 2307 2896 771 10465 867 14926 2905 767 4377 1082 6011 6725 2898 2678 17419 6484 320 1227 6818 17414 2080 899 676 8836 1317 14057 5405 9672 2311 759 1232 1315 2696 782 768 904 3326
1858 411 8623 274 244 1419 266 336 4320 257 110 493 624 238 1404 5958 5403 8622 1950 242 228 856 473 237 298 7359 263 2734 1409 251 38 3447 7686 854 7047 631 214 6386 415 240 3412
1859 895 12938 178 1671 1041 160 6094 304 17422 315 582 133 3042 5010 139 9025 6965 1472 1983 5555 1196 8153 1424 3108 488 14 490 3492 5141 4656 153 1668 629 2560 1336 13131 1310 141 1452 374
1860 3891 1141 14054 449 639 629 993 139 438 1817 777 2894 450 17423 726 421 17426 17424 37 447 174 251 1994 647 654 1593 166 327 1002 282 17428 1471 9714 998 14930 17427 179 2137 4225 178
1861 321 328 2029 17429 17430 416 1815 282 411 495 343 4317 324 301 38 5287 636 651 293 641 2028 359 4322 781 277 237 414 494 299 2018 2044 238 992 327 140 274 2875 336 481 249
1862 17433 17432 3940 17439 8879 657 450 5328 873 1259 1055 1298 4794 2307 3123 1202 3947 3120 438 1970 4648 676 17436 9268 3154 1674 17431 3941 3127 147 1096 183 9265 17437 1310 14590 1675 17441 17440 1667
1863 5689 17450 17457 17454 14224 5517 8111 17449 13479 2535 17458 2151 17461 4673 9436 13142 776 3955 17456 2978 770 17447 17445 17443 17446 1513 6523 17460 8108 17442 457 17453 17448 17451 3816 7429 1511 710 3821 764
1864 110 591 328 1384 587 251 214 13845 3217 129 630 336 4 4042 6203 10241 7955 3379 1999 918 17462 17464 3579 651 249 14394 646 485 1551 177 3926 917 2867 7690 38 8848 468 922 6111 10208
1865 450 6136 1334 454 846 993 1133 639 1045 425 46 17467 995 5920 676 378 1184 449 139 241 17468 265 182 328 17465 2716 311 380 4378 436 5923 984 10745 994 1633 17466 1199 1056 630 3569
1866 1372 4551 1192 282 3551 178 901 1650 438 674 1633 1634 15948 422 1202 125 7035 1820 726 755 763 1042 436 5655 1365 328 179 169 17469 486 176 798 2719 3243 451 362 4097 1415 448 17470
1867 17471 10707 241 249 17472 243 416 4443 3970 1435 20 244 2333 16 38 234 250 739 13055 1996 214 206 259 278 4952 415 106 1413 269 742 10576 110 1390 2327 3411 636 2328 485 238 1955
1868 291 1951 630 282 1009 256 3283 274 629 3410 473 17479 159 17477 336 17473 293 240 733 740 3450 1829 237 3402 7154 13268 11137 206 17476 1645 353 12960 17474 405 17478 267 242 238 5141 411
1869 4 488 3259 21 1196 0 238 1424 241 8 240 7 485 1002 142 116 2381 1676 555 1474 951 1073 837 935 391 108 104 562 17481 854 1050 278 549 1197 103 26 237 106 2120 17480
1870 1770 6222 2923 13846 247 158 328 5462 3144 1196 298 9964 176 17483 880 3139 4794 249 4764 1726 38 3560 922 3553 238 1642 651 156 5141 2719 492 380 1734 3062 4543 658 448 139 16 1199
1871 1325 868 629 38 1428 112 816 802 1359 901 1766 122 811 1202 1328 108 21 437 2721 1199 2715 657 4794 448 169 674 436 3891 656 5235 1677 147 183 909 178 1335 682 902 549 2716
1872 483 389 14370 12709 7059 1049 19 3106 912 1593 909 1911 1055 460 467 183 17485 169 17487 175 132 1013 17484 439 3579 3534 2335 17489 655 1230 17490 8356 2309 371 8355 355 1642 1907 4048 15209
1873 2915 6370 411 38 406 2329 1131 273 2364 1009 3452 988 740 642 17491 1056 2031 6555 237 293 2369 1419 17492 2912 242 3459 17493 993 448 654 2917 415 408 416 486 6287 421 733 3231 6135
1874 17495 828 7176 17501 1023 1975 2602 1670 7 1790 964 1024 8 566 1799 24 17498 47 2645 1012 17496 6272 695 1856 391 16346 17497 969 4096 1971 5876 1851 553 1108 1018 11213 2 17494 5859 379
1875 6078 1838 1349 3381 1735 17502 395 639 12072 1202 932 633 1372 1570 315 17504 3493 3881 178 13862 559 164 2539 552 12346 12357 1359 7724 180 5132 13508 7725 376 931 380 1384 10298 683 4238 304
1876 17509 5270 183 108 7031 103 1855 964 951 665 30 1055 909 17507 805 255 3940 512 12638 104 1015 10943 176 13023 17505 504 21 1202 17515 1024 5499 11272 17512 17514 17508 17516 17506 17510 4039 106
1877 4767 375 14 374 8356 1192 10185 175 148 1041 103 8844 1625 3563 3139 17519 1478 4242 882 159 178 17518 1729 156 391 1474 8358 10184 139 122 17517 179 157 176 174 3310 998 1481 1630 932
1878 17521
1879 2514 919 375 1359 12084 17523 1026 3528 6140 4734 1052 17526 3583 370 914 1909 11241 103 5705 17522 1107 5942 1048 3280 17524 659 1144 8293 12364 1060 1338 6898 3520 17525 119 13857 1896 3388 122 2527
1880 4656 448 861 494 1430 254 244 249 250 328 327 281 214 38 248 1866 129 416 651 291 2912 1199 251 263 4 1868 237 493 16 4541 863 158 1412 241 984 411 240 1416 243 629
1881 234 467 298 6228 504 6250 2832 4768 228 466 6249 1541 249 263 211 1386 861 4326 3224 6010 17528 269 4 266 258 7342 2717 248 261 909 275 257 106 38 125 156 1867 1131 1600 2496
1882 17535 9535 831 13720 9966 1495 1155 806 14716 17530 8857 11173 13064 17532 9413 17539 17538 657 8006 17394 8141 17533 5376 320 7736 183 2408 8204 823 391 3626 13118 1050 17537 1184 820 3243 2306 17534 17536
1883 5 1409 15765 7824 4348 17546 17552 6316 7742 4133 12020 418 17553 3802 6010 17542 14273 17549 922 3504 13941 13975 4104 1417 4826 17544 279 15763 17540 17543 7825 1360 17547 2159 17551 17554 2173 1393 15034 17541
1884 1471 174 10989 1334 386 1729 3521 171 374 5133 2068 664 3144 2216 9348 156 176 378 389 148 3043 166 7367 998 1903 559 572 1349 6894 144 122 1192 14757 3168 377 2992 375 183 145 1473
1885 680 1328 2767 17558 1319 674 1386 2717 5891 1331 816 683 2826 685 4158 2786 3705 17557 7783 678 7794 8965 4300 8435 1600 5563 4875 668 2832 9975 2671 2280 2283 867 1197 3590 2279 656 3383 2718
1886 17563 5367 321 2376 411 2388 5369 16854 12052 17564 1422 2912 4814 1419 414 291 2590 2373 238 3676 249 416 293 17566 629 488 3017 17560 38 17559 4769 2380 17565 3459 408 4969 1407 17561 313 8378
1887 17581 17567 8085 8347 8088 17569 17587 8094 9153 17591 17578 17592 4709 15239 17584 8074 17573 17570 17585 16950 2249 2268 17574 11806 1077 17595 17593 17588 17594 6650 17586 17577 8101 17597 17572 17571 17575 11108 17580 17589
1888 14099 17599 454 152 1041 17600 147 169 391 115 157 5913 815 799 122 121 1471 665 1343 146 386 1465 186 139 5174 3583 483 7578 807 3414 702 467 1026 4099 3555 112 3046 37 17601 103
1889 172 170 4940 8 112 1335 166 4225 3891 16991 807 9946 30 12273 1908 366 384 1353 1471 177 2509 175 2074 659 3388 1103 5 1372 3709 4861 21 148 391 115 382 156 155 152 932 174
1890 17615 17608 2597 357 17610 17604 1798 695 1901 17602 6038 17614 3069 7897 17609 4581 3256 17622 17606 17607 16922 3640 17613 3262 12248 17603 17611 1877 4898 17618 5725 16319 2744 17617 3812 1875 87 17612 17616 13115
1891 8174 17627 12989 8180 2680 17629 15542 2696 6350 2705 7997 17628 3967 1237 6723 9601 17625 8178 2703 12991 2679 1205 1216 7999 4707 7996 3623 17630 17624 8000 9413 1062 1085 7585 17631 8005 17626 8182 1232 7593
